Invoice_ID,Invoice_Date,Supplier_Name,Category,Subcategory,Spend_EUR,Business_Unit,Contract_Status
INV-2025-00001,2025-04-13,Strategic Partner 07,IT & Software,Hardware,5633.32,North America,Active Contract
INV-2025-00002,2025-03-29,Vendor 294,Direct Materials,Electronic Components,12287.79,Nordics,Active Contract
INV-2025-00003,2025-06-10,Strategic Partner 27,Direct Materials,Polymers,6755.86,Nordics,Active Contract
INV-2025-00004,2025-07-07,Strategic Partner 12,Direct Materials,Polymers,25437.62,Nordics,Active Contract
INV-2025-00005,2025-05-11,Strategic Partner 04,Professional Services,Audit,23712.05,Nordics,No Contract
INV-2025-00006,2025-09-22,Strategic Partner 07,Direct Materials,Polymers,47773.23,Central Europe,Active Contract
INV-2025-00007,2025-02-04,Strategic Partner 06,Professional Services,Management Consulting,23965.91,Central Europe,Active Contract
INV-2025-00008,2025-07-10,Vendor 271,Professional Services,Management Consulting,695.34,Nordics,Active Contract
INV-2025-00009,2025-07-09,Vendor 217,Direct Materials,Raw Metals,2106.02,Nordics,No Contract
INV-2025-00010,2025-02-10,Vendor 129,Direct Materials,Raw Metals,163.84,Nordics,Active Contract
INV-2025-00011,2025-05-19,Strategic Partner 10,Direct Materials,Electronic Components,6078.75,North America,Active Contract
INV-2025-00012,2025-05-15,Strategic Partner 30,Professional Services,Management Consulting,35696.89,Nordics,Active Contract
INV-2025-00013,2025-12-26,Strategic Partner 14,Direct Materials,Electronic Components,34979.04,Central Europe,Active Contract
INV-2025-00014,2025-09-12,Strategic Partner 10,Direct Materials,Electronic Components,8632.37,Central Europe,Active Contract
INV-2025-00015,2025-12-18,Vendor 231,Logistics & Freight,Road Transport,3671.87,Central Europe,No Contract
INV-2025-00016,2025-02-05,Strategic Partner 02,Facilities & MRO,Office Supplies,11761.42,Nordics,Active Contract
INV-2025-00017,2025-05-14,Strategic Partner 23,Logistics & Freight,Ocean Freight,12568.27,North America,Active Contract
INV-2025-00018,2025-08-13,Vendor 233,Direct Materials,Electronic Components,599.78,Central Europe,No Contract
INV-2025-00019,2025-05-17,Strategic Partner 15,Logistics & Freight,Road Transport,9171.96,Nordics,Active Contract
INV-2025-00020,2025-08-21,Vendor 295,Direct Materials,Polymers,1044.83,APAC,No Contract
INV-2025-00021,2025-04-23,Strategic Partner 22,Facilities & MRO,Office Supplies,13580.72,Central Europe,Active Contract
INV-2025-00022,2025-05-06,Strategic Partner 04,Direct Materials,Polymers,14537.18,APAC,Active Contract
INV-2025-00023,2025-09-12,Strategic Partner 11,Professional Services,Legal,43029.94,Central Europe,Active Contract
INV-2025-00024,2025-07-20,Vendor 252,Direct Materials,Polymers,191.82,Central Europe,No Contract
INV-2025-00025,2025-05-27,Strategic Partner 07,Direct Materials,Electronic Components,6698.61,Nordics,No Contract
INV-2025-00026,2025-05-31,Strategic Partner 26,Logistics & Freight,Ocean Freight,21174.63,Nordics,No Contract
INV-2025-00027,2025-01-02,Vendor 009,Facilities & MRO,Cleaning Services,3162.92,North America,No Contract
INV-2025-00028,2025-07-27,Strategic Partner 11,Professional Services,Management Consulting,41467.57,North America,No Contract
INV-2025-00029,2025-04-14,Vendor 153,Logistics & Freight,Warehousing,588.29,Nordics,Active Contract
INV-2025-00030,2025-12-04,Strategic Partner 01,Logistics & Freight,Warehousing,20025.21,Central Europe,Active Contract
INV-2025-00031,2025-10-31,Strategic Partner 16,IT & Software,Hardware,14460.41,North America,Active Contract
INV-2025-00032,2025-01-22,Strategic Partner 08,Direct Materials,Polymers,42595.63,APAC,Active Contract
INV-2025-00033,2025-10-13,Strategic Partner 29,Logistics & Freight,Warehousing,24216.05,Central Europe,Active Contract
INV-2025-00034,2025-07-11,Strategic Partner 14,Logistics & Freight,Road Transport,14557.18,APAC,Active Contract
INV-2025-00035,2025-08-21,Vendor 099,Facilities & MRO,Maintenance,345.84,Central Europe,No Contract
INV-2025-00036,2025-09-10,Strategic Partner 18,Direct Materials,Electronic Components,71782.34,Nordics,Active Contract
INV-2025-00037,2025-02-27,Strategic Partner 22,Facilities & MRO,Cleaning Services,10331.23,Nordics,Active Contract
INV-2025-00038,2025-09-30,Strategic Partner 29,Professional Services,Legal,16608.74,North America,Active Contract
INV-2025-00039,2025-11-02,Strategic Partner 04,Professional Services,Legal,29242.98,Nordics,Active Contract
INV-2025-00040,2025-05-22,Strategic Partner 23,Professional Services,Audit,12943.1,Nordics,Active Contract
INV-2025-00041,2025-07-05,Vendor 180,Logistics & Freight,Road Transport,1053.38,North America,Active Contract
INV-2025-00042,2025-04-11,Vendor 103,Logistics & Freight,Road Transport,282.66,Nordics,Active Contract
INV-2025-00043,2025-12-16,Strategic Partner 18,Logistics & Freight,Warehousing,12750.49,Nordics,Active Contract
INV-2025-00044,2025-05-25,Strategic Partner 05,Direct Materials,Electronic Components,5108.27,Central Europe,Active Contract
INV-2025-00045,2025-05-07,Vendor 239,IT & Software,Cloud Infrastructure,2141.98,Nordics,No Contract
INV-2025-00046,2025-02-17,Vendor 192,Direct Materials,Raw Metals,2515.08,Nordics,No Contract
INV-2025-00047,2025-09-04,Vendor 185,Direct Materials,Polymers,390.72,Nordics,No Contract
INV-2025-00048,2025-02-16,Strategic Partner 16,Direct Materials,Polymers,19912.95,APAC,Active Contract
INV-2025-00049,2025-02-08,Strategic Partner 10,Direct Materials,Polymers,57438.58,Central Europe,No Contract
INV-2025-00050,2025-06-29,Strategic Partner 24,Direct Materials,Polymers,7446.32,APAC,Active Contract
INV-2025-00051,2025-10-07,Strategic Partner 27,Facilities & MRO,Cleaning Services,31265.61,Nordics,Active Contract
INV-2025-00052,2025-06-12,Vendor 268,Logistics & Freight,Road Transport,8272.73,North America,No Contract
INV-2025-00053,2025-11-26,Strategic Partner 02,Direct Materials,Raw Metals,27074.99,Nordics,Active Contract
INV-2025-00054,2025-08-03,Strategic Partner 02,Direct Materials,Raw Metals,20131.33,North America,Active Contract
INV-2025-00055,2025-11-10,Strategic Partner 25,IT & Software,Cloud Infrastructure,11283.35,APAC,Active Contract
INV-2025-00056,2025-12-23,Strategic Partner 18,IT & Software,Hardware,24719.92,APAC,Active Contract
INV-2025-00057,2025-05-31,Strategic Partner 23,Facilities & MRO,Maintenance,5720.94,Nordics,Active Contract
INV-2025-00058,2025-09-30,Vendor 177,Logistics & Freight,Road Transport,8107.66,Nordics,Active Contract
INV-2025-00059,2025-03-17,Strategic Partner 26,Direct Materials,Polymers,17875.37,Central Europe,Active Contract
INV-2025-00060,2025-04-09,Vendor 144,Logistics & Freight,Warehousing,389.09,Nordics,No Contract
INV-2025-00061,2025-02-11,Strategic Partner 23,Facilities & MRO,Cleaning Services,33590.06,Central Europe,Active Contract
INV-2025-00062,2025-08-27,Vendor 230,Direct Materials,Polymers,3168.02,North America,Active Contract
INV-2025-00063,2025-06-19,Strategic Partner 05,Direct Materials,Electronic Components,24765.34,North America,Active Contract
INV-2025-00064,2025-12-31,Vendor 132,Direct Materials,Raw Metals,3229.06,APAC,No Contract
INV-2025-00065,2025-10-02,Strategic Partner 19,IT & Software,SaaS Subscriptions,19962.63,North America,Active Contract
INV-2025-00066,2025-05-21,Strategic Partner 29,Direct Materials,Polymers,37085.12,Nordics,Active Contract
INV-2025-00067,2025-12-14,Strategic Partner 01,Facilities & MRO,Office Supplies,85571.75,Central Europe,Active Contract
INV-2025-00068,2025-02-13,Vendor 213,Facilities & MRO,Maintenance,341.65,Nordics,No Contract
INV-2025-00069,2025-08-15,Strategic Partner 14,IT & Software,Cloud Infrastructure,140004.23,Central Europe,Active Contract
INV-2025-00070,2025-02-23,Strategic Partner 16,Logistics & Freight,Warehousing,18204.38,Nordics,Active Contract
INV-2025-00071,2025-06-05,Strategic Partner 26,Direct Materials,Polymers,10729.04,Nordics,Active Contract
INV-2025-00072,2025-12-23,Strategic Partner 01,Facilities & MRO,Office Supplies,26081.74,Central Europe,Active Contract
INV-2025-00073,2025-08-28,Vendor 256,Direct Materials,Polymers,6438.72,Nordics,No Contract
INV-2025-00074,2025-01-10,Strategic Partner 24,Facilities & MRO,Cleaning Services,44591.19,Central Europe,Active Contract
INV-2025-00075,2025-08-12,Strategic Partner 22,Facilities & MRO,Office Supplies,24045.91,Central Europe,Active Contract
INV-2025-00076,2025-04-08,Strategic Partner 06,Direct Materials,Electronic Components,22107.83,Nordics,Active Contract
INV-2025-00077,2025-05-13,Vendor 202,Facilities & MRO,Maintenance,860.38,Central Europe,No Contract
INV-2025-00078,2025-03-19,Strategic Partner 30,Direct Materials,Raw Metals,38367.26,APAC,Active Contract
INV-2025-00079,2025-02-03,Strategic Partner 22,Direct Materials,Electronic Components,12196.19,Central Europe,Active Contract
INV-2025-00080,2025-02-23,Strategic Partner 16,Facilities & MRO,Cleaning Services,16641.28,North America,Active Contract
INV-2025-00081,2025-08-17,Vendor 192,Logistics & Freight,Ocean Freight,1229.22,North America,Active Contract
INV-2025-00082,2025-04-08,Vendor 249,Logistics & Freight,Warehousing,3977.18,Central Europe,No Contract
INV-2025-00083,2025-01-30,Vendor 138,Logistics & Freight,Warehousing,1843.76,Central Europe,No Contract
INV-2025-00084,2025-12-06,Strategic Partner 30,Logistics & Freight,Ocean Freight,9865.71,Central Europe,Active Contract
INV-2025-00085,2025-04-21,Strategic Partner 16,Direct Materials,Electronic Components,8018.66,Central Europe,Active Contract
INV-2025-00086,2025-07-03,Vendor 061,Direct Materials,Electronic Components,254.32,Central Europe,Active Contract
INV-2025-00087,2025-01-05,Strategic Partner 01,Direct Materials,Polymers,14001.08,Nordics,Active Contract
INV-2025-00088,2025-02-15,Strategic Partner 26,Direct Materials,Polymers,27714.84,Nordics,Active Contract
INV-2025-00089,2025-08-27,Strategic Partner 26,Logistics & Freight,Warehousing,5207.59,APAC,Active Contract
INV-2025-00090,2025-12-21,Vendor 014,Direct Materials,Electronic Components,1300.78,Central Europe,No Contract
INV-2025-00091,2025-08-04,Strategic Partner 07,IT & Software,SaaS Subscriptions,49518.2,Nordics,Active Contract
INV-2025-00092,2025-12-29,Strategic Partner 19,Logistics & Freight,Road Transport,10841.87,North America,Active Contract
INV-2025-00093,2025-01-28,Strategic Partner 30,Direct Materials,Raw Metals,58302.0,North America,Active Contract
INV-2025-00094,2025-07-31,Strategic Partner 15,Logistics & Freight,Ocean Freight,36373.16,North America,Active Contract
INV-2025-00095,2025-04-21,Strategic Partner 05,IT & Software,Cloud Infrastructure,28955.62,Central Europe,Active Contract
INV-2025-00096,2025-08-14,Strategic Partner 01,Direct Materials,Electronic Components,9383.04,APAC,Active Contract
INV-2025-00097,2025-03-11,Strategic Partner 24,Direct Materials,Polymers,5090.89,Nordics,Active Contract
INV-2025-00098,2025-08-31,Strategic Partner 02,Direct Materials,Raw Metals,65342.31,APAC,Active Contract
INV-2025-00099,2025-12-01,Vendor 062,Professional Services,Legal,2184.13,Central Europe,No Contract
INV-2025-00100,2025-01-26,Strategic Partner 19,Direct Materials,Raw Metals,36318.57,Nordics,Active Contract
INV-2025-00101,2025-05-20,Strategic Partner 30,Direct Materials,Polymers,19403.03,North America,Active Contract
INV-2025-00102,2025-09-16,Strategic Partner 10,Direct Materials,Polymers,12728.25,Central Europe,No Contract
INV-2025-00103,2025-05-10,Vendor 038,Direct Materials,Electronic Components,1222.61,Central Europe,No Contract
INV-2025-00104,2025-11-01,Vendor 137,Professional Services,Management Consulting,1341.98,Nordics,Active Contract
INV-2025-00105,2025-01-01,Vendor 267,IT & Software,SaaS Subscriptions,712.95,Nordics,No Contract
INV-2025-00106,2025-10-13,Strategic Partner 26,Professional Services,Legal,12502.12,North America,Active Contract
INV-2025-00107,2025-02-11,Vendor 125,Direct Materials,Electronic Components,3591.94,North America,No Contract
INV-2025-00108,2025-05-23,Strategic Partner 14,Logistics & Freight,Road Transport,9502.5,North America,Active Contract
INV-2025-00109,2025-02-08,Vendor 042,Direct Materials,Polymers,4100.0,Nordics,Active Contract
INV-2025-00110,2025-06-06,Vendor 038,Logistics & Freight,Ocean Freight,3218.79,North America,No Contract
INV-2025-00111,2025-10-16,Strategic Partner 10,Direct Materials,Polymers,46045.2,North America,Active Contract
INV-2025-00112,2025-06-08,Strategic Partner 29,Direct Materials,Raw Metals,19655.69,Nordics,Active Contract
INV-2025-00113,2025-11-20,Strategic Partner 04,IT & Software,SaaS Subscriptions,10252.09,Nordics,Active Contract
INV-2025-00114,2025-03-10,Strategic Partner 08,Professional Services,Management Consulting,11489.46,APAC,Active Contract
INV-2025-00115,2025-12-29,Strategic Partner 01,Direct Materials,Raw Metals,54417.34,Nordics,Active Contract
INV-2025-00116,2025-12-22,Vendor 106,Professional Services,Legal,1322.75,APAC,No Contract
INV-2025-00117,2025-02-20,Strategic Partner 14,IT & Software,Cloud Infrastructure,7523.68,APAC,Active Contract
INV-2025-00118,2025-07-01,Strategic Partner 08,Professional Services,Legal,14922.91,North America,Active Contract
INV-2025-00119,2025-11-05,Strategic Partner 20,Direct Materials,Raw Metals,66098.14,Nordics,Active Contract
INV-2025-00120,2025-07-29,Strategic Partner 12,Logistics & Freight,Warehousing,10133.0,Central Europe,Active Contract
INV-2025-00121,2025-01-25,Strategic Partner 29,Logistics & Freight,Ocean Freight,28009.77,Nordics,Active Contract
INV-2025-00122,2025-06-05,Vendor 177,Direct Materials,Raw Metals,5076.59,Nordics,No Contract
INV-2025-00123,2025-03-04,Strategic Partner 30,Facilities & MRO,Maintenance,8890.07,Nordics,Active Contract
INV-2025-00124,2025-07-30,Strategic Partner 30,Direct Materials,Polymers,25135.17,Nordics,Active Contract
INV-2025-00125,2025-09-14,Strategic Partner 17,IT & Software,Hardware,23504.09,Central Europe,Active Contract
INV-2025-00126,2025-11-15,Vendor 266,Direct Materials,Raw Metals,2732.06,Nordics,No Contract
INV-2025-00127,2025-03-28,Strategic Partner 25,Facilities & MRO,Cleaning Services,9569.04,North America,Active Contract
INV-2025-00128,2025-09-12,Strategic Partner 19,Direct Materials,Polymers,9801.22,Nordics,Active Contract
INV-2025-00129,2025-10-18,Vendor 165,Direct Materials,Polymers,1453.84,Central Europe,Active Contract
INV-2025-00130,2025-11-07,Vendor 085,Professional Services,Audit,650.51,Central Europe,Active Contract
INV-2025-00131,2025-02-05,Vendor 011,Logistics & Freight,Ocean Freight,1343.85,North America,No Contract
INV-2025-00132,2025-04-29,Vendor 226,Direct Materials,Raw Metals,769.59,Nordics,No Contract
INV-2025-00133,2025-12-08,Strategic Partner 14,IT & Software,Cloud Infrastructure,8025.6,North America,Active Contract
INV-2025-00134,2025-04-25,Strategic Partner 07,Logistics & Freight,Road Transport,28894.75,Central Europe,Active Contract
INV-2025-00135,2025-01-04,Strategic Partner 11,Direct Materials,Raw Metals,21857.58,Nordics,Active Contract
INV-2025-00136,2025-02-11,Strategic Partner 06,Logistics & Freight,Ocean Freight,8780.06,Nordics,Active Contract
INV-2025-00137,2025-12-28,Vendor 168,Direct Materials,Electronic Components,2656.65,APAC,No Contract
INV-2025-00138,2025-11-05,Strategic Partner 30,Direct Materials,Raw Metals,4202.62,North America,Active Contract
INV-2025-00139,2025-11-06,Vendor 029,IT & Software,Hardware,1001.63,Nordics,No Contract
INV-2025-00140,2025-06-13,Vendor 055,IT & Software,Hardware,7054.8,Central Europe,No Contract
INV-2025-00141,2025-03-10,Strategic Partner 03,Logistics & Freight,Ocean Freight,49836.36,Nordics,Active Contract
INV-2025-00142,2025-12-31,Strategic Partner 09,Direct Materials,Raw Metals,16309.47,North America,Active Contract
INV-2025-00143,2025-03-02,Strategic Partner 18,IT & Software,SaaS Subscriptions,32661.22,Central Europe,Active Contract
INV-2025-00144,2025-04-12,Vendor 017,Logistics & Freight,Warehousing,1626.5,Nordics,No Contract
INV-2025-00145,2025-10-30,Vendor 215,Direct Materials,Electronic Components,2684.98,North America,No Contract
INV-2025-00146,2025-07-19,Strategic Partner 09,Direct Materials,Raw Metals,4005.63,Central Europe,No Contract
INV-2025-00147,2025-09-23,Strategic Partner 26,Logistics & Freight,Road Transport,6210.68,Nordics,Active Contract
INV-2025-00148,2025-01-07,Vendor 223,Direct Materials,Polymers,4803.57,Central Europe,No Contract
INV-2025-00149,2025-04-13,Strategic Partner 13,Direct Materials,Electronic Components,32791.95,Nordics,Active Contract
INV-2025-00150,2025-07-02,Strategic Partner 29,Direct Materials,Electronic Components,36471.51,Nordics,Active Contract
INV-2025-00151,2025-06-10,Strategic Partner 03,Professional Services,Management Consulting,3537.47,North America,Active Contract
INV-2025-00152,2025-09-04,Vendor 039,Direct Materials,Polymers,285.31,APAC,Active Contract
INV-2025-00153,2025-11-14,Strategic Partner 25,Logistics & Freight,Road Transport,16522.1,Central Europe,Active Contract
INV-2025-00154,2025-12-25,Strategic Partner 14,Logistics & Freight,Road Transport,50902.78,Nordics,Active Contract
INV-2025-00155,2025-05-26,Vendor 073,Direct Materials,Raw Metals,1392.43,Nordics,Active Contract
INV-2025-00156,2025-05-20,Strategic Partner 06,Facilities & MRO,Maintenance,56897.05,North America,No Contract
INV-2025-00157,2025-12-10,Vendor 260,Logistics & Freight,Road Transport,7300.02,APAC,Active Contract
INV-2025-00158,2025-03-04,Strategic Partner 02,Direct Materials,Electronic Components,3935.59,Central Europe,Active Contract
INV-2025-00159,2025-09-16,Vendor 177,Professional Services,Legal,2423.75,Nordics,No Contract
INV-2025-00160,2025-08-29,Strategic Partner 17,Direct Materials,Polymers,45297.83,Central Europe,Active Contract
INV-2025-00161,2025-09-26,Vendor 098,Direct Materials,Electronic Components,1390.54,Nordics,No Contract
INV-2025-00162,2025-05-03,Vendor 170,Direct Materials,Raw Metals,2812.28,Nordics,No Contract
INV-2025-00163,2025-09-18,Strategic Partner 08,IT & Software,SaaS Subscriptions,4250.34,Central Europe,Active Contract
INV-2025-00164,2025-02-06,Vendor 114,Direct Materials,Raw Metals,1787.64,North America,No Contract
INV-2025-00165,2025-12-15,Strategic Partner 27,Professional Services,Audit,36098.01,Nordics,Active Contract
INV-2025-00166,2025-08-04,Strategic Partner 13,IT & Software,Cloud Infrastructure,32889.49,Nordics,Active Contract
INV-2025-00167,2025-06-19,Strategic Partner 11,Direct Materials,Electronic Components,18659.19,North America,No Contract
INV-2025-00168,2025-01-31,Strategic Partner 07,Professional Services,Management Consulting,45589.19,North America,Active Contract
INV-2025-00169,2025-07-25,Strategic Partner 27,IT & Software,Hardware,27979.14,Nordics,No Contract
INV-2025-00170,2025-08-11,Strategic Partner 30,Direct Materials,Raw Metals,17151.45,North America,Active Contract
INV-2025-00171,2025-11-15,Strategic Partner 04,Direct Materials,Electronic Components,39834.91,APAC,Active Contract
INV-2025-00172,2025-11-20,Vendor 193,Direct Materials,Raw Metals,344.08,North America,Active Contract
INV-2025-00173,2025-07-29,Vendor 227,Professional Services,Audit,1359.7,APAC,No Contract
INV-2025-00174,2025-01-29,Vendor 058,Direct Materials,Polymers,582.73,Nordics,Active Contract
INV-2025-00175,2025-08-14,Vendor 271,Facilities & MRO,Maintenance,3107.83,Nordics,No Contract
INV-2025-00176,2025-10-15,Strategic Partner 03,Direct Materials,Polymers,7094.11,Nordics,No Contract
INV-2025-00177,2025-04-02,Strategic Partner 06,IT & Software,Hardware,17598.3,Central Europe,Active Contract
INV-2025-00178,2025-09-14,Strategic Partner 17,Direct Materials,Polymers,14492.48,Nordics,Active Contract
INV-2025-00179,2025-09-28,Strategic Partner 17,Logistics & Freight,Warehousing,7170.79,APAC,Active Contract
INV-2025-00180,2025-01-27,Strategic Partner 21,Professional Services,Audit,88671.55,Central Europe,Active Contract
INV-2025-00181,2025-02-15,Strategic Partner 12,Logistics & Freight,Ocean Freight,23434.49,Nordics,Active Contract
INV-2025-00182,2025-11-15,Vendor 064,IT & Software,Cloud Infrastructure,179.22,Nordics,No Contract
INV-2025-00183,2025-10-01,Strategic Partner 11,IT & Software,SaaS Subscriptions,52174.69,Central Europe,Active Contract
INV-2025-00184,2025-04-12,Strategic Partner 17,Professional Services,Audit,24151.89,Central Europe,Active Contract
INV-2025-00185,2025-03-21,Strategic Partner 28,Logistics & Freight,Road Transport,22102.24,Central Europe,Active Contract
INV-2025-00186,2025-08-21,Strategic Partner 07,Direct Materials,Raw Metals,23956.69,North America,Active Contract
INV-2025-00187,2025-06-23,Strategic Partner 17,IT & Software,Hardware,6316.01,Nordics,No Contract
INV-2025-00188,2025-05-03,Strategic Partner 09,Direct Materials,Polymers,54192.59,Central Europe,Active Contract
INV-2025-00189,2025-06-27,Strategic Partner 11,Logistics & Freight,Ocean Freight,22829.29,Central Europe,Active Contract
INV-2025-00190,2025-11-10,Strategic Partner 10,IT & Software,Hardware,35258.84,Central Europe,Active Contract
INV-2025-00191,2025-01-12,Strategic Partner 19,Direct Materials,Raw Metals,13270.58,Central Europe,No Contract
INV-2025-00192,2025-08-09,Strategic Partner 06,IT & Software,Hardware,9484.0,Nordics,Active Contract
INV-2025-00193,2025-12-18,Strategic Partner 03,Logistics & Freight,Warehousing,16549.3,Central Europe,Active Contract
INV-2025-00194,2025-07-26,Vendor 024,Direct Materials,Raw Metals,1211.37,North America,No Contract
INV-2025-00195,2025-12-30,Strategic Partner 04,IT & Software,SaaS Subscriptions,15584.47,North America,Active Contract
INV-2025-00196,2025-08-16,Strategic Partner 19,Professional Services,Management Consulting,63863.9,North America,Active Contract
INV-2025-00197,2025-09-25,Vendor 282,Direct Materials,Polymers,6143.13,Central Europe,No Contract
INV-2025-00198,2025-03-28,Strategic Partner 05,Logistics & Freight,Ocean Freight,17369.24,APAC,Active Contract
INV-2025-00199,2025-11-12,Strategic Partner 02,Direct Materials,Polymers,29397.68,Central Europe,Active Contract
INV-2025-00200,2025-12-11,Strategic Partner 01,Facilities & MRO,Cleaning Services,6506.67,North America,Active Contract
INV-2025-00201,2025-10-28,Strategic Partner 14,Direct Materials,Electronic Components,17890.42,Nordics,Active Contract
INV-2025-00202,2025-11-28,Strategic Partner 12,Professional Services,Legal,7569.3,Central Europe,Active Contract
INV-2025-00203,2025-10-11,Strategic Partner 17,Direct Materials,Raw Metals,43954.96,Nordics,Active Contract
INV-2025-00204,2025-06-05,Strategic Partner 18,Professional Services,Management Consulting,6280.38,Nordics,No Contract
INV-2025-00205,2025-10-20,Strategic Partner 05,Facilities & MRO,Maintenance,12500.64,Central Europe,No Contract
INV-2025-00206,2025-06-28,Strategic Partner 27,Direct Materials,Polymers,78816.02,Nordics,Active Contract
INV-2025-00207,2025-11-02,Strategic Partner 18,Facilities & MRO,Office Supplies,21995.27,Central Europe,Active Contract
INV-2025-00208,2025-05-31,Vendor 008,Direct Materials,Raw Metals,396.52,Nordics,No Contract
INV-2025-00209,2025-09-21,Strategic Partner 02,Direct Materials,Polymers,99145.69,North America,Active Contract
INV-2025-00210,2025-04-24,Strategic Partner 12,Direct Materials,Polymers,42680.95,North America,Active Contract
INV-2025-00211,2025-10-16,Strategic Partner 05,Logistics & Freight,Warehousing,13714.77,Central Europe,Active Contract
INV-2025-00212,2025-07-11,Vendor 269,Direct Materials,Raw Metals,2242.64,North America,No Contract
INV-2025-00213,2025-11-20,Strategic Partner 06,IT & Software,SaaS Subscriptions,55571.06,Nordics,Active Contract
INV-2025-00214,2025-10-06,Strategic Partner 07,Direct Materials,Electronic Components,12810.73,Nordics,Active Contract
INV-2025-00215,2025-03-17,Strategic Partner 25,Logistics & Freight,Warehousing,22724.22,Central Europe,Active Contract
INV-2025-00216,2025-10-18,Strategic Partner 14,Direct Materials,Polymers,18566.94,Central Europe,Active Contract
INV-2025-00217,2025-01-03,Strategic Partner 26,Logistics & Freight,Ocean Freight,7033.34,Central Europe,Active Contract
INV-2025-00218,2025-10-31,Strategic Partner 14,Logistics & Freight,Warehousing,80819.97,Nordics,Active Contract
INV-2025-00219,2025-01-21,Strategic Partner 15,Direct Materials,Electronic Components,68444.23,North America,Active Contract
INV-2025-00220,2025-09-28,Strategic Partner 29,Direct Materials,Raw Metals,21510.41,Nordics,Active Contract
INV-2025-00221,2025-01-27,Strategic Partner 30,Facilities & MRO,Office Supplies,10957.79,Central Europe,Active Contract
INV-2025-00222,2025-05-12,Strategic Partner 10,Professional Services,Management Consulting,8101.46,Nordics,Active Contract
INV-2025-00223,2025-11-08,Vendor 263,IT & Software,Cloud Infrastructure,1319.05,Nordics,No Contract
INV-2025-00224,2025-06-22,Strategic Partner 21,Logistics & Freight,Warehousing,9471.85,Nordics,Active Contract
INV-2025-00225,2025-01-09,Vendor 152,Logistics & Freight,Ocean Freight,825.82,Nordics,No Contract
INV-2025-00226,2025-10-20,Strategic Partner 25,Direct Materials,Electronic Components,27444.8,North America,Active Contract
INV-2025-00227,2025-08-30,Vendor 119,Direct Materials,Raw Metals,641.39,North America,No Contract
INV-2025-00228,2025-10-20,Strategic Partner 14,Logistics & Freight,Warehousing,4505.82,Central Europe,Active Contract
INV-2025-00229,2025-09-15,Strategic Partner 22,Direct Materials,Electronic Components,35230.72,Central Europe,Active Contract
INV-2025-00230,2025-10-07,Strategic Partner 07,Direct Materials,Electronic Components,10693.56,Central Europe,Active Contract
INV-2025-00231,2025-08-17,Strategic Partner 06,Professional Services,Audit,4798.78,Central Europe,Active Contract
INV-2025-00232,2025-02-18,Strategic Partner 08,Professional Services,Legal,29308.3,Nordics,Active Contract
INV-2025-00233,2025-10-27,Strategic Partner 12,Direct Materials,Electronic Components,23398.89,Nordics,Active Contract
INV-2025-00234,2025-12-20,Vendor 287,Direct Materials,Polymers,617.26,Central Europe,No Contract
INV-2025-00235,2025-04-16,Strategic Partner 16,Direct Materials,Raw Metals,42673.57,North America,Active Contract
INV-2025-00236,2025-05-24,Strategic Partner 05,Direct Materials,Electronic Components,39590.17,Nordics,Active Contract
INV-2025-00237,2025-11-17,Strategic Partner 08,Professional Services,Legal,6415.93,Nordics,Active Contract
INV-2025-00238,2025-09-29,Strategic Partner 23,Logistics & Freight,Ocean Freight,14162.51,Nordics,Active Contract
INV-2025-00239,2025-12-07,Strategic Partner 20,Direct Materials,Raw Metals,74350.18,Central Europe,Active Contract
INV-2025-00240,2025-11-07,Vendor 101,Direct Materials,Polymers,1888.64,Central Europe,No Contract
INV-2025-00241,2025-02-18,Strategic Partner 10,Direct Materials,Polymers,43987.82,Central Europe,Active Contract
INV-2025-00242,2025-12-02,Strategic Partner 02,Direct Materials,Polymers,9327.65,Nordics,Active Contract
INV-2025-00243,2025-07-25,Strategic Partner 22,Facilities & MRO,Cleaning Services,26308.66,North America,Active Contract
INV-2025-00244,2025-11-17,Strategic Partner 03,Logistics & Freight,Ocean Freight,6956.55,North America,Active Contract
INV-2025-00245,2025-04-27,Strategic Partner 04,Direct Materials,Raw Metals,40483.62,Nordics,Active Contract
INV-2025-00246,2025-05-08,Vendor 160,Direct Materials,Raw Metals,2566.25,APAC,Active Contract
INV-2025-00247,2025-03-01,Vendor 266,Direct Materials,Electronic Components,1807.04,Nordics,Active Contract
INV-2025-00248,2025-06-27,Strategic Partner 03,Direct Materials,Electronic Components,41161.45,APAC,Active Contract
INV-2025-00249,2025-09-20,Vendor 273,IT & Software,Cloud Infrastructure,773.73,Central Europe,Active Contract
INV-2025-00250,2025-08-09,Strategic Partner 20,Logistics & Freight,Ocean Freight,29538.39,Central Europe,Active Contract
INV-2025-00251,2025-01-07,Vendor 086,Logistics & Freight,Ocean Freight,864.48,North America,No Contract
INV-2025-00252,2025-03-03,Strategic Partner 23,Logistics & Freight,Ocean Freight,22159.63,North America,Active Contract
INV-2025-00253,2025-03-06,Vendor 173,Direct Materials,Polymers,1310.68,Nordics,Active Contract
INV-2025-00254,2025-07-07,Strategic Partner 26,Logistics & Freight,Road Transport,52999.2,North America,Active Contract
INV-2025-00255,2025-04-22,Strategic Partner 06,IT & Software,Hardware,81215.71,Nordics,Active Contract
INV-2025-00256,2025-04-23,Vendor 130,Facilities & MRO,Maintenance,884.82,Central Europe,No Contract
INV-2025-00257,2025-01-10,Strategic Partner 08,Facilities & MRO,Maintenance,28311.07,North America,Active Contract
INV-2025-00258,2025-03-20,Strategic Partner 12,Professional Services,Audit,31503.66,Central Europe,Active Contract
INV-2025-00259,2025-11-29,Strategic Partner 24,Direct Materials,Electronic Components,3905.47,North America,Active Contract
INV-2025-00260,2025-05-28,Vendor 211,IT & Software,SaaS Subscriptions,662.02,Central Europe,No Contract
INV-2025-00261,2025-09-18,Strategic Partner 06,Logistics & Freight,Ocean Freight,21072.52,North America,Active Contract
INV-2025-00262,2025-12-03,Strategic Partner 03,Direct Materials,Raw Metals,26863.64,APAC,Active Contract
INV-2025-00263,2025-03-19,Strategic Partner 18,Direct Materials,Raw Metals,6344.96,Central Europe,Active Contract
INV-2025-00264,2025-12-13,Vendor 288,Facilities & MRO,Cleaning Services,575.9,Central Europe,No Contract
INV-2025-00265,2025-01-10,Strategic Partner 27,Direct Materials,Polymers,15302.26,Nordics,Active Contract
INV-2025-00266,2025-04-24,Strategic Partner 19,Facilities & MRO,Cleaning Services,28948.1,APAC,Active Contract
INV-2025-00267,2025-05-02,Strategic Partner 15,Professional Services,Audit,38166.71,North America,Active Contract
INV-2025-00268,2025-05-29,Vendor 236,Facilities & MRO,Cleaning Services,1114.38,North America,Active Contract
INV-2025-00269,2025-05-30,Vendor 258,Facilities & MRO,Cleaning Services,3386.38,Central Europe,Active Contract
INV-2025-00270,2025-10-10,Vendor 278,Facilities & MRO,Office Supplies,2381.12,Central Europe,No Contract
INV-2025-00271,2025-07-03,Strategic Partner 07,Logistics & Freight,Ocean Freight,55417.43,Central Europe,Active Contract
INV-2025-00272,2025-08-17,Vendor 261,Direct Materials,Polymers,963.99,Central Europe,No Contract
INV-2025-00273,2025-08-12,Strategic Partner 14,Professional Services,Management Consulting,8207.14,Nordics,Active Contract
INV-2025-00274,2025-04-22,Vendor 012,IT & Software,SaaS Subscriptions,715.62,North America,No Contract
INV-2025-00275,2025-01-20,Strategic Partner 19,Direct Materials,Electronic Components,14483.89,North America,No Contract
INV-2025-00276,2025-05-12,Strategic Partner 21,IT & Software,SaaS Subscriptions,7911.71,Central Europe,Active Contract
INV-2025-00277,2025-07-21,Strategic Partner 07,Logistics & Freight,Road Transport,28703.3,Nordics,Active Contract
INV-2025-00278,2025-08-04,Strategic Partner 30,Direct Materials,Polymers,25867.86,Central Europe,Active Contract
INV-2025-00279,2025-06-08,Strategic Partner 22,Direct Materials,Electronic Components,37253.17,Central Europe,Active Contract
INV-2025-00280,2025-11-10,Strategic Partner 13,IT & Software,Hardware,12944.6,North America,Active Contract
INV-2025-00281,2025-07-02,Strategic Partner 27,Direct Materials,Electronic Components,36070.39,Nordics,Active Contract
INV-2025-00282,2025-04-28,Strategic Partner 15,Logistics & Freight,Road Transport,16186.79,Central Europe,Active Contract
INV-2025-00283,2025-03-19,Strategic Partner 25,IT & Software,Hardware,100362.82,Central Europe,Active Contract
INV-2025-00284,2025-09-16,Strategic Partner 06,Direct Materials,Raw Metals,11871.4,Central Europe,Active Contract
INV-2025-00285,2025-09-02,Vendor 049,Direct Materials,Electronic Components,7075.61,Central Europe,No Contract
INV-2025-00286,2025-12-22,Strategic Partner 01,Direct Materials,Polymers,3176.35,North America,Active Contract
INV-2025-00287,2025-10-24,Strategic Partner 04,Direct Materials,Raw Metals,11308.12,North America,Active Contract
INV-2025-00288,2025-04-16,Vendor 120,Direct Materials,Electronic Components,1309.88,Nordics,No Contract
INV-2025-00289,2025-04-16,Strategic Partner 24,Professional Services,Management Consulting,27169.83,Nordics,Active Contract
INV-2025-00290,2025-12-29,Strategic Partner 15,Direct Materials,Polymers,30250.46,Central Europe,Active Contract
INV-2025-00291,2025-05-28,Vendor 142,Direct Materials,Electronic Components,10097.69,Nordics,No Contract
INV-2025-00292,2025-03-23,Strategic Partner 19,Direct Materials,Electronic Components,76453.57,Nordics,Active Contract
INV-2025-00293,2025-06-10,Vendor 289,Direct Materials,Electronic Components,454.77,Nordics,No Contract
INV-2025-00294,2025-12-20,Vendor 017,Direct Materials,Electronic Components,790.93,Nordics,No Contract
INV-2025-00295,2025-04-08,Strategic Partner 25,Logistics & Freight,Road Transport,18511.16,Nordics,Active Contract
INV-2025-00296,2025-05-05,Vendor 138,IT & Software,Hardware,4099.57,Central Europe,No Contract
INV-2025-00297,2025-02-18,Strategic Partner 04,Direct Materials,Electronic Components,21317.26,North America,Active Contract
INV-2025-00298,2025-08-20,Strategic Partner 29,Professional Services,Management Consulting,107975.39,Nordics,Active Contract
INV-2025-00299,2025-01-26,Strategic Partner 08,Logistics & Freight,Ocean Freight,15387.28,Nordics,Active Contract
INV-2025-00300,2025-08-15,Strategic Partner 19,Direct Materials,Electronic Components,8441.75,North America,Active Contract
INV-2025-00301,2025-09-25,Strategic Partner 23,Logistics & Freight,Road Transport,8448.95,Central Europe,Active Contract
INV-2025-00302,2025-08-26,Strategic Partner 02,Logistics & Freight,Ocean Freight,51654.12,Central Europe,Active Contract
INV-2025-00303,2025-09-16,Strategic Partner 01,Professional Services,Audit,14301.86,APAC,Active Contract
INV-2025-00304,2025-06-25,Strategic Partner 09,Direct Materials,Polymers,20590.38,Central Europe,Active Contract
INV-2025-00305,2025-01-16,Strategic Partner 13,Facilities & MRO,Maintenance,148888.52,APAC,Active Contract
INV-2025-00306,2025-08-11,Strategic Partner 04,IT & Software,Hardware,58240.59,Central Europe,Active Contract
INV-2025-00307,2025-05-13,Vendor 134,Facilities & MRO,Maintenance,1093.47,Nordics,No Contract
INV-2025-00308,2025-12-30,Vendor 076,Logistics & Freight,Road Transport,627.18,Nordics,No Contract
INV-2025-00309,2025-10-04,Strategic Partner 20,Direct Materials,Polymers,36645.26,Nordics,Active Contract
INV-2025-00310,2025-12-04,Strategic Partner 17,IT & Software,Cloud Infrastructure,18932.75,Central Europe,Active Contract
INV-2025-00311,2025-09-28,Strategic Partner 02,Direct Materials,Raw Metals,3095.61,Nordics,Active Contract
INV-2025-00312,2025-02-16,Vendor 247,Direct Materials,Raw Metals,2724.22,Central Europe,No Contract
INV-2025-00313,2025-01-04,Strategic Partner 03,Professional Services,Audit,16119.16,Nordics,Active Contract
INV-2025-00314,2025-05-22,Vendor 207,Professional Services,Legal,6093.14,North America,No Contract
INV-2025-00315,2025-09-08,Strategic Partner 06,Direct Materials,Electronic Components,15015.98,Nordics,Active Contract
INV-2025-00316,2025-07-09,Strategic Partner 17,Direct Materials,Polymers,36667.62,North America,Active Contract
INV-2025-00317,2025-06-03,Strategic Partner 19,Facilities & MRO,Cleaning Services,33042.33,North America,Active Contract
INV-2025-00318,2025-10-11,Strategic Partner 28,Direct Materials,Electronic Components,11265.48,Central Europe,Active Contract
INV-2025-00319,2025-04-30,Strategic Partner 09,IT & Software,Cloud Infrastructure,18813.91,Nordics,Active Contract
INV-2025-00320,2025-03-30,Strategic Partner 30,Professional Services,Legal,4666.62,Nordics,Active Contract
INV-2025-00321,2025-09-21,Vendor 127,Professional Services,Legal,2044.57,Central Europe,No Contract
INV-2025-00322,2025-03-03,Strategic Partner 14,IT & Software,SaaS Subscriptions,21424.64,Central Europe,Active Contract
INV-2025-00323,2025-11-21,Strategic Partner 29,Direct Materials,Raw Metals,3829.76,Central Europe,Active Contract
INV-2025-00324,2025-02-04,Strategic Partner 08,Professional Services,Legal,17255.37,Nordics,Active Contract
INV-2025-00325,2025-02-16,Strategic Partner 08,Direct Materials,Electronic Components,17730.77,North America,No Contract
INV-2025-00326,2025-06-06,Strategic Partner 22,Logistics & Freight,Warehousing,91310.75,Central Europe,Active Contract
INV-2025-00327,2025-07-13,Strategic Partner 23,Direct Materials,Electronic Components,58520.52,North America,Active Contract
INV-2025-00328,2025-07-29,Strategic Partner 28,Direct Materials,Polymers,17967.08,Nordics,Active Contract
INV-2025-00329,2025-04-19,Strategic Partner 24,Logistics & Freight,Ocean Freight,22251.11,Central Europe,Active Contract
INV-2025-00330,2025-02-18,Vendor 090,Direct Materials,Polymers,1593.03,North America,No Contract
INV-2025-00331,2025-07-11,Strategic Partner 24,Logistics & Freight,Warehousing,26997.35,Nordics,Active Contract
INV-2025-00332,2025-12-10,Vendor 192,Logistics & Freight,Warehousing,12490.04,Central Europe,No Contract
INV-2025-00333,2025-11-29,Strategic Partner 12,Facilities & MRO,Maintenance,30788.11,Nordics,Active Contract
INV-2025-00334,2025-04-19,Vendor 250,Logistics & Freight,Road Transport,5117.26,North America,No Contract
INV-2025-00335,2025-06-23,Strategic Partner 20,Direct Materials,Raw Metals,6039.72,North America,Active Contract
INV-2025-00336,2025-06-10,Strategic Partner 08,Logistics & Freight,Ocean Freight,4841.37,Nordics,Active Contract
INV-2025-00337,2025-08-31,Strategic Partner 10,Direct Materials,Electronic Components,25514.17,Central Europe,Active Contract
INV-2025-00338,2025-09-23,Strategic Partner 28,Logistics & Freight,Warehousing,28394.29,APAC,Active Contract
INV-2025-00339,2025-04-27,Vendor 258,Professional Services,Management Consulting,1520.6,North America,Active Contract
INV-2025-00340,2025-08-23,Vendor 062,Logistics & Freight,Road Transport,1200.82,Nordics,No Contract
INV-2025-00341,2025-10-06,Strategic Partner 18,Professional Services,Management Consulting,5019.8,North America,Active Contract
INV-2025-00342,2025-03-14,Strategic Partner 03,Direct Materials,Polymers,24643.88,Central Europe,Active Contract
INV-2025-00343,2025-02-10,Strategic Partner 25,Direct Materials,Electronic Components,15479.6,Central Europe,Active Contract
INV-2025-00344,2025-06-16,Strategic Partner 01,Logistics & Freight,Road Transport,7194.49,Central Europe,Active Contract
INV-2025-00345,2025-06-06,Strategic Partner 27,Logistics & Freight,Ocean Freight,12320.74,Central Europe,Active Contract
INV-2025-00346,2025-10-21,Strategic Partner 06,Professional Services,Management Consulting,32140.79,North America,Active Contract
INV-2025-00347,2025-12-31,Strategic Partner 11,Facilities & MRO,Cleaning Services,5614.64,Nordics,Active Contract
INV-2025-00348,2025-12-29,Strategic Partner 29,Direct Materials,Polymers,11535.68,Nordics,Active Contract
INV-2025-00349,2025-05-02,Strategic Partner 06,Direct Materials,Polymers,46819.34,Nordics,Active Contract
INV-2025-00350,2025-10-12,Strategic Partner 16,Direct Materials,Electronic Components,100937.19,Nordics,Active Contract
INV-2025-00351,2025-11-01,Vendor 042,Logistics & Freight,Road Transport,3236.2,North America,No Contract
INV-2025-00352,2025-09-07,Strategic Partner 11,Direct Materials,Polymers,13665.06,Central Europe,Active Contract
INV-2025-00353,2025-04-02,Strategic Partner 11,Logistics & Freight,Road Transport,41126.08,Central Europe,Active Contract
INV-2025-00354,2025-04-09,Strategic Partner 05,Professional Services,Management Consulting,7003.75,Central Europe,Active Contract
INV-2025-00355,2025-01-05,Vendor 117,Logistics & Freight,Ocean Freight,1240.3,Nordics,No Contract
INV-2025-00356,2025-02-16,Strategic Partner 05,Professional Services,Legal,11066.07,North America,Active Contract
INV-2025-00357,2025-02-15,Strategic Partner 16,Direct Materials,Polymers,38123.81,Nordics,Active Contract
INV-2025-00358,2025-03-11,Strategic Partner 30,Logistics & Freight,Ocean Freight,15216.03,Central Europe,Active Contract
INV-2025-00359,2025-07-22,Vendor 219,Professional Services,Audit,4543.67,Central Europe,No Contract
INV-2025-00360,2025-08-27,Vendor 116,Logistics & Freight,Road Transport,2705.51,Central Europe,Active Contract
INV-2025-00361,2025-08-13,Strategic Partner 05,Professional Services,Audit,27627.12,Nordics,Active Contract
INV-2025-00362,2025-10-14,Strategic Partner 11,IT & Software,SaaS Subscriptions,21728.45,Central Europe,Active Contract
INV-2025-00363,2025-11-16,Vendor 286,Direct Materials,Polymers,172.26,Nordics,No Contract
INV-2025-00364,2025-01-19,Strategic Partner 07,Direct Materials,Polymers,13455.49,North America,Active Contract
INV-2025-00365,2025-02-06,Vendor 188,IT & Software,Cloud Infrastructure,3782.32,Nordics,No Contract
INV-2025-00366,2025-06-13,Strategic Partner 14,IT & Software,Hardware,32071.28,Nordics,Active Contract
INV-2025-00367,2025-12-24,Strategic Partner 02,Direct Materials,Electronic Components,5660.17,Central Europe,Active Contract
INV-2025-00368,2025-12-24,Vendor 144,Direct Materials,Raw Metals,542.21,Central Europe,No Contract
INV-2025-00369,2025-01-13,Strategic Partner 08,IT & Software,Hardware,7131.58,Nordics,Active Contract
INV-2025-00370,2025-02-24,Vendor 233,Professional Services,Legal,235.62,Central Europe,Active Contract
INV-2025-00371,2025-02-22,Vendor 023,Direct Materials,Raw Metals,1662.6,Nordics,No Contract
INV-2025-00372,2025-02-23,Vendor 053,Direct Materials,Polymers,2160.2,Nordics,No Contract
INV-2025-00373,2025-07-10,Strategic Partner 23,Direct Materials,Electronic Components,56425.11,North America,Active Contract
INV-2025-00374,2025-09-05,Strategic Partner 25,Logistics & Freight,Warehousing,20891.42,Nordics,Active Contract
INV-2025-00375,2025-06-03,Strategic Partner 18,IT & Software,SaaS Subscriptions,13401.93,North America,Active Contract
INV-2025-00376,2025-11-16,Strategic Partner 09,Direct Materials,Electronic Components,12398.19,North America,Active Contract
INV-2025-00377,2025-04-10,Vendor 112,Professional Services,Audit,2960.9,Central Europe,No Contract
INV-2025-00378,2025-07-05,Strategic Partner 24,Direct Materials,Raw Metals,6744.88,Nordics,Active Contract
INV-2025-00379,2025-08-01,Strategic Partner 11,IT & Software,Cloud Infrastructure,33311.93,Nordics,No Contract
INV-2025-00380,2025-04-04,Vendor 101,Direct Materials,Electronic Components,1365.82,Central Europe,No Contract
INV-2025-00381,2025-02-10,Vendor 013,Logistics & Freight,Ocean Freight,4467.46,Central Europe,No Contract
INV-2025-00382,2025-01-31,Strategic Partner 24,IT & Software,Cloud Infrastructure,42770.38,Central Europe,Active Contract
INV-2025-00383,2025-12-09,Vendor 292,Logistics & Freight,Ocean Freight,1098.13,Nordics,No Contract
INV-2025-00384,2025-05-29,Vendor 252,IT & Software,SaaS Subscriptions,2898.03,Nordics,Active Contract
INV-2025-00385,2025-02-18,Strategic Partner 10,Direct Materials,Polymers,14914.39,Central Europe,Active Contract
INV-2025-00386,2025-10-07,Strategic Partner 25,Professional Services,Legal,13021.0,Nordics,Active Contract
INV-2025-00387,2025-09-25,Vendor 188,Logistics & Freight,Road Transport,3741.96,Central Europe,No Contract
INV-2025-00388,2025-04-29,Strategic Partner 12,IT & Software,Hardware,3427.32,Nordics,Active Contract
INV-2025-00389,2025-07-06,Strategic Partner 21,Direct Materials,Raw Metals,36583.42,Nordics,Active Contract
INV-2025-00390,2025-01-07,Strategic Partner 21,Direct Materials,Polymers,94429.14,Central Europe,Active Contract
INV-2025-00391,2025-04-21,Strategic Partner 24,IT & Software,Hardware,15687.67,North America,Active Contract
INV-2025-00392,2025-05-12,Strategic Partner 28,Professional Services,Legal,4539.35,Nordics,Active Contract
INV-2025-00393,2025-08-06,Strategic Partner 20,Logistics & Freight,Road Transport,85264.9,Nordics,Active Contract
INV-2025-00394,2025-01-28,Strategic Partner 10,IT & Software,Cloud Infrastructure,49964.73,Nordics,Active Contract
INV-2025-00395,2025-10-28,Strategic Partner 15,Direct Materials,Raw Metals,28737.81,North America,Active Contract
INV-2025-00396,2025-11-17,Strategic Partner 15,Direct Materials,Polymers,32279.55,Nordics,Active Contract
INV-2025-00397,2025-10-09,Strategic Partner 24,Direct Materials,Raw Metals,82212.96,Central Europe,Active Contract
INV-2025-00398,2025-08-14,Vendor 294,Direct Materials,Raw Metals,3726.71,APAC,No Contract
INV-2025-00399,2025-03-19,Strategic Partner 06,Logistics & Freight,Road Transport,8867.3,Central Europe,Active Contract
INV-2025-00400,2025-08-23,Vendor 011,IT & Software,Cloud Infrastructure,2840.52,APAC,No Contract
INV-2025-00401,2025-06-18,Strategic Partner 27,Direct Materials,Electronic Components,24072.51,Central Europe,No Contract
INV-2025-00402,2025-05-19,Strategic Partner 22,Logistics & Freight,Ocean Freight,3357.29,Central Europe,Active Contract
INV-2025-00403,2025-04-18,Strategic Partner 11,IT & Software,Hardware,97643.47,Nordics,Active Contract
INV-2025-00404,2025-09-04,Vendor 094,Direct Materials,Polymers,2896.03,Central Europe,No Contract
INV-2025-00405,2025-07-06,Strategic Partner 09,Facilities & MRO,Cleaning Services,41360.68,North America,Active Contract
INV-2025-00406,2025-06-05,Vendor 055,Direct Materials,Electronic Components,400.65,Nordics,No Contract
INV-2025-00407,2025-04-11,Strategic Partner 10,Direct Materials,Raw Metals,7175.2,Central Europe,Active Contract
INV-2025-00408,2025-09-04,Strategic Partner 07,Professional Services,Audit,15458.36,Central Europe,Active Contract
INV-2025-00409,2025-04-27,Strategic Partner 14,Direct Materials,Electronic Components,125129.67,APAC,Active Contract
INV-2025-00410,2025-12-15,Vendor 257,Logistics & Freight,Warehousing,6409.89,Central Europe,Active Contract
INV-2025-00411,2025-04-26,Strategic Partner 26,Direct Materials,Electronic Components,7009.44,Nordics,No Contract
INV-2025-00412,2025-08-25,Strategic Partner 21,Direct Materials,Raw Metals,38550.76,North America,Active Contract
INV-2025-00413,2025-04-19,Vendor 133,Direct Materials,Electronic Components,3939.48,APAC,No Contract
INV-2025-00414,2025-12-28,Strategic Partner 09,Professional Services,Management Consulting,25522.89,Nordics,Active Contract
INV-2025-00415,2025-02-15,Strategic Partner 03,Direct Materials,Raw Metals,16165.92,Nordics,Active Contract
INV-2025-00416,2025-10-07,Strategic Partner 24,Professional Services,Audit,46543.94,Nordics,Active Contract
INV-2025-00417,2025-10-17,Strategic Partner 13,Professional Services,Audit,6420.33,Nordics,Active Contract
INV-2025-00418,2025-11-14,Strategic Partner 05,Logistics & Freight,Road Transport,8596.1,Central Europe,Active Contract
INV-2025-00419,2025-04-13,Vendor 038,Direct Materials,Raw Metals,2708.55,Central Europe,No Contract
INV-2025-00420,2025-06-18,Vendor 025,Professional Services,Audit,941.71,Central Europe,No Contract
INV-2025-00421,2025-07-04,Strategic Partner 16,Direct Materials,Electronic Components,15488.7,APAC,Active Contract
INV-2025-00422,2025-05-29,Vendor 032,Direct Materials,Electronic Components,3942.51,Central Europe,Active Contract
INV-2025-00423,2025-01-09,Strategic Partner 16,Direct Materials,Polymers,34331.19,Central Europe,Active Contract
INV-2025-00424,2025-12-23,Strategic Partner 17,Direct Materials,Raw Metals,46934.87,North America,No Contract
INV-2025-00425,2025-04-14,Vendor 167,Direct Materials,Electronic Components,1206.29,Central Europe,No Contract
INV-2025-00426,2025-09-08,Strategic Partner 20,Direct Materials,Raw Metals,6163.88,Nordics,Active Contract
INV-2025-00427,2025-02-18,Strategic Partner 17,IT & Software,Hardware,7449.34,Central Europe,Active Contract
INV-2025-00428,2025-02-01,Vendor 078,Direct Materials,Polymers,8937.91,Nordics,No Contract
INV-2025-00429,2025-07-08,Vendor 168,Direct Materials,Electronic Components,1906.96,Central Europe,Active Contract
INV-2025-00430,2025-10-10,Vendor 147,Logistics & Freight,Road Transport,503.09,APAC,No Contract
INV-2025-00431,2025-03-30,Vendor 007,Direct Materials,Electronic Components,6994.87,Nordics,No Contract
INV-2025-00432,2025-04-24,Strategic Partner 08,Professional Services,Audit,22899.37,Central Europe,Active Contract
INV-2025-00433,2025-05-06,Strategic Partner 01,Direct Materials,Raw Metals,55590.18,Nordics,Active Contract
INV-2025-00434,2025-03-10,Strategic Partner 09,Direct Materials,Electronic Components,13103.76,Nordics,Active Contract
INV-2025-00435,2025-02-16,Strategic Partner 15,Direct Materials,Raw Metals,40966.62,Central Europe,Active Contract
INV-2025-00436,2025-05-08,Vendor 057,IT & Software,Cloud Infrastructure,1645.12,Nordics,Active Contract
INV-2025-00437,2025-07-21,Vendor 169,Direct Materials,Polymers,3198.18,Central Europe,No Contract
INV-2025-00438,2025-08-07,Strategic Partner 25,Logistics & Freight,Warehousing,27903.68,Nordics,Active Contract
INV-2025-00439,2025-10-07,Strategic Partner 27,IT & Software,SaaS Subscriptions,78615.24,Nordics,Active Contract
INV-2025-00440,2025-02-10,Strategic Partner 30,Direct Materials,Electronic Components,33417.36,Central Europe,Active Contract
INV-2025-00441,2025-05-14,Strategic Partner 06,Direct Materials,Polymers,10905.34,Central Europe,Active Contract
INV-2025-00442,2025-09-15,Strategic Partner 21,Professional Services,Legal,36345.89,Nordics,No Contract
INV-2025-00443,2025-02-17,Strategic Partner 13,Direct Materials,Polymers,3387.87,Central Europe,Active Contract
INV-2025-00444,2025-03-09,Vendor 073,Facilities & MRO,Maintenance,672.3,Central Europe,No Contract
INV-2025-00445,2025-10-15,Strategic Partner 22,Direct Materials,Polymers,58194.84,Nordics,Active Contract
INV-2025-00446,2025-12-07,Strategic Partner 09,Professional Services,Audit,142732.03,Nordics,Active Contract
INV-2025-00447,2025-12-14,Vendor 168,Logistics & Freight,Road Transport,4414.45,Central Europe,No Contract
INV-2025-00448,2025-04-21,Strategic Partner 14,IT & Software,Hardware,10110.84,Nordics,Active Contract
INV-2025-00449,2025-10-23,Strategic Partner 11,Direct Materials,Polymers,14638.36,North America,Active Contract
INV-2025-00450,2025-05-18,Vendor 077,Professional Services,Audit,1416.45,North America,No Contract
INV-2025-00451,2025-12-24,Strategic Partner 10,IT & Software,Hardware,8773.64,Central Europe,Active Contract
INV-2025-00452,2025-04-17,Vendor 037,Logistics & Freight,Road Transport,4020.7,North America,No Contract
INV-2025-00453,2025-12-07,Vendor 168,Direct Materials,Polymers,2769.72,Nordics,No Contract
INV-2025-00454,2025-02-06,Strategic Partner 11,IT & Software,SaaS Subscriptions,8612.95,North America,Active Contract
INV-2025-00455,2025-08-02,Strategic Partner 28,Logistics & Freight,Road Transport,39144.82,Central Europe,Active Contract
INV-2025-00456,2025-08-30,Strategic Partner 05,Direct Materials,Polymers,74412.87,Nordics,Active Contract
INV-2025-00457,2025-08-30,Strategic Partner 04,Professional Services,Legal,12269.6,North America,Active Contract
INV-2025-00458,2025-10-10,Vendor 052,Logistics & Freight,Warehousing,4552.35,Nordics,No Contract
INV-2025-00459,2025-10-29,Strategic Partner 10,Professional Services,Legal,9592.1,Nordics,Active Contract
INV-2025-00460,2025-08-01,Strategic Partner 22,Professional Services,Management Consulting,42555.98,Central Europe,Active Contract
INV-2025-00461,2025-03-28,Strategic Partner 22,Professional Services,Audit,18367.15,Central Europe,Active Contract
INV-2025-00462,2025-03-28,Strategic Partner 13,Direct Materials,Polymers,3049.85,Nordics,Active Contract
INV-2025-00463,2025-05-14,Strategic Partner 17,IT & Software,SaaS Subscriptions,35957.84,Nordics,Active Contract
INV-2025-00464,2025-05-02,Strategic Partner 28,Direct Materials,Electronic Components,7565.97,Nordics,Active Contract
INV-2025-00465,2025-02-16,Vendor 152,Direct Materials,Electronic Components,2184.78,Nordics,No Contract
INV-2025-00466,2025-06-24,Strategic Partner 15,IT & Software,Cloud Infrastructure,8693.45,Central Europe,Active Contract
INV-2025-00467,2025-12-20,Strategic Partner 15,Direct Materials,Polymers,26262.14,Central Europe,Active Contract
INV-2025-00468,2025-11-16,Strategic Partner 07,Facilities & MRO,Office Supplies,39183.08,Nordics,Active Contract
INV-2025-00469,2025-01-07,Strategic Partner 17,IT & Software,Hardware,30963.73,Central Europe,Active Contract
INV-2025-00470,2025-07-26,Strategic Partner 25,Professional Services,Audit,32873.3,Central Europe,Active Contract
INV-2025-00471,2025-11-08,Strategic Partner 12,Professional Services,Legal,42202.39,North America,Active Contract
INV-2025-00472,2025-07-25,Vendor 139,Logistics & Freight,Warehousing,1376.85,North America,Active Contract
INV-2025-00473,2025-08-20,Vendor 204,Direct Materials,Polymers,3547.49,Nordics,Active Contract
INV-2025-00474,2025-12-01,Strategic Partner 13,Direct Materials,Raw Metals,17205.73,APAC,Active Contract
INV-2025-00475,2025-08-09,Strategic Partner 14,Logistics & Freight,Road Transport,4779.71,Central Europe,Active Contract
INV-2025-00476,2025-03-03,Vendor 235,Direct Materials,Electronic Components,4768.06,Central Europe,No Contract
INV-2025-00477,2025-12-14,Strategic Partner 25,Logistics & Freight,Ocean Freight,16881.24,North America,Active Contract
INV-2025-00478,2025-11-10,Strategic Partner 20,IT & Software,Cloud Infrastructure,30804.41,Nordics,Active Contract
INV-2025-00479,2025-07-11,Strategic Partner 28,IT & Software,Hardware,7319.55,Nordics,Active Contract
INV-2025-00480,2025-08-03,Vendor 245,Logistics & Freight,Road Transport,575.42,Central Europe,No Contract
INV-2025-00481,2025-06-19,Strategic Partner 27,Direct Materials,Electronic Components,25892.98,Nordics,Active Contract
INV-2025-00482,2025-04-04,Strategic Partner 17,Professional Services,Management Consulting,6586.67,Central Europe,Active Contract
INV-2025-00483,2025-12-12,Strategic Partner 06,Logistics & Freight,Ocean Freight,28317.41,North America,Active Contract
INV-2025-00484,2025-08-10,Strategic Partner 26,Direct Materials,Polymers,29584.2,Nordics,Active Contract
INV-2025-00485,2025-10-05,Vendor 279,Direct Materials,Raw Metals,4012.74,North America,No Contract
INV-2025-00486,2025-12-23,Strategic Partner 22,IT & Software,Cloud Infrastructure,55837.53,Central Europe,Active Contract
INV-2025-00487,2025-06-12,Strategic Partner 24,Professional Services,Management Consulting,21049.01,Central Europe,Active Contract
INV-2025-00488,2025-09-12,Vendor 182,Professional Services,Legal,8698.17,North America,No Contract
INV-2025-00489,2025-01-27,Vendor 061,Facilities & MRO,Office Supplies,15260.37,APAC,No Contract
INV-2025-00490,2025-06-12,Vendor 187,Logistics & Freight,Road Transport,1452.24,Nordics,No Contract
INV-2025-00491,2025-10-31,Vendor 114,Direct Materials,Polymers,1073.88,Nordics,No Contract
INV-2025-00492,2025-07-02,Vendor 197,Professional Services,Audit,2360.38,Nordics,No Contract
INV-2025-00493,2025-01-25,Strategic Partner 10,Direct Materials,Raw Metals,24618.57,North America,Active Contract
INV-2025-00494,2025-02-17,Strategic Partner 05,Logistics & Freight,Warehousing,18838.26,APAC,Active Contract
INV-2025-00495,2025-05-29,Vendor 014,Facilities & MRO,Cleaning Services,1666.34,North America,Active Contract
INV-2025-00496,2025-06-04,Vendor 133,IT & Software,SaaS Subscriptions,2733.86,Nordics,Active Contract
INV-2025-00497,2025-12-11,Vendor 260,Logistics & Freight,Ocean Freight,720.91,Central Europe,No Contract
INV-2025-00498,2025-08-02,Strategic Partner 20,Logistics & Freight,Road Transport,3632.08,North America,Active Contract
INV-2025-00499,2025-02-28,Vendor 156,IT & Software,SaaS Subscriptions,1434.94,Central Europe,No Contract
INV-2025-00500,2025-11-18,Strategic Partner 11,Logistics & Freight,Ocean Freight,13959.7,Central Europe,Active Contract
INV-2025-00501,2025-05-30,Strategic Partner 20,IT & Software,Cloud Infrastructure,56621.34,Central Europe,Active Contract
INV-2025-00502,2025-11-14,Strategic Partner 27,Logistics & Freight,Road Transport,11440.01,APAC,Active Contract
INV-2025-00503,2025-03-14,Strategic Partner 23,Facilities & MRO,Maintenance,73659.57,North America,Active Contract
INV-2025-00504,2025-08-10,Strategic Partner 17,Direct Materials,Electronic Components,72501.51,Central Europe,Active Contract
INV-2025-00505,2025-01-11,Strategic Partner 20,IT & Software,Hardware,74348.64,Nordics,Active Contract
INV-2025-00506,2025-02-21,Strategic Partner 08,Direct Materials,Electronic Components,11156.02,APAC,Active Contract
INV-2025-00507,2025-12-26,Strategic Partner 07,Direct Materials,Raw Metals,13912.16,Nordics,Active Contract
INV-2025-00508,2025-01-13,Vendor 166,Direct Materials,Raw Metals,570.83,Nordics,No Contract
INV-2025-00509,2025-10-05,Strategic Partner 30,Logistics & Freight,Warehousing,24729.16,North America,Active Contract
INV-2025-00510,2025-05-08,Strategic Partner 23,Direct Materials,Electronic Components,18385.4,Nordics,Active Contract
INV-2025-00511,2025-11-09,Strategic Partner 13,IT & Software,Cloud Infrastructure,22809.69,Central Europe,Active Contract
INV-2025-00512,2025-04-16,Strategic Partner 09,Direct Materials,Electronic Components,3398.74,Nordics,No Contract
INV-2025-00513,2025-03-23,Strategic Partner 19,Logistics & Freight,Road Transport,6111.08,Central Europe,Active Contract
INV-2025-00514,2025-02-17,Strategic Partner 30,Direct Materials,Electronic Components,58155.46,Central Europe,Active Contract
INV-2025-00515,2025-08-17,Strategic Partner 22,Logistics & Freight,Road Transport,23111.04,Central Europe,Active Contract
INV-2025-00516,2025-10-08,Strategic Partner 28,IT & Software,Hardware,51148.41,Nordics,Active Contract
INV-2025-00517,2025-05-11,Strategic Partner 06,Direct Materials,Polymers,24172.64,APAC,No Contract
INV-2025-00518,2025-07-04,Vendor 076,IT & Software,Hardware,4812.78,APAC,No Contract
INV-2025-00519,2025-09-12,Strategic Partner 21,Direct Materials,Raw Metals,10181.02,Nordics,Active Contract
INV-2025-00520,2025-01-13,Strategic Partner 13,Logistics & Freight,Ocean Freight,10709.71,North America,Active Contract
INV-2025-00521,2025-09-30,Vendor 264,Direct Materials,Polymers,4002.26,APAC,No Contract
INV-2025-00522,2025-09-26,Vendor 002,Logistics & Freight,Road Transport,1948.33,North America,No Contract
INV-2025-00523,2025-10-13,Vendor 269,Facilities & MRO,Cleaning Services,3748.11,Nordics,No Contract
INV-2025-00524,2025-04-22,Vendor 202,Direct Materials,Electronic Components,479.26,Central Europe,No Contract
INV-2025-00525,2025-06-29,Vendor 001,Direct Materials,Raw Metals,3653.36,Central Europe,No Contract
INV-2025-00526,2025-07-27,Vendor 072,Direct Materials,Electronic Components,3123.73,Central Europe,No Contract
INV-2025-00527,2025-04-17,Strategic Partner 17,Professional Services,Management Consulting,23323.97,Nordics,Active Contract
INV-2025-00528,2025-08-01,Strategic Partner 06,Logistics & Freight,Warehousing,46841.16,APAC,Active Contract
INV-2025-00529,2025-11-06,Strategic Partner 17,Direct Materials,Raw Metals,11695.57,Nordics,Active Contract
INV-2025-00530,2025-04-14,Strategic Partner 06,Facilities & MRO,Office Supplies,27164.35,Central Europe,Active Contract
INV-2025-00531,2025-10-20,Strategic Partner 26,Professional Services,Management Consulting,31338.93,Nordics,Active Contract
INV-2025-00532,2025-04-15,Strategic Partner 14,Direct Materials,Polymers,17620.69,North America,Active Contract
INV-2025-00533,2025-07-29,Strategic Partner 16,Facilities & MRO,Maintenance,8531.48,APAC,Active Contract
INV-2025-00534,2025-05-17,Vendor 025,Direct Materials,Electronic Components,674.93,Nordics,No Contract
INV-2025-00535,2025-04-28,Strategic Partner 19,IT & Software,SaaS Subscriptions,45512.51,Central Europe,Active Contract
INV-2025-00536,2025-10-10,Vendor 044,Direct Materials,Electronic Components,1437.11,Central Europe,No Contract
INV-2025-00537,2025-12-17,Strategic Partner 16,Direct Materials,Electronic Components,8286.85,Nordics,Active Contract
INV-2025-00538,2025-06-07,Vendor 214,Facilities & MRO,Maintenance,1812.94,Central Europe,Active Contract
INV-2025-00539,2025-10-21,Strategic Partner 14,IT & Software,SaaS Subscriptions,24903.03,Nordics,Active Contract
INV-2025-00540,2025-03-11,Strategic Partner 21,Professional Services,Audit,23902.66,Nordics,Active Contract
INV-2025-00541,2025-05-31,Vendor 200,IT & Software,SaaS Subscriptions,4185.88,Central Europe,No Contract
INV-2025-00542,2025-01-05,Strategic Partner 13,Direct Materials,Raw Metals,9413.48,Central Europe,Active Contract
INV-2025-00543,2025-02-28,Strategic Partner 11,Logistics & Freight,Road Transport,5724.87,Central Europe,Active Contract
INV-2025-00544,2025-03-31,Strategic Partner 28,IT & Software,Hardware,10516.51,Central Europe,No Contract
INV-2025-00545,2025-08-11,Strategic Partner 25,IT & Software,Hardware,18308.96,Nordics,Active Contract
INV-2025-00546,2025-02-09,Strategic Partner 22,Facilities & MRO,Maintenance,37179.9,Nordics,Active Contract
INV-2025-00547,2025-01-22,Strategic Partner 17,Logistics & Freight,Road Transport,8863.31,North America,Active Contract
INV-2025-00548,2025-05-25,Strategic Partner 14,Professional Services,Management Consulting,44309.38,APAC,Active Contract
INV-2025-00549,2025-11-06,Strategic Partner 03,IT & Software,Cloud Infrastructure,31423.37,Central Europe,Active Contract
INV-2025-00550,2025-02-27,Vendor 020,IT & Software,Cloud Infrastructure,2804.45,Central Europe,Active Contract
INV-2025-00551,2025-08-30,Vendor 044,Facilities & MRO,Maintenance,2522.01,APAC,Active Contract
INV-2025-00552,2025-08-27,Strategic Partner 03,IT & Software,Cloud Infrastructure,47840.63,Central Europe,Active Contract
INV-2025-00553,2025-12-26,Strategic Partner 01,Direct Materials,Raw Metals,37660.2,Nordics,Active Contract
INV-2025-00554,2025-11-10,Strategic Partner 04,Logistics & Freight,Road Transport,3739.72,Nordics,Active Contract
INV-2025-00555,2025-07-09,Vendor 287,Direct Materials,Polymers,1105.7,Nordics,Active Contract
INV-2025-00556,2025-09-28,Vendor 071,IT & Software,Cloud Infrastructure,6354.89,Nordics,No Contract
INV-2025-00557,2025-05-05,Strategic Partner 18,Logistics & Freight,Warehousing,16985.43,Nordics,Active Contract
INV-2025-00558,2025-03-01,Vendor 122,Direct Materials,Polymers,434.64,Nordics,Active Contract
INV-2025-00559,2025-04-03,Strategic Partner 09,Professional Services,Management Consulting,24276.75,North America,Active Contract
INV-2025-00560,2025-04-22,Strategic Partner 17,Professional Services,Audit,12801.85,Nordics,Active Contract
INV-2025-00561,2025-12-03,Vendor 291,IT & Software,Cloud Infrastructure,1427.95,North America,No Contract
INV-2025-00562,2025-09-04,Vendor 076,Direct Materials,Electronic Components,3062.25,North America,No Contract
INV-2025-00563,2025-04-23,Strategic Partner 15,Direct Materials,Raw Metals,20173.94,Nordics,Active Contract
INV-2025-00564,2025-08-03,Strategic Partner 25,Direct Materials,Polymers,35204.93,Nordics,Active Contract
INV-2025-00565,2025-11-10,Strategic Partner 20,Direct Materials,Electronic Components,4997.94,Nordics,Active Contract
INV-2025-00566,2025-01-11,Strategic Partner 30,Professional Services,Management Consulting,68249.44,APAC,Active Contract
INV-2025-00567,2025-10-25,Strategic Partner 18,Facilities & MRO,Office Supplies,35840.72,Nordics,Active Contract
INV-2025-00568,2025-05-24,Strategic Partner 12,Direct Materials,Electronic Components,23880.16,Nordics,Active Contract
INV-2025-00569,2025-09-03,Strategic Partner 08,Logistics & Freight,Warehousing,14738.97,Central Europe,Active Contract
INV-2025-00570,2025-03-04,Vendor 253,Direct Materials,Raw Metals,900.7,North America,No Contract
INV-2025-00571,2025-01-08,Vendor 151,Facilities & MRO,Cleaning Services,3640.54,Nordics,Active Contract
INV-2025-00572,2025-06-29,Strategic Partner 15,Logistics & Freight,Road Transport,7399.56,North America,Active Contract
INV-2025-00573,2025-04-16,Strategic Partner 20,Direct Materials,Raw Metals,13637.57,North America,Active Contract
INV-2025-00574,2025-08-12,Strategic Partner 19,IT & Software,Cloud Infrastructure,8374.28,North America,Active Contract
INV-2025-00575,2025-11-14,Strategic Partner 09,Facilities & MRO,Cleaning Services,16246.13,Nordics,Active Contract
INV-2025-00576,2025-03-11,Strategic Partner 04,Professional Services,Audit,4158.81,North America,Active Contract
INV-2025-00577,2025-12-09,Strategic Partner 12,IT & Software,Cloud Infrastructure,125595.46,Nordics,Active Contract
INV-2025-00578,2025-04-16,Strategic Partner 03,Logistics & Freight,Warehousing,53266.84,Nordics,Active Contract
INV-2025-00579,2025-12-05,Strategic Partner 02,Facilities & MRO,Cleaning Services,23766.12,Central Europe,Active Contract
INV-2025-00580,2025-05-24,Strategic Partner 01,Logistics & Freight,Warehousing,5621.42,APAC,Active Contract
INV-2025-00581,2025-11-23,Strategic Partner 11,Direct Materials,Polymers,11705.89,Nordics,No Contract
INV-2025-00582,2025-06-30,Strategic Partner 19,IT & Software,SaaS Subscriptions,99761.9,Central Europe,Active Contract
INV-2025-00583,2025-06-20,Strategic Partner 17,Facilities & MRO,Office Supplies,39292.6,Nordics,No Contract
INV-2025-00584,2025-11-12,Strategic Partner 10,Direct Materials,Polymers,9642.56,Nordics,Active Contract
INV-2025-00585,2025-11-29,Strategic Partner 16,IT & Software,SaaS Subscriptions,6252.93,Nordics,Active Contract
INV-2025-00586,2025-08-30,Strategic Partner 25,Direct Materials,Raw Metals,13085.61,APAC,No Contract
INV-2025-00587,2025-03-17,Strategic Partner 20,Direct Materials,Polymers,40565.7,Nordics,Active Contract
INV-2025-00588,2025-05-04,Strategic Partner 14,IT & Software,SaaS Subscriptions,43994.71,Nordics,Active Contract
INV-2025-00589,2025-04-11,Strategic Partner 14,Logistics & Freight,Road Transport,25964.33,Nordics,Active Contract
INV-2025-00590,2025-06-11,Vendor 022,Professional Services,Management Consulting,3141.94,Nordics,No Contract
INV-2025-00591,2025-12-22,Strategic Partner 06,Logistics & Freight,Road Transport,3027.82,North America,Active Contract
INV-2025-00592,2025-05-03,Strategic Partner 14,Direct Materials,Raw Metals,4084.95,Central Europe,Active Contract
INV-2025-00593,2025-12-03,Strategic Partner 15,IT & Software,SaaS Subscriptions,47523.21,Nordics,Active Contract
INV-2025-00594,2025-02-13,Strategic Partner 27,Logistics & Freight,Road Transport,58456.12,North America,Active Contract
INV-2025-00595,2025-09-02,Strategic Partner 30,IT & Software,Cloud Infrastructure,50620.53,Central Europe,Active Contract
INV-2025-00596,2025-09-08,Strategic Partner 25,Professional Services,Legal,30435.41,Central Europe,Active Contract
INV-2025-00597,2025-11-21,Strategic Partner 12,Direct Materials,Raw Metals,7866.85,Nordics,Active Contract
INV-2025-00598,2025-02-23,Strategic Partner 20,Direct Materials,Raw Metals,44845.92,Nordics,Active Contract
INV-2025-00599,2025-02-27,Strategic Partner 06,Logistics & Freight,Road Transport,32657.72,Central Europe,Active Contract
INV-2025-00600,2025-06-10,Strategic Partner 20,Logistics & Freight,Warehousing,38007.0,Central Europe,Active Contract
INV-2025-00601,2025-09-17,Strategic Partner 13,Direct Materials,Electronic Components,39471.5,North America,Active Contract
INV-2025-00602,2025-02-21,Strategic Partner 20,Logistics & Freight,Road Transport,21535.52,North America,Active Contract
INV-2025-00603,2025-04-25,Vendor 211,Logistics & Freight,Warehousing,9419.95,Nordics,No Contract
INV-2025-00604,2025-07-26,Strategic Partner 11,Logistics & Freight,Ocean Freight,20235.35,Nordics,Active Contract
INV-2025-00605,2025-08-18,Strategic Partner 20,IT & Software,Cloud Infrastructure,14346.27,APAC,Active Contract
INV-2025-00606,2025-09-24,Vendor 140,Professional Services,Legal,6207.34,North America,No Contract
INV-2025-00607,2025-02-15,Vendor 054,IT & Software,Cloud Infrastructure,2964.93,APAC,No Contract
INV-2025-00608,2025-03-16,Strategic Partner 22,Facilities & MRO,Office Supplies,42017.96,Central Europe,Active Contract
INV-2025-00609,2025-01-28,Strategic Partner 19,Logistics & Freight,Road Transport,7539.62,Nordics,Active Contract
INV-2025-00610,2025-02-04,Strategic Partner 20,IT & Software,Cloud Infrastructure,6058.32,Nordics,Active Contract
INV-2025-00611,2025-08-05,Strategic Partner 22,Direct Materials,Polymers,4585.38,Central Europe,Active Contract
INV-2025-00612,2025-03-28,Vendor 169,Direct Materials,Electronic Components,911.12,Central Europe,Active Contract
INV-2025-00613,2025-11-02,Strategic Partner 02,Direct Materials,Raw Metals,27187.53,Nordics,Active Contract
INV-2025-00614,2025-08-06,Vendor 291,Direct Materials,Electronic Components,883.45,Central Europe,Active Contract
INV-2025-00615,2025-10-19,Strategic Partner 25,Logistics & Freight,Warehousing,11786.0,Central Europe,Active Contract
INV-2025-00616,2025-01-16,Strategic Partner 17,Logistics & Freight,Warehousing,12609.36,Central Europe,Active Contract
INV-2025-00617,2025-02-08,Strategic Partner 12,Logistics & Freight,Ocean Freight,14149.14,Nordics,Active Contract
INV-2025-00618,2025-03-31,Strategic Partner 26,Direct Materials,Electronic Components,7874.64,Central Europe,No Contract
INV-2025-00619,2025-03-11,Strategic Partner 30,Logistics & Freight,Ocean Freight,30887.66,Central Europe,No Contract
INV-2025-00620,2025-02-02,Strategic Partner 22,Direct Materials,Polymers,45102.26,Central Europe,Active Contract
INV-2025-00621,2025-06-10,Strategic Partner 21,Logistics & Freight,Road Transport,6398.25,Central Europe,Active Contract
INV-2025-00622,2025-05-15,Strategic Partner 27,Professional Services,Management Consulting,17546.88,Nordics,Active Contract
INV-2025-00623,2025-07-29,Strategic Partner 12,Direct Materials,Polymers,18689.43,North America,No Contract
INV-2025-00624,2025-07-04,Strategic Partner 28,Direct Materials,Electronic Components,3360.86,APAC,Active Contract
INV-2025-00625,2025-09-22,Strategic Partner 10,Direct Materials,Polymers,48386.54,Nordics,Active Contract
INV-2025-00626,2025-09-08,Strategic Partner 03,IT & Software,Hardware,8650.38,Central Europe,Active Contract
INV-2025-00627,2025-02-04,Vendor 067,Direct Materials,Electronic Components,4718.15,North America,No Contract
INV-2025-00628,2025-12-06,Strategic Partner 23,Logistics & Freight,Warehousing,133450.66,Nordics,Active Contract
INV-2025-00629,2025-01-09,Vendor 102,Logistics & Freight,Road Transport,5976.53,Nordics,No Contract
INV-2025-00630,2025-04-23,Strategic Partner 08,Logistics & Freight,Road Transport,5008.23,Nordics,Active Contract
INV-2025-00631,2025-01-12,Strategic Partner 04,Facilities & MRO,Cleaning Services,116922.2,North America,Active Contract
INV-2025-00632,2025-01-25,Strategic Partner 27,Direct Materials,Raw Metals,30749.49,Nordics,Active Contract
INV-2025-00633,2025-06-28,Strategic Partner 28,Direct Materials,Electronic Components,7872.48,Central Europe,Active Contract
INV-2025-00634,2025-11-19,Strategic Partner 30,Facilities & MRO,Cleaning Services,7643.31,North America,Active Contract
INV-2025-00635,2025-05-28,Strategic Partner 13,Direct Materials,Electronic Components,66915.74,Nordics,Active Contract
INV-2025-00636,2025-04-24,Vendor 026,Logistics & Freight,Warehousing,4589.07,North America,No Contract
INV-2025-00637,2025-08-04,Strategic Partner 24,Direct Materials,Electronic Components,13168.88,North America,Active Contract
INV-2025-00638,2025-08-08,Strategic Partner 20,Direct Materials,Electronic Components,4536.71,Nordics,Active Contract
INV-2025-00639,2025-04-09,Strategic Partner 30,Direct Materials,Electronic Components,144563.44,Central Europe,Active Contract
INV-2025-00640,2025-01-16,Strategic Partner 12,Logistics & Freight,Warehousing,24203.5,Nordics,Active Contract
INV-2025-00641,2025-10-09,Strategic Partner 19,Professional Services,Legal,19531.65,Central Europe,Active Contract
INV-2025-00642,2025-12-18,Strategic Partner 21,Direct Materials,Electronic Components,23156.32,Nordics,Active Contract
INV-2025-00643,2025-10-28,Strategic Partner 07,Direct Materials,Electronic Components,23746.69,North America,Active Contract
INV-2025-00644,2025-05-14,Vendor 090,Direct Materials,Raw Metals,499.61,Central Europe,No Contract
INV-2025-00645,2025-06-26,Strategic Partner 28,Direct Materials,Raw Metals,11498.41,APAC,Active Contract
INV-2025-00646,2025-10-24,Strategic Partner 11,Logistics & Freight,Road Transport,73957.21,Nordics,Active Contract
INV-2025-00647,2025-12-21,Strategic Partner 29,Direct Materials,Electronic Components,10312.77,Central Europe,Active Contract
INV-2025-00648,2025-01-01,Strategic Partner 02,Direct Materials,Raw Metals,25717.07,Central Europe,Active Contract
INV-2025-00649,2025-07-30,Strategic Partner 19,Logistics & Freight,Ocean Freight,7997.03,APAC,Active Contract
INV-2025-00650,2025-12-26,Strategic Partner 21,Direct Materials,Polymers,26890.14,Central Europe,Active Contract
INV-2025-00651,2025-02-17,Strategic Partner 20,Direct Materials,Electronic Components,3367.92,Nordics,Active Contract
INV-2025-00652,2025-11-25,Strategic Partner 26,Logistics & Freight,Warehousing,3508.58,North America,No Contract
INV-2025-00653,2025-04-09,Strategic Partner 18,Logistics & Freight,Road Transport,45331.23,Central Europe,Active Contract
INV-2025-00654,2025-09-17,Strategic Partner 03,Facilities & MRO,Cleaning Services,9569.24,Nordics,Active Contract
INV-2025-00655,2025-01-09,Strategic Partner 13,Direct Materials,Electronic Components,16457.61,Nordics,Active Contract
INV-2025-00656,2025-02-06,Strategic Partner 24,Direct Materials,Raw Metals,27214.04,North America,No Contract
INV-2025-00657,2025-11-16,Strategic Partner 05,Logistics & Freight,Warehousing,32413.45,Nordics,Active Contract
INV-2025-00658,2025-10-03,Vendor 122,Direct Materials,Raw Metals,729.26,Nordics,No Contract
INV-2025-00659,2025-03-11,Strategic Partner 05,Direct Materials,Electronic Components,15993.52,Central Europe,Active Contract
INV-2025-00660,2025-11-14,Vendor 035,IT & Software,Cloud Infrastructure,654.72,Nordics,No Contract
INV-2025-00661,2025-12-24,Strategic Partner 15,Logistics & Freight,Ocean Freight,44834.84,Nordics,Active Contract
INV-2025-00662,2025-07-29,Strategic Partner 13,Direct Materials,Electronic Components,41437.66,North America,Active Contract
INV-2025-00663,2025-02-05,Strategic Partner 25,Direct Materials,Polymers,30667.9,APAC,Active Contract
INV-2025-00664,2025-11-27,Strategic Partner 11,Logistics & Freight,Warehousing,6692.21,Nordics,Active Contract
INV-2025-00665,2025-03-31,Vendor 179,Direct Materials,Polymers,1088.26,Central Europe,No Contract
INV-2025-00666,2025-02-28,Vendor 196,Professional Services,Legal,2692.7,North America,No Contract
INV-2025-00667,2025-08-25,Strategic Partner 07,Direct Materials,Electronic Components,7606.44,APAC,Active Contract
INV-2025-00668,2025-11-27,Vendor 187,IT & Software,Cloud Infrastructure,1694.63,Nordics,No Contract
INV-2025-00669,2025-02-17,Vendor 253,Professional Services,Audit,532.86,Nordics,No Contract
INV-2025-00670,2025-01-24,Vendor 079,Direct Materials,Polymers,2992.05,Central Europe,No Contract
INV-2025-00671,2025-10-19,Vendor 189,Direct Materials,Electronic Components,176.93,Nordics,Active Contract
INV-2025-00672,2025-08-29,Strategic Partner 25,Direct Materials,Polymers,7581.84,Nordics,Active Contract
INV-2025-00673,2025-07-11,Strategic Partner 02,Logistics & Freight,Ocean Freight,30202.66,Nordics,Active Contract
INV-2025-00674,2025-02-25,Vendor 272,Logistics & Freight,Road Transport,2948.67,Central Europe,No Contract
INV-2025-00675,2025-09-30,Strategic Partner 02,Direct Materials,Electronic Components,12333.6,North America,Active Contract
INV-2025-00676,2025-11-21,Strategic Partner 05,Direct Materials,Electronic Components,5784.61,Nordics,Active Contract
INV-2025-00677,2025-12-29,Strategic Partner 06,Professional Services,Management Consulting,55225.68,North America,Active Contract
INV-2025-00678,2025-11-23,Strategic Partner 29,Facilities & MRO,Maintenance,14743.09,North America,Active Contract
INV-2025-00679,2025-02-01,Strategic Partner 06,IT & Software,SaaS Subscriptions,9619.87,Nordics,Active Contract
INV-2025-00680,2025-12-28,Vendor 113,Direct Materials,Raw Metals,2964.34,Nordics,No Contract
INV-2025-00681,2025-03-20,Vendor 196,IT & Software,SaaS Subscriptions,1800.4,Nordics,No Contract
INV-2025-00682,2025-04-16,Strategic Partner 14,Logistics & Freight,Ocean Freight,52680.2,Nordics,Active Contract
INV-2025-00683,2025-10-12,Strategic Partner 10,IT & Software,SaaS Subscriptions,45713.41,North America,Active Contract
INV-2025-00684,2025-05-08,Strategic Partner 17,Professional Services,Audit,22282.29,Nordics,Active Contract
INV-2025-00685,2025-03-24,Strategic Partner 30,Direct Materials,Raw Metals,97851.84,Nordics,Active Contract
INV-2025-00686,2025-05-06,Vendor 158,Logistics & Freight,Road Transport,1033.31,Central Europe,Active Contract
INV-2025-00687,2025-09-30,Vendor 278,Direct Materials,Electronic Components,983.82,Nordics,No Contract
INV-2025-00688,2025-02-26,Strategic Partner 21,Direct Materials,Electronic Components,5026.36,North America,Active Contract
INV-2025-00689,2025-06-28,Strategic Partner 29,Logistics & Freight,Road Transport,8965.49,North America,Active Contract
INV-2025-00690,2025-03-06,Vendor 181,Professional Services,Audit,1002.6,Nordics,No Contract
INV-2025-00691,2025-10-29,Strategic Partner 19,Facilities & MRO,Cleaning Services,8400.28,Central Europe,Active Contract
INV-2025-00692,2025-03-22,Strategic Partner 01,Logistics & Freight,Ocean Freight,22799.08,Central Europe,Active Contract
INV-2025-00693,2025-07-17,Strategic Partner 26,IT & Software,SaaS Subscriptions,10558.68,Central Europe,Active Contract
INV-2025-00694,2025-01-27,Vendor 219,Direct Materials,Electronic Components,530.55,Central Europe,No Contract
INV-2025-00695,2025-02-24,Strategic Partner 29,Professional Services,Audit,27699.29,Central Europe,Active Contract
INV-2025-00696,2025-12-09,Vendor 003,Logistics & Freight,Road Transport,3131.44,APAC,No Contract
INV-2025-00697,2025-02-12,Strategic Partner 06,Direct Materials,Raw Metals,7019.09,Central Europe,Active Contract
INV-2025-00698,2025-08-14,Strategic Partner 10,IT & Software,Cloud Infrastructure,29806.47,Nordics,No Contract
INV-2025-00699,2025-11-03,Vendor 284,Logistics & Freight,Road Transport,1732.67,Central Europe,Active Contract
INV-2025-00700,2025-05-10,Strategic Partner 23,Direct Materials,Polymers,4875.55,North America,Active Contract
INV-2025-00701,2025-07-22,Strategic Partner 09,Direct Materials,Raw Metals,6979.68,Nordics,Active Contract
INV-2025-00702,2025-04-30,Strategic Partner 28,Logistics & Freight,Road Transport,12192.64,North America,Active Contract
INV-2025-00703,2025-12-03,Strategic Partner 11,Direct Materials,Polymers,17664.4,APAC,Active Contract
INV-2025-00704,2025-06-01,Strategic Partner 05,Direct Materials,Raw Metals,8618.11,Nordics,Active Contract
INV-2025-00705,2025-01-14,Strategic Partner 24,IT & Software,Hardware,56193.78,Nordics,Active Contract
INV-2025-00706,2025-09-22,Strategic Partner 19,Direct Materials,Electronic Components,19705.73,Central Europe,Active Contract
INV-2025-00707,2025-06-03,Strategic Partner 02,Direct Materials,Raw Metals,23161.17,Central Europe,Active Contract
INV-2025-00708,2025-03-17,Vendor 154,Professional Services,Audit,4098.91,North America,No Contract
INV-2025-00709,2025-04-28,Strategic Partner 22,Logistics & Freight,Ocean Freight,4315.6,Central Europe,Active Contract
INV-2025-00710,2025-09-23,Strategic Partner 06,Direct Materials,Polymers,8157.77,Central Europe,Active Contract
INV-2025-00711,2025-08-21,Strategic Partner 26,Direct Materials,Polymers,14970.33,Nordics,Active Contract
INV-2025-00712,2025-03-09,Vendor 049,IT & Software,Hardware,2011.36,Central Europe,No Contract
INV-2025-00713,2025-09-26,Strategic Partner 28,Logistics & Freight,Ocean Freight,4382.06,Central Europe,Active Contract
INV-2025-00714,2025-08-22,Strategic Partner 16,Facilities & MRO,Office Supplies,7155.63,Nordics,Active Contract
INV-2025-00715,2025-07-06,Vendor 100,Facilities & MRO,Office Supplies,1075.53,North America,No Contract
INV-2025-00716,2025-02-13,Strategic Partner 18,Logistics & Freight,Ocean Freight,45285.92,Central Europe,Active Contract
INV-2025-00717,2025-08-10,Strategic Partner 20,Direct Materials,Electronic Components,5306.57,Central Europe,Active Contract
INV-2025-00718,2025-10-31,Strategic Partner 26,Direct Materials,Raw Metals,41900.14,Nordics,Active Contract
INV-2025-00719,2025-01-09,Strategic Partner 08,Logistics & Freight,Road Transport,23510.01,Nordics,Active Contract
INV-2025-00720,2025-11-24,Vendor 014,Facilities & MRO,Maintenance,685.68,Central Europe,No Contract
INV-2025-00721,2025-04-29,Strategic Partner 03,Direct Materials,Raw Metals,22007.34,North America,Active Contract
INV-2025-00722,2025-09-25,Strategic Partner 22,Direct Materials,Polymers,24847.92,Nordics,Active Contract
INV-2025-00723,2025-01-19,Strategic Partner 29,Facilities & MRO,Maintenance,27412.94,North America,Active Contract
INV-2025-00724,2025-05-20,Strategic Partner 10,Logistics & Freight,Ocean Freight,10442.6,Nordics,Active Contract
INV-2025-00725,2025-10-19,Strategic Partner 21,Direct Materials,Raw Metals,6679.03,Central Europe,Active Contract
INV-2025-00726,2025-06-16,Strategic Partner 06,Professional Services,Audit,52601.4,Central Europe,Active Contract
INV-2025-00727,2025-03-27,Strategic Partner 19,Direct Materials,Electronic Components,19590.58,Nordics,Active Contract
INV-2025-00728,2025-09-23,Strategic Partner 30,IT & Software,Cloud Infrastructure,19127.31,Central Europe,Active Contract
INV-2025-00729,2025-01-18,Vendor 298,Direct Materials,Raw Metals,1907.55,Central Europe,Active Contract
INV-2025-00730,2025-06-29,Strategic Partner 02,Direct Materials,Polymers,16832.61,Central Europe,Active Contract
INV-2025-00731,2025-12-09,Vendor 018,Direct Materials,Electronic Components,1399.14,Central Europe,Active Contract
INV-2025-00732,2025-03-25,Strategic Partner 30,Direct Materials,Polymers,5818.68,Nordics,Active Contract
INV-2025-00733,2025-06-21,Vendor 186,Direct Materials,Electronic Components,1967.42,North America,No Contract
INV-2025-00734,2025-01-13,Strategic Partner 19,IT & Software,SaaS Subscriptions,10704.21,Central Europe,Active Contract
INV-2025-00735,2025-07-27,Strategic Partner 25,Direct Materials,Polymers,7496.09,Nordics,Active Contract
INV-2025-00736,2025-07-01,Strategic Partner 26,Direct Materials,Raw Metals,5622.34,Nordics,Active Contract
INV-2025-00737,2025-04-18,Strategic Partner 05,Facilities & MRO,Maintenance,50587.16,North America,Active Contract
INV-2025-00738,2025-07-23,Strategic Partner 05,Direct Materials,Polymers,8328.45,North America,Active Contract
INV-2025-00739,2025-11-04,Vendor 248,Logistics & Freight,Road Transport,3721.96,Nordics,No Contract
INV-2025-00740,2025-12-21,Strategic Partner 12,Direct Materials,Raw Metals,4029.25,Nordics,Active Contract
INV-2025-00741,2025-08-09,Vendor 151,Logistics & Freight,Road Transport,1195.87,Nordics,No Contract
INV-2025-00742,2025-09-12,Strategic Partner 12,Direct Materials,Electronic Components,11981.58,Nordics,Active Contract
INV-2025-00743,2025-12-19,Strategic Partner 24,Direct Materials,Raw Metals,97269.1,APAC,Active Contract
INV-2025-00744,2025-08-14,Vendor 075,IT & Software,SaaS Subscriptions,955.91,Central Europe,No Contract
INV-2025-00745,2025-02-02,Vendor 074,Direct Materials,Raw Metals,821.62,North America,Active Contract
INV-2025-00746,2025-09-18,Strategic Partner 04,Direct Materials,Polymers,4203.31,Nordics,Active Contract
INV-2025-00747,2025-10-19,Strategic Partner 29,Facilities & MRO,Cleaning Services,36760.56,North America,Active Contract
INV-2025-00748,2025-03-04,Strategic Partner 09,IT & Software,SaaS Subscriptions,9944.75,North America,Active Contract
INV-2025-00749,2025-01-28,Strategic Partner 26,Direct Materials,Raw Metals,79948.09,Nordics,Active Contract
INV-2025-00750,2025-12-10,Strategic Partner 30,Logistics & Freight,Ocean Freight,16589.52,Central Europe,Active Contract
INV-2025-00751,2025-02-28,Vendor 232,Direct Materials,Electronic Components,247.89,Nordics,No Contract
INV-2025-00752,2025-06-17,Vendor 080,Direct Materials,Electronic Components,3308.98,Central Europe,No Contract
INV-2025-00753,2025-01-27,Vendor 214,Logistics & Freight,Ocean Freight,5131.16,Nordics,No Contract
INV-2025-00754,2025-08-30,Strategic Partner 04,Logistics & Freight,Road Transport,8703.73,Nordics,Active Contract
INV-2025-00755,2025-12-09,Strategic Partner 21,Direct Materials,Electronic Components,18843.99,North America,Active Contract
INV-2025-00756,2025-11-29,Strategic Partner 04,IT & Software,Cloud Infrastructure,93540.69,Nordics,Active Contract
INV-2025-00757,2025-10-27,Vendor 055,Direct Materials,Raw Metals,1810.09,Nordics,No Contract
INV-2025-00758,2025-08-19,Strategic Partner 19,Professional Services,Management Consulting,6328.21,Nordics,Active Contract
INV-2025-00759,2025-08-19,Strategic Partner 05,Logistics & Freight,Ocean Freight,8230.83,Nordics,Active Contract
INV-2025-00760,2025-11-04,Strategic Partner 18,Logistics & Freight,Ocean Freight,38875.55,Central Europe,Active Contract
INV-2025-00761,2025-04-07,Strategic Partner 10,Logistics & Freight,Warehousing,62885.45,Central Europe,Active Contract
INV-2025-00762,2025-03-12,Strategic Partner 14,Direct Materials,Raw Metals,18074.66,APAC,Active Contract
INV-2025-00763,2025-07-01,Strategic Partner 06,Professional Services,Legal,46381.49,Nordics,No Contract
INV-2025-00764,2025-12-19,Strategic Partner 08,Facilities & MRO,Office Supplies,17475.96,North America,Active Contract
INV-2025-00765,2025-02-24,Strategic Partner 16,Direct Materials,Raw Metals,13194.63,North America,No Contract
INV-2025-00766,2025-03-28,Vendor 118,IT & Software,Cloud Infrastructure,8244.27,North America,Active Contract
INV-2025-00767,2025-10-03,Strategic Partner 04,IT & Software,Hardware,8992.69,Nordics,Active Contract
INV-2025-00768,2025-09-03,Strategic Partner 04,Logistics & Freight,Road Transport,50987.07,North America,No Contract
INV-2025-00769,2025-07-23,Strategic Partner 14,Professional Services,Legal,5373.14,Nordics,Active Contract
INV-2025-00770,2025-07-30,Vendor 279,Logistics & Freight,Road Transport,1215.29,North America,No Contract
INV-2025-00771,2025-09-09,Vendor 076,Direct Materials,Raw Metals,669.11,Central Europe,No Contract
INV-2025-00772,2025-04-19,Strategic Partner 07,Logistics & Freight,Warehousing,17743.01,Nordics,Active Contract
INV-2025-00773,2025-01-27,Strategic Partner 12,IT & Software,Hardware,68034.0,Nordics,Active Contract
INV-2025-00774,2025-06-11,Strategic Partner 09,Direct Materials,Polymers,9992.69,Nordics,Active Contract
INV-2025-00775,2025-09-12,Strategic Partner 04,Logistics & Freight,Ocean Freight,12751.72,Nordics,Active Contract
INV-2025-00776,2025-07-23,Strategic Partner 20,Direct Materials,Polymers,5812.75,Central Europe,Active Contract
INV-2025-00777,2025-03-29,Strategic Partner 05,Direct Materials,Electronic Components,3170.49,Nordics,Active Contract
INV-2025-00778,2025-12-25,Strategic Partner 17,Direct Materials,Polymers,31586.22,Central Europe,Active Contract
INV-2025-00779,2025-09-09,Strategic Partner 06,Direct Materials,Electronic Components,11152.52,Central Europe,No Contract
INV-2025-00780,2025-02-13,Strategic Partner 03,IT & Software,SaaS Subscriptions,31263.8,North America,No Contract
INV-2025-00781,2025-02-20,Strategic Partner 24,Direct Materials,Raw Metals,5345.85,Nordics,Active Contract
INV-2025-00782,2025-03-29,Vendor 219,Direct Materials,Polymers,525.08,North America,No Contract
INV-2025-00783,2025-01-04,Strategic Partner 08,Professional Services,Audit,14104.94,North America,Active Contract
INV-2025-00784,2025-02-25,Vendor 155,Logistics & Freight,Road Transport,654.88,North America,No Contract
INV-2025-00785,2025-08-29,Vendor 066,Direct Materials,Raw Metals,3105.35,APAC,No Contract
INV-2025-00786,2025-01-22,Vendor 216,Direct Materials,Electronic Components,4922.82,North America,No Contract
INV-2025-00787,2025-01-13,Strategic Partner 10,Direct Materials,Raw Metals,37837.83,Central Europe,Active Contract
INV-2025-00788,2025-12-02,Strategic Partner 11,Logistics & Freight,Warehousing,7783.76,Central Europe,Active Contract
INV-2025-00789,2025-12-28,Strategic Partner 07,IT & Software,Hardware,69356.67,Nordics,Active Contract
INV-2025-00790,2025-01-20,Strategic Partner 07,Direct Materials,Polymers,53567.48,Central Europe,No Contract
INV-2025-00791,2025-04-01,Vendor 089,Logistics & Freight,Ocean Freight,248.82,North America,No Contract
INV-2025-00792,2025-03-13,Strategic Partner 07,Logistics & Freight,Road Transport,5228.11,Central Europe,Active Contract
INV-2025-00793,2025-10-20,Strategic Partner 27,Direct Materials,Electronic Components,42620.04,Nordics,Active Contract
INV-2025-00794,2025-08-13,Vendor 169,Direct Materials,Polymers,6188.4,Nordics,No Contract
INV-2025-00795,2025-04-02,Strategic Partner 30,Professional Services,Legal,4264.15,North America,Active Contract
INV-2025-00796,2025-05-08,Strategic Partner 23,Direct Materials,Electronic Components,90243.26,Nordics,Active Contract
INV-2025-00797,2025-08-12,Vendor 182,IT & Software,Hardware,1192.44,Central Europe,No Contract
INV-2025-00798,2025-09-17,Strategic Partner 26,Logistics & Freight,Road Transport,9308.19,APAC,Active Contract
INV-2025-00799,2025-02-08,Strategic Partner 15,Facilities & MRO,Cleaning Services,29056.42,Nordics,Active Contract
INV-2025-00800,2025-04-09,Vendor 084,Logistics & Freight,Warehousing,1274.69,North America,Active Contract
INV-2025-00801,2025-07-29,Strategic Partner 02,Direct Materials,Raw Metals,41343.34,Central Europe,Active Contract
INV-2025-00802,2025-01-10,Strategic Partner 16,Direct Materials,Polymers,19245.84,APAC,Active Contract
INV-2025-00803,2025-08-06,Strategic Partner 26,IT & Software,Cloud Infrastructure,6345.46,Central Europe,Active Contract
INV-2025-00804,2025-05-03,Vendor 013,Direct Materials,Raw Metals,1687.24,Nordics,No Contract
INV-2025-00805,2025-05-29,Strategic Partner 27,Professional Services,Audit,72379.39,North America,Active Contract
INV-2025-00806,2025-09-21,Strategic Partner 19,Direct Materials,Electronic Components,3632.54,Nordics,Active Contract
INV-2025-00807,2025-09-05,Strategic Partner 29,Direct Materials,Polymers,5394.97,Central Europe,Active Contract
INV-2025-00808,2025-06-03,Strategic Partner 22,IT & Software,SaaS Subscriptions,76814.94,Nordics,Active Contract
INV-2025-00809,2025-08-20,Strategic Partner 14,Direct Materials,Polymers,22487.39,Nordics,No Contract
INV-2025-00810,2025-09-06,Vendor 220,Logistics & Freight,Road Transport,3053.41,Nordics,No Contract
INV-2025-00811,2025-02-11,Strategic Partner 25,Direct Materials,Raw Metals,27173.02,Nordics,Active Contract
INV-2025-00812,2025-03-28,Vendor 125,Logistics & Freight,Road Transport,3900.27,Nordics,No Contract
INV-2025-00813,2025-11-10,Strategic Partner 20,IT & Software,Hardware,11426.54,North America,Active Contract
INV-2025-00814,2025-03-06,Strategic Partner 30,Direct Materials,Electronic Components,41888.78,APAC,Active Contract
INV-2025-00815,2025-11-07,Strategic Partner 13,Direct Materials,Polymers,6894.13,Central Europe,Active Contract
INV-2025-00816,2025-02-04,Strategic Partner 16,Facilities & MRO,Office Supplies,13799.5,Central Europe,Active Contract
INV-2025-00817,2025-07-12,Vendor 075,IT & Software,Hardware,1023.25,APAC,No Contract
INV-2025-00818,2025-06-27,Strategic Partner 17,Logistics & Freight,Warehousing,5730.73,Central Europe,Active Contract
INV-2025-00819,2025-03-20,Vendor 117,Direct Materials,Electronic Components,2973.86,Nordics,No Contract
INV-2025-00820,2025-01-01,Strategic Partner 25,Logistics & Freight,Warehousing,21079.04,Nordics,Active Contract
INV-2025-00821,2025-03-24,Strategic Partner 20,IT & Software,Hardware,22685.47,Nordics,Active Contract
INV-2025-00822,2025-03-09,Strategic Partner 18,Facilities & MRO,Maintenance,31262.19,Nordics,Active Contract
INV-2025-00823,2025-10-27,Strategic Partner 17,Logistics & Freight,Warehousing,24070.04,Nordics,Active Contract
INV-2025-00824,2025-03-14,Strategic Partner 14,Direct Materials,Raw Metals,31931.35,Nordics,Active Contract
INV-2025-00825,2025-12-25,Strategic Partner 19,Direct Materials,Electronic Components,45471.36,North America,Active Contract
INV-2025-00826,2025-05-20,Strategic Partner 17,Logistics & Freight,Ocean Freight,17912.97,Central Europe,Active Contract
INV-2025-00827,2025-06-20,Strategic Partner 04,Direct Materials,Raw Metals,10799.28,Nordics,Active Contract
INV-2025-00828,2025-07-04,Strategic Partner 24,Direct Materials,Polymers,31529.7,North America,Active Contract
INV-2025-00829,2025-09-17,Vendor 075,Logistics & Freight,Road Transport,1448.81,Nordics,No Contract
INV-2025-00830,2025-03-03,Vendor 255,Direct Materials,Polymers,167.67,Nordics,Active Contract
INV-2025-00831,2025-11-09,Vendor 293,Direct Materials,Electronic Components,3824.42,Central Europe,Active Contract
INV-2025-00832,2025-03-10,Vendor 067,Facilities & MRO,Maintenance,942.67,Nordics,Active Contract
INV-2025-00833,2025-05-11,Strategic Partner 30,Direct Materials,Raw Metals,21067.58,Nordics,Active Contract
INV-2025-00834,2025-06-28,Strategic Partner 29,Direct Materials,Electronic Components,29819.92,North America,Active Contract
INV-2025-00835,2025-01-31,Strategic Partner 05,Logistics & Freight,Ocean Freight,33825.05,Nordics,Active Contract
INV-2025-00836,2025-09-13,Strategic Partner 07,Facilities & MRO,Office Supplies,24821.05,Nordics,Active Contract
INV-2025-00837,2025-11-19,Vendor 198,Facilities & MRO,Cleaning Services,2412.23,Central Europe,No Contract
INV-2025-00838,2025-10-25,Vendor 146,Professional Services,Management Consulting,395.57,Nordics,Active Contract
INV-2025-00839,2025-02-15,Strategic Partner 29,Logistics & Freight,Road Transport,20632.76,Nordics,Active Contract
INV-2025-00840,2025-11-09,Vendor 261,Facilities & MRO,Office Supplies,198.21,North America,No Contract
INV-2025-00841,2025-07-30,Strategic Partner 18,Direct Materials,Polymers,16734.25,Central Europe,Active Contract
INV-2025-00842,2025-06-18,Strategic Partner 23,Direct Materials,Raw Metals,7896.85,North America,Active Contract
INV-2025-00843,2025-03-13,Strategic Partner 22,Direct Materials,Raw Metals,3740.09,North America,Active Contract
INV-2025-00844,2025-04-17,Strategic Partner 26,Direct Materials,Electronic Components,138911.78,North America,Active Contract
INV-2025-00845,2025-06-03,Vendor 046,Direct Materials,Raw Metals,151.87,Central Europe,No Contract
INV-2025-00846,2025-05-26,Strategic Partner 26,Logistics & Freight,Ocean Freight,13214.5,Nordics,Active Contract
INV-2025-00847,2025-09-19,Vendor 104,Logistics & Freight,Warehousing,2588.47,Central Europe,Active Contract
INV-2025-00848,2025-08-21,Strategic Partner 02,Direct Materials,Electronic Components,70794.1,Nordics,Active Contract
INV-2025-00849,2025-07-05,Strategic Partner 27,Direct Materials,Polymers,11400.95,Nordics,Active Contract
INV-2025-00850,2025-11-19,Strategic Partner 11,Direct Materials,Raw Metals,19330.14,Nordics,Active Contract
INV-2025-00851,2025-05-09,Strategic Partner 09,IT & Software,Hardware,10135.03,Central Europe,Active Contract
INV-2025-00852,2025-01-24,Strategic Partner 03,Direct Materials,Electronic Components,4061.2,Central Europe,Active Contract
INV-2025-00853,2025-12-17,Strategic Partner 19,Direct Materials,Electronic Components,3177.93,Nordics,Active Contract
INV-2025-00854,2025-06-15,Strategic Partner 25,Professional Services,Management Consulting,6241.48,APAC,Active Contract
INV-2025-00855,2025-12-12,Vendor 283,Professional Services,Management Consulting,1454.14,North America,No Contract
INV-2025-00856,2025-02-13,Strategic Partner 26,Logistics & Freight,Road Transport,46650.76,Central Europe,No Contract
INV-2025-00857,2025-07-23,Vendor 085,Direct Materials,Polymers,277.87,North America,No Contract
INV-2025-00858,2025-08-04,Strategic Partner 28,Facilities & MRO,Office Supplies,20460.53,Central Europe,Active Contract
INV-2025-00859,2025-05-10,Strategic Partner 21,IT & Software,Hardware,79609.04,APAC,Active Contract
INV-2025-00860,2025-12-07,Strategic Partner 25,Logistics & Freight,Warehousing,39220.08,North America,Active Contract
INV-2025-00861,2025-06-18,Vendor 048,Direct Materials,Raw Metals,8347.76,Central Europe,Active Contract
INV-2025-00862,2025-11-28,Strategic Partner 15,IT & Software,SaaS Subscriptions,27341.57,Central Europe,Active Contract
INV-2025-00863,2025-03-10,Strategic Partner 20,Logistics & Freight,Ocean Freight,5343.3,North America,Active Contract
INV-2025-00864,2025-11-28,Strategic Partner 30,Direct Materials,Polymers,54939.29,North America,Active Contract
INV-2025-00865,2025-05-17,Strategic Partner 27,Direct Materials,Electronic Components,32830.34,Nordics,Active Contract
INV-2025-00866,2025-11-15,Vendor 146,Direct Materials,Raw Metals,2400.89,North America,No Contract
INV-2025-00867,2025-03-01,Vendor 151,Direct Materials,Electronic Components,2326.63,Nordics,No Contract
INV-2025-00868,2025-10-16,Strategic Partner 26,Professional Services,Legal,15529.74,Central Europe,Active Contract
INV-2025-00869,2025-10-02,Strategic Partner 01,IT & Software,Cloud Infrastructure,15917.74,North America,Active Contract
INV-2025-00870,2025-07-08,Vendor 101,IT & Software,Hardware,2187.95,Nordics,No Contract
INV-2025-00871,2025-11-26,Vendor 253,Direct Materials,Raw Metals,740.76,Nordics,No Contract
INV-2025-00872,2025-01-07,Strategic Partner 03,Direct Materials,Polymers,87182.89,Nordics,Active Contract
INV-2025-00873,2025-08-16,Strategic Partner 25,Direct Materials,Raw Metals,33886.25,Central Europe,Active Contract
INV-2025-00874,2025-11-13,Vendor 101,Direct Materials,Polymers,3536.94,Nordics,Active Contract
INV-2025-00875,2025-08-25,Strategic Partner 26,Professional Services,Management Consulting,8236.74,Central Europe,Active Contract
INV-2025-00876,2025-10-12,Strategic Partner 26,Direct Materials,Raw Metals,74956.01,Central Europe,Active Contract
INV-2025-00877,2025-12-13,Vendor 137,Direct Materials,Polymers,11453.3,Nordics,No Contract
INV-2025-00878,2025-07-01,Strategic Partner 11,IT & Software,Hardware,43521.79,Nordics,No Contract
INV-2025-00879,2025-04-10,Strategic Partner 05,IT & Software,Hardware,56038.85,Nordics,Active Contract
INV-2025-00880,2025-04-17,Strategic Partner 22,Direct Materials,Polymers,28361.55,Central Europe,No Contract
INV-2025-00881,2025-03-31,Vendor 229,Logistics & Freight,Ocean Freight,400.24,Nordics,No Contract
INV-2025-00882,2025-04-28,Strategic Partner 12,Direct Materials,Raw Metals,35255.25,APAC,Active Contract
INV-2025-00883,2025-03-16,Vendor 048,Direct Materials,Raw Metals,570.41,North America,No Contract
INV-2025-00884,2025-11-02,Strategic Partner 09,IT & Software,Cloud Infrastructure,23897.63,Nordics,Active Contract
INV-2025-00885,2025-05-29,Strategic Partner 17,Direct Materials,Raw Metals,20932.85,Central Europe,Active Contract
INV-2025-00886,2025-08-02,Vendor 135,Direct Materials,Raw Metals,1383.76,Nordics,Active Contract
INV-2025-00887,2025-06-07,Strategic Partner 27,Professional Services,Management Consulting,32886.2,Nordics,Active Contract
INV-2025-00888,2025-10-07,Strategic Partner 24,Direct Materials,Electronic Components,49159.68,Nordics,Active Contract
INV-2025-00889,2025-11-09,Vendor 234,Facilities & MRO,Office Supplies,7534.39,Central Europe,Active Contract
INV-2025-00890,2025-10-11,Strategic Partner 10,Logistics & Freight,Ocean Freight,32483.14,Central Europe,Active Contract
INV-2025-00891,2025-04-10,Strategic Partner 15,IT & Software,Cloud Infrastructure,40918.36,Nordics,Active Contract
INV-2025-00892,2025-01-07,Strategic Partner 14,IT & Software,Hardware,81034.19,Nordics,Active Contract
INV-2025-00893,2025-12-30,Strategic Partner 12,Direct Materials,Electronic Components,14898.67,Central Europe,Active Contract
INV-2025-00894,2025-03-24,Strategic Partner 23,Logistics & Freight,Warehousing,5491.34,Central Europe,Active Contract
INV-2025-00895,2025-12-28,Strategic Partner 16,IT & Software,Cloud Infrastructure,3265.19,North America,Active Contract
INV-2025-00896,2025-03-19,Strategic Partner 27,Direct Materials,Electronic Components,15784.39,North America,Active Contract
INV-2025-00897,2025-05-27,Vendor 240,Logistics & Freight,Road Transport,4918.55,Central Europe,Active Contract
INV-2025-00898,2025-09-16,Strategic Partner 22,Direct Materials,Polymers,13423.81,North America,Active Contract
INV-2025-00899,2025-08-09,Strategic Partner 01,Facilities & MRO,Cleaning Services,84500.75,APAC,Active Contract
INV-2025-00900,2025-07-19,Strategic Partner 08,Direct Materials,Raw Metals,20776.94,North America,Active Contract
INV-2025-00901,2025-09-14,Strategic Partner 17,IT & Software,Cloud Infrastructure,87973.08,Central Europe,Active Contract
INV-2025-00902,2025-04-08,Vendor 084,Direct Materials,Electronic Components,1019.62,Nordics,No Contract
INV-2025-00903,2025-07-09,Vendor 008,Direct Materials,Polymers,2643.67,Nordics,Active Contract
INV-2025-00904,2025-10-29,Strategic Partner 02,Direct Materials,Polymers,44360.81,Central Europe,Active Contract
INV-2025-00905,2025-09-30,Strategic Partner 09,Professional Services,Management Consulting,8406.17,Central Europe,Active Contract
INV-2025-00906,2025-07-24,Strategic Partner 19,Logistics & Freight,Road Transport,22727.67,Nordics,Active Contract
INV-2025-00907,2025-11-09,Strategic Partner 11,Direct Materials,Polymers,4353.74,Central Europe,Active Contract
INV-2025-00908,2025-06-26,Strategic Partner 26,Facilities & MRO,Cleaning Services,6358.46,Central Europe,Active Contract
INV-2025-00909,2025-02-25,Strategic Partner 13,IT & Software,Cloud Infrastructure,28225.77,Nordics,Active Contract
INV-2025-00910,2025-12-09,Vendor 225,Direct Materials,Electronic Components,18444.13,Nordics,No Contract
INV-2025-00911,2025-04-13,Vendor 240,Logistics & Freight,Warehousing,7904.01,Central Europe,No Contract
INV-2025-00912,2025-12-20,Vendor 145,Facilities & MRO,Office Supplies,2631.74,Nordics,No Contract
INV-2025-00913,2025-04-24,Strategic Partner 01,Logistics & Freight,Warehousing,30267.01,Central Europe,Active Contract
INV-2025-00914,2025-07-20,Strategic Partner 21,Direct Materials,Polymers,76802.26,Nordics,Active Contract
INV-2025-00915,2025-12-29,Strategic Partner 03,Direct Materials,Raw Metals,36001.19,Central Europe,Active Contract
INV-2025-00916,2025-03-08,Strategic Partner 30,Facilities & MRO,Office Supplies,35481.68,Nordics,Active Contract
INV-2025-00917,2025-10-16,Strategic Partner 27,IT & Software,SaaS Subscriptions,17522.4,Central Europe,Active Contract
INV-2025-00918,2025-12-28,Strategic Partner 16,Direct Materials,Electronic Components,57865.54,North America,Active Contract
INV-2025-00919,2025-06-15,Strategic Partner 12,Direct Materials,Raw Metals,8253.19,APAC,Active Contract
INV-2025-00920,2025-03-20,Vendor 103,Direct Materials,Polymers,1908.58,North America,No Contract
INV-2025-00921,2025-05-02,Strategic Partner 25,Professional Services,Audit,76704.58,Nordics,Active Contract
INV-2025-00922,2025-12-11,Vendor 184,Direct Materials,Polymers,346.35,Nordics,No Contract
INV-2025-00923,2025-03-11,Vendor 221,Logistics & Freight,Road Transport,932.88,Nordics,No Contract
INV-2025-00924,2025-07-11,Strategic Partner 02,Direct Materials,Electronic Components,19551.54,Nordics,No Contract
INV-2025-00925,2025-10-14,Strategic Partner 22,Direct Materials,Polymers,62285.87,Nordics,Active Contract
INV-2025-00926,2025-05-15,Strategic Partner 02,Direct Materials,Raw Metals,32368.92,Central Europe,No Contract
INV-2025-00927,2025-06-07,Vendor 045,Facilities & MRO,Cleaning Services,332.91,Central Europe,No Contract
INV-2025-00928,2025-11-11,Vendor 190,Facilities & MRO,Office Supplies,3653.7,Central Europe,No Contract
INV-2025-00929,2025-05-25,Vendor 082,Direct Materials,Polymers,1451.4,North America,No Contract
INV-2025-00930,2025-10-30,Vendor 177,Direct Materials,Polymers,320.16,Central Europe,No Contract
INV-2025-00931,2025-11-23,Strategic Partner 20,Direct Materials,Raw Metals,3654.47,Nordics,Active Contract
INV-2025-00932,2025-05-07,Strategic Partner 26,Logistics & Freight,Road Transport,3915.71,Nordics,Active Contract
INV-2025-00933,2025-02-04,Strategic Partner 05,Professional Services,Legal,41179.01,Nordics,Active Contract
INV-2025-00934,2025-10-17,Strategic Partner 02,IT & Software,Hardware,22255.21,North America,Active Contract
INV-2025-00935,2025-02-03,Vendor 077,Direct Materials,Electronic Components,3421.21,Central Europe,No Contract
INV-2025-00936,2025-05-04,Vendor 297,Professional Services,Management Consulting,6665.75,Nordics,No Contract
INV-2025-00937,2025-03-02,Strategic Partner 29,Direct Materials,Raw Metals,34343.29,Nordics,Active Contract
INV-2025-00938,2025-11-20,Strategic Partner 30,Direct Materials,Raw Metals,5251.29,Central Europe,Active Contract
INV-2025-00939,2025-05-07,Strategic Partner 01,IT & Software,SaaS Subscriptions,19527.35,Nordics,Active Contract
INV-2025-00940,2025-02-21,Strategic Partner 23,Direct Materials,Raw Metals,11324.63,North America,Active Contract
INV-2025-00941,2025-11-05,Strategic Partner 05,Logistics & Freight,Road Transport,45696.51,Nordics,Active Contract
INV-2025-00942,2025-05-29,Vendor 167,Logistics & Freight,Road Transport,354.41,Nordics,Active Contract
INV-2025-00943,2025-08-16,Vendor 220,Logistics & Freight,Ocean Freight,1898.13,North America,No Contract
INV-2025-00944,2025-10-02,Strategic Partner 22,Facilities & MRO,Office Supplies,18905.04,North America,Active Contract
INV-2025-00945,2025-10-16,Strategic Partner 24,Direct Materials,Raw Metals,26943.49,North America,Active Contract
INV-2025-00946,2025-04-04,Strategic Partner 29,Direct Materials,Electronic Components,17780.77,Nordics,Active Contract
INV-2025-00947,2025-12-07,Strategic Partner 10,Logistics & Freight,Warehousing,22243.1,Central Europe,Active Contract
INV-2025-00948,2025-08-04,Vendor 237,IT & Software,Hardware,2943.16,North America,Active Contract
INV-2025-00949,2025-01-22,Strategic Partner 19,IT & Software,Cloud Infrastructure,21584.74,Nordics,Active Contract
INV-2025-00950,2025-09-03,Strategic Partner 12,IT & Software,Cloud Infrastructure,13603.09,North America,Active Contract
INV-2025-00951,2025-02-08,Strategic Partner 26,Direct Materials,Electronic Components,18239.16,Central Europe,Active Contract
INV-2025-00952,2025-10-14,Strategic Partner 15,Logistics & Freight,Road Transport,20059.98,Central Europe,Active Contract
INV-2025-00953,2025-11-19,Vendor 138,Direct Materials,Electronic Components,5719.57,Central Europe,Active Contract
INV-2025-00954,2025-03-12,Strategic Partner 08,Direct Materials,Polymers,21410.44,Nordics,Active Contract
INV-2025-00955,2025-11-23,Strategic Partner 24,Direct Materials,Polymers,13643.69,North America,Active Contract
INV-2025-00956,2025-05-28,Strategic Partner 22,IT & Software,Cloud Infrastructure,42338.81,North America,Active Contract
INV-2025-00957,2025-12-19,Vendor 208,Logistics & Freight,Road Transport,879.9,Nordics,No Contract
INV-2025-00958,2025-01-26,Strategic Partner 19,Direct Materials,Polymers,21193.79,Central Europe,Active Contract
INV-2025-00959,2025-12-03,Strategic Partner 03,Direct Materials,Electronic Components,42031.84,Nordics,Active Contract
INV-2025-00960,2025-07-23,Strategic Partner 26,IT & Software,SaaS Subscriptions,13983.17,Nordics,Active Contract
INV-2025-00961,2025-05-02,Vendor 091,Direct Materials,Raw Metals,1687.44,Central Europe,No Contract
INV-2025-00962,2025-02-18,Strategic Partner 13,IT & Software,Cloud Infrastructure,9601.7,Nordics,Active Contract
INV-2025-00963,2025-05-30,Strategic Partner 19,Direct Materials,Polymers,9980.9,North America,Active Contract
INV-2025-00964,2025-09-29,Vendor 125,IT & Software,Cloud Infrastructure,384.82,North America,No Contract
INV-2025-00965,2025-03-03,Vendor 020,Direct Materials,Raw Metals,177.69,APAC,Active Contract
INV-2025-00966,2025-07-21,Vendor 253,Direct Materials,Raw Metals,7119.67,Central Europe,Active Contract
INV-2025-00967,2025-02-02,Vendor 125,IT & Software,Cloud Infrastructure,5497.04,Central Europe,No Contract
INV-2025-00968,2025-07-07,Strategic Partner 22,IT & Software,Hardware,25128.75,Central Europe,Active Contract
INV-2025-00969,2025-02-25,Strategic Partner 02,Direct Materials,Raw Metals,11451.47,Nordics,No Contract
INV-2025-00970,2025-11-01,Vendor 062,Logistics & Freight,Ocean Freight,9380.93,Nordics,No Contract
INV-2025-00971,2025-09-02,Strategic Partner 04,Professional Services,Management Consulting,7500.03,Nordics,Active Contract
INV-2025-00972,2025-11-03,Strategic Partner 10,Direct Materials,Polymers,13963.22,Nordics,Active Contract
INV-2025-00973,2025-10-22,Vendor 138,Logistics & Freight,Warehousing,7234.66,Nordics,No Contract
INV-2025-00974,2025-04-20,Strategic Partner 20,Professional Services,Management Consulting,12528.33,Central Europe,Active Contract
INV-2025-00975,2025-03-21,Strategic Partner 17,Direct Materials,Electronic Components,4469.85,APAC,Active Contract
INV-2025-00976,2025-05-19,Vendor 081,Logistics & Freight,Warehousing,1539.2,Central Europe,No Contract
INV-2025-00977,2025-07-24,Strategic Partner 11,Direct Materials,Raw Metals,19211.34,Nordics,Active Contract
INV-2025-00978,2025-10-20,Strategic Partner 22,Direct Materials,Polymers,21366.09,APAC,Active Contract
INV-2025-00979,2025-02-12,Vendor 194,IT & Software,SaaS Subscriptions,482.21,Nordics,No Contract
INV-2025-00980,2025-01-01,Strategic Partner 08,Direct Materials,Polymers,14287.3,Nordics,No Contract
INV-2025-00981,2025-05-27,Strategic Partner 20,Direct Materials,Electronic Components,7566.55,Central Europe,Active Contract
INV-2025-00982,2025-11-26,Strategic Partner 10,IT & Software,SaaS Subscriptions,20706.98,APAC,Active Contract
INV-2025-00983,2025-11-22,Strategic Partner 19,Direct Materials,Polymers,3489.8,Central Europe,Active Contract
INV-2025-00984,2025-11-15,Strategic Partner 07,Logistics & Freight,Ocean Freight,62923.93,APAC,Active Contract
INV-2025-00985,2025-01-19,Strategic Partner 13,Professional Services,Management Consulting,12146.45,Central Europe,Active Contract
INV-2025-00986,2025-03-14,Vendor 182,Facilities & MRO,Office Supplies,988.38,Central Europe,No Contract
INV-2025-00987,2025-04-22,Strategic Partner 09,Direct Materials,Polymers,4952.36,North America,Active Contract
INV-2025-00988,2025-05-12,Vendor 045,Logistics & Freight,Ocean Freight,1798.58,Nordics,No Contract
INV-2025-00989,2025-11-27,Vendor 270,Logistics & Freight,Warehousing,5814.1,Central Europe,No Contract
INV-2025-00990,2025-11-10,Strategic Partner 29,Direct Materials,Polymers,3962.92,Nordics,Active Contract
INV-2025-00991,2025-08-11,Strategic Partner 14,IT & Software,Hardware,19496.01,Nordics,Active Contract
INV-2025-00992,2025-06-14,Strategic Partner 20,Direct Materials,Electronic Components,63431.45,Central Europe,Active Contract
INV-2025-00993,2025-12-24,Strategic Partner 04,Direct Materials,Electronic Components,29690.86,Nordics,Active Contract
INV-2025-00994,2025-01-04,Vendor 106,Logistics & Freight,Road Transport,1542.66,North America,Active Contract
INV-2025-00995,2025-10-02,Strategic Partner 21,Direct Materials,Raw Metals,38386.81,Central Europe,Active Contract
INV-2025-00996,2025-07-24,Strategic Partner 15,Professional Services,Legal,39023.51,Central Europe,Active Contract
INV-2025-00997,2025-06-07,Strategic Partner 02,Direct Materials,Polymers,62748.62,North America,Active Contract
INV-2025-00998,2025-09-01,Strategic Partner 30,Direct Materials,Polymers,21946.94,Central Europe,No Contract
INV-2025-00999,2025-10-16,Strategic Partner 23,Facilities & MRO,Office Supplies,14242.54,North America,Active Contract
INV-2025-01000,2025-11-14,Strategic Partner 06,Direct Materials,Electronic Components,50401.78,Nordics,Active Contract
INV-2025-01001,2025-03-16,Vendor 066,Direct Materials,Polymers,3342.46,North America,No Contract
INV-2025-01002,2025-10-08,Vendor 061,Professional Services,Management Consulting,578.07,Central Europe,No Contract
INV-2025-01003,2025-06-25,Strategic Partner 06,Professional Services,Legal,59651.88,Nordics,Active Contract
INV-2025-01004,2025-12-27,Strategic Partner 27,Logistics & Freight,Ocean Freight,15439.43,Nordics,Active Contract
INV-2025-01005,2025-05-13,Strategic Partner 15,IT & Software,Cloud Infrastructure,9901.89,Nordics,Active Contract
INV-2025-01006,2025-01-20,Strategic Partner 02,Direct Materials,Raw Metals,3532.07,North America,Active Contract
INV-2025-01007,2025-01-09,Vendor 038,Professional Services,Audit,1076.69,Nordics,No Contract
INV-2025-01008,2025-02-20,Strategic Partner 14,IT & Software,Hardware,3072.9,Central Europe,Active Contract
INV-2025-01009,2025-08-31,Strategic Partner 13,IT & Software,SaaS Subscriptions,48215.31,Nordics,Active Contract
INV-2025-01010,2025-04-04,Strategic Partner 21,Direct Materials,Raw Metals,28964.77,North America,Active Contract
INV-2025-01011,2025-05-06,Vendor 177,Facilities & MRO,Office Supplies,513.99,Nordics,No Contract
INV-2025-01012,2025-11-24,Strategic Partner 22,Professional Services,Legal,57695.26,APAC,Active Contract
INV-2025-01013,2025-01-14,Vendor 172,Logistics & Freight,Ocean Freight,2661.42,APAC,No Contract
INV-2025-01014,2025-04-21,Strategic Partner 10,Logistics & Freight,Warehousing,14355.13,Nordics,Active Contract
INV-2025-01015,2025-01-23,Vendor 063,Logistics & Freight,Warehousing,2183.82,Nordics,No Contract
INV-2025-01016,2025-12-03,Strategic Partner 19,Direct Materials,Electronic Components,29532.5,Central Europe,Active Contract
INV-2025-01017,2025-07-06,Strategic Partner 20,Direct Materials,Polymers,18051.33,Nordics,Active Contract
INV-2025-01018,2025-12-17,Vendor 294,Direct Materials,Electronic Components,8734.81,Nordics,No Contract
INV-2025-01019,2025-07-23,Strategic Partner 07,Direct Materials,Electronic Components,10017.5,Central Europe,Active Contract
INV-2025-01020,2025-09-10,Strategic Partner 11,Direct Materials,Polymers,21199.57,Nordics,Active Contract
INV-2025-01021,2025-02-25,Strategic Partner 28,Direct Materials,Electronic Components,40056.98,Nordics,Active Contract
INV-2025-01022,2025-06-17,Strategic Partner 16,Logistics & Freight,Warehousing,19285.82,Central Europe,Active Contract
INV-2025-01023,2025-12-29,Strategic Partner 07,IT & Software,SaaS Subscriptions,3127.29,Central Europe,Active Contract
INV-2025-01024,2025-08-23,Vendor 186,Professional Services,Legal,505.56,APAC,No Contract
INV-2025-01025,2025-11-16,Vendor 096,Logistics & Freight,Ocean Freight,1613.15,APAC,Active Contract
INV-2025-01026,2025-12-19,Vendor 118,Direct Materials,Electronic Components,2344.6,Nordics,No Contract
INV-2025-01027,2025-05-27,Strategic Partner 20,Logistics & Freight,Warehousing,16230.38,North America,Active Contract
INV-2025-01028,2025-04-02,Strategic Partner 24,Logistics & Freight,Warehousing,38288.62,North America,Active Contract
INV-2025-01029,2025-07-05,Strategic Partner 21,Direct Materials,Raw Metals,5545.8,North America,Active Contract
INV-2025-01030,2025-01-26,Strategic Partner 10,Facilities & MRO,Cleaning Services,102678.9,North America,Active Contract
INV-2025-01031,2025-03-02,Strategic Partner 02,Direct Materials,Polymers,20425.65,Central Europe,Active Contract
INV-2025-01032,2025-10-09,Strategic Partner 29,Professional Services,Audit,57424.26,Central Europe,Active Contract
INV-2025-01033,2025-07-15,Strategic Partner 19,Direct Materials,Electronic Components,6640.59,Central Europe,Active Contract
INV-2025-01034,2025-05-18,Strategic Partner 23,Direct Materials,Raw Metals,38710.39,APAC,Active Contract
INV-2025-01035,2025-06-29,Strategic Partner 08,IT & Software,SaaS Subscriptions,41039.73,Nordics,Active Contract
INV-2025-01036,2025-10-10,Strategic Partner 15,Logistics & Freight,Road Transport,10016.52,Nordics,No Contract
INV-2025-01037,2025-12-31,Strategic Partner 14,Facilities & MRO,Maintenance,23614.7,North America,Active Contract
INV-2025-01038,2025-12-15,Strategic Partner 28,IT & Software,SaaS Subscriptions,32758.45,Central Europe,Active Contract
INV-2025-01039,2025-09-27,Vendor 199,IT & Software,Hardware,3121.98,APAC,No Contract
INV-2025-01040,2025-06-14,Strategic Partner 01,Direct Materials,Electronic Components,51000.46,Central Europe,Active Contract
INV-2025-01041,2025-09-14,Strategic Partner 30,Professional Services,Management Consulting,103623.05,APAC,Active Contract
INV-2025-01042,2025-08-06,Strategic Partner 01,IT & Software,Cloud Infrastructure,3010.04,North America,Active Contract
INV-2025-01043,2025-02-25,Strategic Partner 14,IT & Software,Cloud Infrastructure,59498.72,Nordics,Active Contract
INV-2025-01044,2025-10-19,Strategic Partner 17,Direct Materials,Electronic Components,5483.26,Nordics,Active Contract
INV-2025-01045,2025-09-14,Strategic Partner 27,Facilities & MRO,Maintenance,21742.72,Central Europe,Active Contract
INV-2025-01046,2025-10-24,Vendor 056,Logistics & Freight,Road Transport,3353.7,APAC,No Contract
INV-2025-01047,2025-03-30,Vendor 049,Direct Materials,Raw Metals,1223.32,Nordics,No Contract
INV-2025-01048,2025-01-02,Strategic Partner 17,Professional Services,Legal,4867.57,Central Europe,Active Contract
INV-2025-01049,2025-05-11,Strategic Partner 14,IT & Software,SaaS Subscriptions,39817.23,North America,Active Contract
INV-2025-01050,2025-05-19,Vendor 080,Direct Materials,Polymers,1611.79,Central Europe,No Contract
INV-2025-01051,2025-03-29,Strategic Partner 15,Professional Services,Legal,8385.25,Central Europe,Active Contract
INV-2025-01052,2025-03-15,Strategic Partner 09,IT & Software,Hardware,4447.26,Nordics,Active Contract
INV-2025-01053,2025-11-13,Vendor 247,Direct Materials,Polymers,534.79,North America,No Contract
INV-2025-01054,2025-10-19,Strategic Partner 30,Professional Services,Audit,27161.21,Central Europe,Active Contract
INV-2025-01055,2025-04-27,Strategic Partner 03,IT & Software,Hardware,22656.87,Central Europe,Active Contract
INV-2025-01056,2025-08-16,Strategic Partner 26,IT & Software,Cloud Infrastructure,10855.25,APAC,Active Contract
INV-2025-01057,2025-12-22,Strategic Partner 29,Direct Materials,Polymers,21073.13,Central Europe,Active Contract
INV-2025-01058,2025-01-02,Strategic Partner 17,Logistics & Freight,Warehousing,21732.93,Central Europe,Active Contract
INV-2025-01059,2025-05-21,Strategic Partner 22,Logistics & Freight,Road Transport,23589.95,Central Europe,No Contract
INV-2025-01060,2025-06-27,Vendor 254,Logistics & Freight,Warehousing,2773.58,Nordics,No Contract
INV-2025-01061,2025-06-25,Vendor 275,Professional Services,Audit,196.38,Central Europe,Active Contract
INV-2025-01062,2025-04-17,Strategic Partner 22,Direct Materials,Polymers,14298.65,Central Europe,Active Contract
INV-2025-01063,2025-02-28,Strategic Partner 07,IT & Software,SaaS Subscriptions,17795.86,Nordics,Active Contract
INV-2025-01064,2025-09-14,Vendor 067,Professional Services,Legal,374.57,Central Europe,Active Contract
INV-2025-01065,2025-09-23,Strategic Partner 21,Logistics & Freight,Warehousing,23202.77,Central Europe,Active Contract
INV-2025-01066,2025-03-20,Vendor 023,Direct Materials,Electronic Components,1690.94,Nordics,No Contract
INV-2025-01067,2025-07-05,Strategic Partner 29,Direct Materials,Raw Metals,3895.2,North America,Active Contract
INV-2025-01068,2025-12-12,Vendor 176,Direct Materials,Polymers,2187.86,North America,No Contract
INV-2025-01069,2025-05-31,Strategic Partner 09,Direct Materials,Raw Metals,31250.77,Nordics,Active Contract
INV-2025-01070,2025-09-24,Vendor 244,Professional Services,Audit,892.97,Nordics,Active Contract
INV-2025-01071,2025-10-05,Vendor 055,Direct Materials,Raw Metals,3144.76,Nordics,No Contract
INV-2025-01072,2025-06-10,Strategic Partner 16,Professional Services,Management Consulting,20187.44,Nordics,Active Contract
INV-2025-01073,2025-05-18,Strategic Partner 18,Direct Materials,Raw Metals,35318.1,North America,Active Contract
INV-2025-01074,2025-03-28,Strategic Partner 05,IT & Software,Cloud Infrastructure,56802.89,Central Europe,No Contract
INV-2025-01075,2025-11-23,Strategic Partner 28,Direct Materials,Polymers,5039.42,Central Europe,Active Contract
INV-2025-01076,2025-09-20,Strategic Partner 20,Logistics & Freight,Road Transport,91960.63,Nordics,Active Contract
INV-2025-01077,2025-05-01,Strategic Partner 07,Direct Materials,Polymers,26328.89,Nordics,Active Contract
INV-2025-01078,2025-10-16,Vendor 218,Direct Materials,Raw Metals,4445.02,Central Europe,No Contract
INV-2025-01079,2025-02-11,Strategic Partner 26,Direct Materials,Polymers,23544.33,North America,Active Contract
INV-2025-01080,2025-08-30,Strategic Partner 09,Direct Materials,Electronic Components,10509.03,North America,Active Contract
INV-2025-01081,2025-05-07,Strategic Partner 21,Direct Materials,Raw Metals,13807.13,Nordics,Active Contract
INV-2025-01082,2025-10-25,Strategic Partner 14,Professional Services,Legal,37498.5,Nordics,Active Contract
INV-2025-01083,2025-08-09,Vendor 087,Direct Materials,Raw Metals,1464.54,Nordics,No Contract
INV-2025-01084,2025-08-16,Strategic Partner 01,Professional Services,Legal,9633.17,Central Europe,Active Contract
INV-2025-01085,2025-05-08,Strategic Partner 01,Professional Services,Management Consulting,15463.69,Central Europe,Active Contract
INV-2025-01086,2025-01-11,Strategic Partner 19,Professional Services,Legal,27342.48,North America,No Contract
INV-2025-01087,2025-02-02,Vendor 059,IT & Software,SaaS Subscriptions,2935.17,Nordics,No Contract
INV-2025-01088,2025-05-29,Strategic Partner 25,IT & Software,Cloud Infrastructure,9278.36,Nordics,Active Contract
INV-2025-01089,2025-05-05,Vendor 005,Logistics & Freight,Road Transport,5778.83,Central Europe,No Contract
INV-2025-01090,2025-12-04,Strategic Partner 25,Professional Services,Management Consulting,12080.82,Nordics,Active Contract
INV-2025-01091,2025-12-04,Strategic Partner 25,IT & Software,Hardware,39913.11,APAC,Active Contract
INV-2025-01092,2025-02-07,Strategic Partner 25,Professional Services,Management Consulting,19008.14,Nordics,Active Contract
INV-2025-01093,2025-11-04,Vendor 269,Logistics & Freight,Road Transport,2235.99,APAC,No Contract
INV-2025-01094,2025-06-18,Strategic Partner 12,IT & Software,Cloud Infrastructure,16026.53,Central Europe,Active Contract
INV-2025-01095,2025-01-29,Strategic Partner 03,IT & Software,Cloud Infrastructure,56592.93,Central Europe,Active Contract
INV-2025-01096,2025-04-04,Strategic Partner 25,Direct Materials,Raw Metals,4184.15,Nordics,No Contract
INV-2025-01097,2025-07-02,Strategic Partner 22,Direct Materials,Raw Metals,12626.47,North America,Active Contract
INV-2025-01098,2025-09-15,Strategic Partner 13,IT & Software,SaaS Subscriptions,44248.43,Nordics,Active Contract
INV-2025-01099,2025-09-25,Strategic Partner 30,IT & Software,Cloud Infrastructure,27286.13,North America,Active Contract
INV-2025-01100,2025-03-10,Strategic Partner 16,Direct Materials,Polymers,48164.17,Nordics,Active Contract
INV-2025-01101,2025-10-20,Strategic Partner 08,Direct Materials,Raw Metals,21226.09,Nordics,Active Contract
INV-2025-01102,2025-06-03,Strategic Partner 23,Facilities & MRO,Maintenance,7732.03,APAC,No Contract
INV-2025-01103,2025-08-16,Vendor 296,Logistics & Freight,Warehousing,337.77,Nordics,No Contract
INV-2025-01104,2025-05-27,Strategic Partner 19,Professional Services,Audit,59962.49,APAC,Active Contract
INV-2025-01105,2025-03-25,Strategic Partner 14,IT & Software,Cloud Infrastructure,42714.76,North America,Active Contract
INV-2025-01106,2025-12-05,Vendor 053,Logistics & Freight,Ocean Freight,1586.95,Central Europe,No Contract
INV-2025-01107,2025-10-29,Strategic Partner 26,Direct Materials,Electronic Components,28525.68,APAC,Active Contract
INV-2025-01108,2025-11-02,Vendor 040,Direct Materials,Raw Metals,1518.53,Nordics,Active Contract
INV-2025-01109,2025-07-28,Strategic Partner 11,Facilities & MRO,Office Supplies,44536.72,North America,Active Contract
INV-2025-01110,2025-12-02,Strategic Partner 28,Professional Services,Legal,7433.82,APAC,Active Contract
INV-2025-01111,2025-10-27,Vendor 281,Direct Materials,Polymers,184.57,North America,Active Contract
INV-2025-01112,2025-10-25,Vendor 255,IT & Software,Cloud Infrastructure,859.91,Central Europe,No Contract
INV-2025-01113,2025-11-13,Vendor 116,IT & Software,Cloud Infrastructure,361.04,North America,Active Contract
INV-2025-01114,2025-09-26,Strategic Partner 22,Direct Materials,Raw Metals,5715.98,Central Europe,Active Contract
INV-2025-01115,2025-10-30,Strategic Partner 16,Direct Materials,Polymers,9527.83,North America,No Contract
INV-2025-01116,2025-07-21,Strategic Partner 10,Direct Materials,Electronic Components,3782.74,North America,Active Contract
INV-2025-01117,2025-10-08,Strategic Partner 19,Logistics & Freight,Warehousing,20343.58,APAC,Active Contract
INV-2025-01118,2025-01-21,Vendor 234,Logistics & Freight,Warehousing,3396.91,Nordics,No Contract
INV-2025-01119,2025-08-15,Strategic Partner 30,Direct Materials,Polymers,43319.08,Nordics,Active Contract
INV-2025-01120,2025-08-22,Vendor 286,Direct Materials,Raw Metals,4801.2,Nordics,No Contract
INV-2025-01121,2025-08-19,Strategic Partner 05,Direct Materials,Polymers,27478.95,Central Europe,Active Contract
INV-2025-01122,2025-08-23,Strategic Partner 10,Logistics & Freight,Ocean Freight,51230.86,Nordics,Active Contract
INV-2025-01123,2025-03-17,Strategic Partner 16,Facilities & MRO,Maintenance,16338.11,Central Europe,Active Contract
INV-2025-01124,2025-06-15,Strategic Partner 30,Logistics & Freight,Warehousing,18923.13,Central Europe,Active Contract
INV-2025-01125,2025-04-15,Strategic Partner 24,Logistics & Freight,Ocean Freight,26833.01,North America,Active Contract
INV-2025-01126,2025-11-03,Strategic Partner 30,Professional Services,Management Consulting,10194.8,Nordics,Active Contract
INV-2025-01127,2025-03-01,Strategic Partner 23,Direct Materials,Electronic Components,6665.3,Nordics,Active Contract
INV-2025-01128,2025-04-17,Strategic Partner 12,Direct Materials,Electronic Components,14736.06,Nordics,Active Contract
INV-2025-01129,2025-12-30,Strategic Partner 18,Direct Materials,Polymers,3812.94,APAC,Active Contract
INV-2025-01130,2025-02-10,Strategic Partner 18,Direct Materials,Raw Metals,9348.88,Central Europe,Active Contract
INV-2025-01131,2025-09-01,Strategic Partner 28,Direct Materials,Polymers,20038.25,Central Europe,Active Contract
INV-2025-01132,2025-07-26,Strategic Partner 17,Direct Materials,Electronic Components,43442.12,Central Europe,Active Contract
INV-2025-01133,2025-06-22,Strategic Partner 15,Logistics & Freight,Warehousing,16104.64,North America,Active Contract
INV-2025-01134,2025-04-07,Strategic Partner 01,Direct Materials,Electronic Components,6491.66,North America,No Contract
INV-2025-01135,2025-08-03,Vendor 015,Direct Materials,Electronic Components,155.88,Central Europe,Active Contract
INV-2025-01136,2025-04-06,Strategic Partner 20,IT & Software,SaaS Subscriptions,17328.36,Nordics,Active Contract
INV-2025-01137,2025-12-17,Strategic Partner 01,Direct Materials,Electronic Components,27758.12,APAC,Active Contract
INV-2025-01138,2025-06-17,Strategic Partner 28,Direct Materials,Polymers,10612.52,North America,Active Contract
INV-2025-01139,2025-01-19,Vendor 280,Logistics & Freight,Road Transport,2711.12,APAC,No Contract
INV-2025-01140,2025-04-15,Strategic Partner 30,Direct Materials,Raw Metals,41987.85,Nordics,No Contract
INV-2025-01141,2025-06-06,Strategic Partner 24,Direct Materials,Electronic Components,46782.76,Nordics,Active Contract
INV-2025-01142,2025-07-27,Strategic Partner 07,IT & Software,Hardware,10569.73,Nordics,Active Contract
INV-2025-01143,2025-11-20,Strategic Partner 29,Professional Services,Legal,59368.7,Nordics,Active Contract
INV-2025-01144,2025-08-10,Strategic Partner 07,Logistics & Freight,Ocean Freight,66688.71,Nordics,Active Contract
INV-2025-01145,2025-10-24,Strategic Partner 03,IT & Software,Hardware,9202.65,North America,Active Contract
INV-2025-01146,2025-11-16,Strategic Partner 08,IT & Software,Hardware,29589.03,North America,Active Contract
INV-2025-01147,2025-05-29,Vendor 196,Direct Materials,Polymers,3204.55,Central Europe,No Contract
INV-2025-01148,2025-06-02,Vendor 249,IT & Software,SaaS Subscriptions,311.21,Nordics,No Contract
INV-2025-01149,2025-10-03,Vendor 260,Direct Materials,Electronic Components,1422.16,Nordics,No Contract
INV-2025-01150,2025-08-24,Vendor 138,IT & Software,Hardware,727.3,Nordics,No Contract
INV-2025-01151,2025-10-06,Strategic Partner 14,Professional Services,Management Consulting,3268.24,Central Europe,Active Contract
INV-2025-01152,2025-05-05,Strategic Partner 19,Logistics & Freight,Ocean Freight,5893.11,Nordics,Active Contract
INV-2025-01153,2025-01-21,Vendor 012,Direct Materials,Polymers,1676.33,Nordics,Active Contract
INV-2025-01154,2025-09-07,Vendor 229,Direct Materials,Electronic Components,229.18,Nordics,No Contract
INV-2025-01155,2025-03-17,Vendor 012,Direct Materials,Raw Metals,3865.85,Nordics,No Contract
INV-2025-01156,2025-11-22,Strategic Partner 23,Direct Materials,Raw Metals,17205.35,Central Europe,Active Contract
INV-2025-01157,2025-06-24,Strategic Partner 07,Direct Materials,Raw Metals,17906.11,Nordics,Active Contract
INV-2025-01158,2025-09-07,Vendor 125,Direct Materials,Electronic Components,979.95,Central Europe,No Contract
INV-2025-01159,2025-07-05,Vendor 185,Logistics & Freight,Warehousing,532.42,Central Europe,No Contract
INV-2025-01160,2025-09-22,Strategic Partner 01,IT & Software,Cloud Infrastructure,50490.9,Central Europe,Active Contract
INV-2025-01161,2025-12-02,Strategic Partner 29,Professional Services,Management Consulting,21998.44,Nordics,No Contract
INV-2025-01162,2025-09-16,Strategic Partner 20,Direct Materials,Raw Metals,114123.34,North America,Active Contract
INV-2025-01163,2025-12-11,Strategic Partner 04,Direct Materials,Electronic Components,39786.7,APAC,Active Contract
INV-2025-01164,2025-01-14,Strategic Partner 22,Direct Materials,Polymers,36706.0,APAC,Active Contract
INV-2025-01165,2025-03-14,Strategic Partner 21,Direct Materials,Polymers,107909.96,Central Europe,Active Contract
INV-2025-01166,2025-11-20,Vendor 061,Direct Materials,Polymers,1985.88,Nordics,Active Contract
INV-2025-01167,2025-07-23,Vendor 133,Logistics & Freight,Road Transport,2541.0,Central Europe,No Contract
INV-2025-01168,2025-04-03,Strategic Partner 29,Logistics & Freight,Ocean Freight,14707.68,North America,Active Contract
INV-2025-01169,2025-04-23,Vendor 089,IT & Software,SaaS Subscriptions,2938.38,Nordics,Active Contract
INV-2025-01170,2025-05-12,Vendor 070,Direct Materials,Electronic Components,3972.99,Nordics,No Contract
INV-2025-01171,2025-06-30,Strategic Partner 15,Logistics & Freight,Road Transport,3492.38,Central Europe,Active Contract
INV-2025-01172,2025-12-17,Strategic Partner 28,IT & Software,Hardware,19657.36,APAC,Active Contract
INV-2025-01173,2025-11-07,Strategic Partner 19,IT & Software,Cloud Infrastructure,4451.36,Nordics,Active Contract
INV-2025-01174,2025-06-24,Strategic Partner 10,Direct Materials,Raw Metals,7041.45,Nordics,Active Contract
INV-2025-01175,2025-03-12,Strategic Partner 28,Direct Materials,Raw Metals,32702.2,Central Europe,Active Contract
INV-2025-01176,2025-07-29,Vendor 205,Direct Materials,Raw Metals,2302.14,Nordics,No Contract
INV-2025-01177,2025-09-24,Vendor 013,IT & Software,Hardware,3835.5,Central Europe,No Contract
INV-2025-01178,2025-01-01,Vendor 263,Direct Materials,Polymers,189.91,North America,No Contract
INV-2025-01179,2025-09-09,Strategic Partner 12,IT & Software,SaaS Subscriptions,69031.77,Central Europe,Active Contract
INV-2025-01180,2025-02-03,Strategic Partner 25,Direct Materials,Electronic Components,6361.22,Nordics,Active Contract
INV-2025-01181,2025-03-27,Strategic Partner 29,Direct Materials,Electronic Components,5548.53,Nordics,Active Contract
INV-2025-01182,2025-10-15,Strategic Partner 18,Direct Materials,Polymers,12940.02,North America,Active Contract
INV-2025-01183,2025-07-03,Strategic Partner 03,Direct Materials,Raw Metals,25343.18,Central Europe,Active Contract
INV-2025-01184,2025-10-18,Strategic Partner 01,IT & Software,SaaS Subscriptions,5728.02,Nordics,No Contract
INV-2025-01185,2025-09-30,Strategic Partner 30,Facilities & MRO,Maintenance,38512.18,Nordics,Active Contract
INV-2025-01186,2025-06-25,Strategic Partner 20,Direct Materials,Electronic Components,45275.09,Nordics,Active Contract
INV-2025-01187,2025-07-01,Strategic Partner 09,Professional Services,Audit,7464.58,Nordics,Active Contract
INV-2025-01188,2025-07-03,Strategic Partner 24,Direct Materials,Raw Metals,54698.81,Central Europe,No Contract
INV-2025-01189,2025-08-19,Strategic Partner 26,Professional Services,Audit,59954.29,North America,Active Contract
INV-2025-01190,2025-03-26,Strategic Partner 05,Facilities & MRO,Cleaning Services,49040.52,North America,Active Contract
INV-2025-01191,2025-12-21,Vendor 106,Facilities & MRO,Cleaning Services,3233.3,Nordics,No Contract
INV-2025-01192,2025-02-16,Strategic Partner 19,Direct Materials,Raw Metals,42452.41,Nordics,Active Contract
INV-2025-01193,2025-12-09,Vendor 122,Logistics & Freight,Ocean Freight,1350.8,Central Europe,No Contract
INV-2025-01194,2025-03-30,Strategic Partner 30,IT & Software,Hardware,22606.34,Central Europe,Active Contract
INV-2025-01195,2025-04-04,Vendor 040,Direct Materials,Raw Metals,3560.04,Nordics,No Contract
INV-2025-01196,2025-03-10,Strategic Partner 04,Professional Services,Legal,19656.41,Central Europe,No Contract
INV-2025-01197,2025-12-07,Strategic Partner 16,IT & Software,Hardware,89107.19,Nordics,Active Contract
INV-2025-01198,2025-01-31,Strategic Partner 12,Direct Materials,Polymers,84954.36,Nordics,Active Contract
INV-2025-01199,2025-04-26,Strategic Partner 11,Professional Services,Legal,18894.29,Nordics,Active Contract
INV-2025-01200,2025-02-28,Strategic Partner 05,Direct Materials,Raw Metals,39056.86,Nordics,Active Contract
INV-2025-01201,2025-06-15,Strategic Partner 01,Facilities & MRO,Maintenance,32218.68,Central Europe,Active Contract
INV-2025-01202,2025-07-04,Strategic Partner 11,IT & Software,Hardware,24421.14,Central Europe,Active Contract
INV-2025-01203,2025-03-13,Strategic Partner 12,Direct Materials,Raw Metals,23660.02,Nordics,Active Contract
INV-2025-01204,2025-01-22,Strategic Partner 07,Facilities & MRO,Maintenance,90297.38,Central Europe,Active Contract
INV-2025-01205,2025-03-24,Strategic Partner 08,IT & Software,Cloud Infrastructure,51864.03,Nordics,Active Contract
INV-2025-01206,2025-07-10,Strategic Partner 26,Direct Materials,Polymers,47669.1,APAC,Active Contract
INV-2025-01207,2025-05-14,Strategic Partner 27,Direct Materials,Raw Metals,101624.27,Nordics,Active Contract
INV-2025-01208,2025-10-30,Strategic Partner 28,IT & Software,Hardware,7537.66,Nordics,Active Contract
INV-2025-01209,2025-05-11,Vendor 123,Direct Materials,Polymers,931.1,Central Europe,No Contract
INV-2025-01210,2025-01-05,Vendor 008,Direct Materials,Raw Metals,1868.92,Nordics,No Contract
INV-2025-01211,2025-01-28,Vendor 212,Direct Materials,Electronic Components,936.98,Nordics,No Contract
INV-2025-01212,2025-09-02,Strategic Partner 01,Direct Materials,Raw Metals,51916.81,Nordics,Active Contract
INV-2025-01213,2025-05-22,Strategic Partner 19,Direct Materials,Polymers,75503.64,Central Europe,Active Contract
INV-2025-01214,2025-02-25,Vendor 008,IT & Software,SaaS Subscriptions,3042.75,Nordics,No Contract
INV-2025-01215,2025-02-09,Vendor 231,Direct Materials,Electronic Components,2512.74,Central Europe,No Contract
INV-2025-01216,2025-04-25,Strategic Partner 20,Direct Materials,Raw Metals,54639.33,Nordics,Active Contract
INV-2025-01217,2025-04-03,Strategic Partner 15,IT & Software,SaaS Subscriptions,19833.82,Central Europe,Active Contract
INV-2025-01218,2025-01-09,Strategic Partner 08,Direct Materials,Raw Metals,9585.57,Nordics,Active Contract
INV-2025-01219,2025-03-17,Strategic Partner 29,Direct Materials,Raw Metals,11476.14,Nordics,Active Contract
INV-2025-01220,2025-06-11,Strategic Partner 03,Facilities & MRO,Maintenance,12252.12,Nordics,Active Contract
INV-2025-01221,2025-09-03,Strategic Partner 28,Direct Materials,Electronic Components,11489.62,North America,Active Contract
INV-2025-01222,2025-12-07,Strategic Partner 05,Professional Services,Audit,16359.51,North America,Active Contract
INV-2025-01223,2025-10-04,Strategic Partner 30,Facilities & MRO,Office Supplies,30070.47,North America,Active Contract
INV-2025-01224,2025-01-26,Strategic Partner 21,Logistics & Freight,Road Transport,63075.45,Central Europe,Active Contract
INV-2025-01225,2025-09-02,Strategic Partner 15,Direct Materials,Electronic Components,11399.46,North America,Active Contract
INV-2025-01226,2025-02-22,Strategic Partner 30,Logistics & Freight,Road Transport,25586.38,Central Europe,Active Contract
INV-2025-01227,2025-10-19,Strategic Partner 12,Logistics & Freight,Warehousing,83239.33,Nordics,No Contract
INV-2025-01228,2025-12-29,Vendor 015,Logistics & Freight,Road Transport,999.91,Nordics,No Contract
INV-2025-01229,2025-04-03,Strategic Partner 20,IT & Software,Hardware,22523.97,APAC,Active Contract
INV-2025-01230,2025-09-17,Vendor 041,Professional Services,Audit,995.22,Nordics,No Contract
INV-2025-01231,2025-01-02,Strategic Partner 18,Direct Materials,Polymers,11702.13,Nordics,Active Contract
INV-2025-01232,2025-06-05,Strategic Partner 17,Direct Materials,Electronic Components,6709.45,Nordics,Active Contract
INV-2025-01233,2025-10-17,Strategic Partner 28,IT & Software,Cloud Infrastructure,15891.35,Central Europe,Active Contract
INV-2025-01234,2025-06-08,Strategic Partner 09,IT & Software,Cloud Infrastructure,15883.88,Central Europe,Active Contract
INV-2025-01235,2025-10-09,Strategic Partner 12,Logistics & Freight,Ocean Freight,27899.33,North America,Active Contract
INV-2025-01236,2025-04-15,Strategic Partner 21,Logistics & Freight,Ocean Freight,24194.59,North America,Active Contract
INV-2025-01237,2025-05-27,Strategic Partner 15,Direct Materials,Polymers,5695.87,APAC,Active Contract
INV-2025-01238,2025-03-01,Strategic Partner 28,Direct Materials,Raw Metals,11109.53,APAC,Active Contract
INV-2025-01239,2025-11-12,Strategic Partner 29,Direct Materials,Electronic Components,16159.04,Central Europe,Active Contract
INV-2025-01240,2025-10-18,Strategic Partner 11,Professional Services,Audit,46884.46,APAC,Active Contract
INV-2025-01241,2025-11-29,Strategic Partner 24,Direct Materials,Raw Metals,5389.03,Central Europe,Active Contract
INV-2025-01242,2025-03-01,Strategic Partner 12,Direct Materials,Raw Metals,5972.36,Nordics,Active Contract
INV-2025-01243,2025-10-08,Vendor 194,Direct Materials,Electronic Components,1477.97,Nordics,No Contract
INV-2025-01244,2025-07-06,Strategic Partner 06,Professional Services,Audit,29515.9,Central Europe,Active Contract
INV-2025-01245,2025-07-29,Strategic Partner 02,Professional Services,Management Consulting,7669.3,Nordics,Active Contract
INV-2025-01246,2025-01-31,Strategic Partner 20,Direct Materials,Raw Metals,111986.0,Central Europe,No Contract
INV-2025-01247,2025-11-02,Strategic Partner 02,Logistics & Freight,Ocean Freight,3619.62,Nordics,Active Contract
INV-2025-01248,2025-12-19,Strategic Partner 26,Direct Materials,Electronic Components,25257.71,Nordics,No Contract
INV-2025-01249,2025-11-28,Strategic Partner 25,Logistics & Freight,Road Transport,37478.71,North America,Active Contract
INV-2025-01250,2025-04-01,Vendor 226,Professional Services,Management Consulting,3307.71,Nordics,No Contract
INV-2025-01251,2025-02-17,Strategic Partner 12,Direct Materials,Polymers,56714.37,North America,Active Contract
INV-2025-01252,2025-12-11,Vendor 286,Professional Services,Legal,3372.21,North America,No Contract
INV-2025-01253,2025-05-01,Strategic Partner 08,IT & Software,SaaS Subscriptions,20846.36,Nordics,Active Contract
INV-2025-01254,2025-10-03,Strategic Partner 11,Direct Materials,Electronic Components,25335.95,Central Europe,Active Contract
INV-2025-01255,2025-10-18,Vendor 067,Direct Materials,Polymers,3226.48,Nordics,No Contract
INV-2025-01256,2025-06-21,Vendor 054,Direct Materials,Polymers,805.02,North America,No Contract
INV-2025-01257,2025-04-30,Strategic Partner 21,IT & Software,SaaS Subscriptions,10299.2,Central Europe,Active Contract
INV-2025-01258,2025-08-23,Strategic Partner 09,Professional Services,Legal,10349.9,Nordics,Active Contract
INV-2025-01259,2025-02-28,Strategic Partner 05,Logistics & Freight,Warehousing,40056.25,North America,Active Contract
INV-2025-01260,2025-12-28,Strategic Partner 15,Professional Services,Management Consulting,20120.52,Nordics,Active Contract
INV-2025-01261,2025-11-05,Strategic Partner 06,Direct Materials,Polymers,14016.42,North America,Active Contract
INV-2025-01262,2025-01-20,Strategic Partner 26,Direct Materials,Polymers,39057.37,Central Europe,Active Contract
INV-2025-01263,2025-08-20,Strategic Partner 24,Direct Materials,Electronic Components,9172.92,APAC,Active Contract
INV-2025-01264,2025-10-23,Strategic Partner 14,Direct Materials,Raw Metals,29577.84,Central Europe,Active Contract
INV-2025-01265,2025-10-27,Strategic Partner 03,Direct Materials,Electronic Components,27675.68,Nordics,Active Contract
INV-2025-01266,2025-03-11,Strategic Partner 11,Direct Materials,Electronic Components,22102.5,North America,Active Contract
INV-2025-01267,2025-08-04,Vendor 274,Direct Materials,Electronic Components,256.96,Central Europe,No Contract
INV-2025-01268,2025-11-29,Strategic Partner 13,Logistics & Freight,Ocean Freight,9924.41,North America,Active Contract
INV-2025-01269,2025-01-25,Strategic Partner 30,Direct Materials,Polymers,4147.98,Nordics,Active Contract
INV-2025-01270,2025-02-06,Strategic Partner 12,Logistics & Freight,Road Transport,133345.46,Nordics,Active Contract
INV-2025-01271,2025-01-19,Strategic Partner 26,Logistics & Freight,Ocean Freight,41302.62,Central Europe,Active Contract
INV-2025-01272,2025-02-15,Strategic Partner 29,IT & Software,Cloud Infrastructure,28360.86,Central Europe,Active Contract
INV-2025-01273,2025-11-29,Vendor 059,Direct Materials,Polymers,4092.87,Nordics,Active Contract
INV-2025-01274,2025-10-30,Vendor 289,Direct Materials,Raw Metals,2126.46,North America,No Contract
INV-2025-01275,2025-02-13,Strategic Partner 04,IT & Software,SaaS Subscriptions,10952.4,Nordics,Active Contract
INV-2025-01276,2025-04-05,Strategic Partner 08,Professional Services,Audit,4951.57,Central Europe,Active Contract
INV-2025-01277,2025-11-07,Vendor 084,Direct Materials,Polymers,2045.47,APAC,No Contract
INV-2025-01278,2025-03-19,Strategic Partner 23,Logistics & Freight,Road Transport,54483.68,Nordics,Active Contract
INV-2025-01279,2025-08-22,Strategic Partner 12,Direct Materials,Polymers,24148.9,Central Europe,Active Contract
INV-2025-01280,2025-08-28,Vendor 166,Professional Services,Audit,164.86,Central Europe,No Contract
INV-2025-01281,2025-05-22,Strategic Partner 13,Direct Materials,Electronic Components,7698.17,Nordics,Active Contract
INV-2025-01282,2025-03-04,Strategic Partner 29,Direct Materials,Polymers,14410.68,Central Europe,Active Contract
INV-2025-01283,2025-08-24,Vendor 040,Logistics & Freight,Road Transport,755.56,North America,No Contract
INV-2025-01284,2025-05-13,Strategic Partner 29,Facilities & MRO,Cleaning Services,38875.28,Central Europe,Active Contract
INV-2025-01285,2025-06-15,Vendor 178,Direct Materials,Polymers,3992.28,Central Europe,No Contract
INV-2025-01286,2025-01-15,Vendor 089,Logistics & Freight,Road Transport,2390.7,Central Europe,No Contract
INV-2025-01287,2025-09-04,Strategic Partner 29,Direct Materials,Polymers,15520.97,Nordics,Active Contract
INV-2025-01288,2025-12-15,Strategic Partner 13,Direct Materials,Raw Metals,13117.32,Central Europe,Active Contract
INV-2025-01289,2025-12-29,Strategic Partner 28,IT & Software,SaaS Subscriptions,48154.82,Central Europe,Active Contract
INV-2025-01290,2025-04-06,Strategic Partner 29,Professional Services,Legal,27516.88,Central Europe,Active Contract
INV-2025-01291,2025-11-15,Strategic Partner 20,Logistics & Freight,Road Transport,64212.83,North America,No Contract
INV-2025-01292,2025-03-20,Strategic Partner 17,Direct Materials,Raw Metals,15867.06,Central Europe,Active Contract
INV-2025-01293,2025-11-11,Strategic Partner 25,Direct Materials,Raw Metals,64468.59,Nordics,Active Contract
INV-2025-01294,2025-07-06,Strategic Partner 19,Logistics & Freight,Ocean Freight,5993.76,Nordics,Active Contract
INV-2025-01295,2025-03-09,Strategic Partner 24,Direct Materials,Polymers,148149.56,North America,Active Contract
INV-2025-01296,2025-09-10,Strategic Partner 29,Direct Materials,Polymers,34784.75,Nordics,Active Contract
INV-2025-01297,2025-09-03,Vendor 264,Professional Services,Legal,1532.73,Central Europe,No Contract
INV-2025-01298,2025-06-21,Strategic Partner 04,IT & Software,SaaS Subscriptions,68625.38,Nordics,No Contract
INV-2025-01299,2025-10-31,Vendor 143,Logistics & Freight,Ocean Freight,5049.8,North America,No Contract
INV-2025-01300,2025-12-24,Vendor 053,IT & Software,SaaS Subscriptions,3535.37,Nordics,No Contract
INV-2025-01301,2025-03-21,Strategic Partner 12,Logistics & Freight,Warehousing,6533.63,North America,Active Contract
INV-2025-01302,2025-10-17,Strategic Partner 24,Direct Materials,Raw Metals,41333.6,Central Europe,Active Contract
INV-2025-01303,2025-05-31,Strategic Partner 13,Direct Materials,Raw Metals,38156.33,Nordics,Active Contract
INV-2025-01304,2025-11-10,Vendor 243,IT & Software,Cloud Infrastructure,1568.37,Nordics,No Contract
INV-2025-01305,2025-05-26,Strategic Partner 25,Direct Materials,Polymers,63443.98,North America,Active Contract
INV-2025-01306,2025-05-30,Strategic Partner 10,Direct Materials,Polymers,13805.06,North America,Active Contract
INV-2025-01307,2025-06-01,Strategic Partner 28,Direct Materials,Raw Metals,21757.35,Central Europe,No Contract
INV-2025-01308,2025-04-13,Strategic Partner 12,Direct Materials,Raw Metals,72420.77,Central Europe,No Contract
INV-2025-01309,2025-04-18,Strategic Partner 13,Direct Materials,Raw Metals,58873.48,Central Europe,No Contract
INV-2025-01310,2025-09-24,Vendor 209,Direct Materials,Electronic Components,3577.34,Central Europe,Active Contract
INV-2025-01311,2025-11-04,Strategic Partner 16,Direct Materials,Raw Metals,27016.14,North America,Active Contract
INV-2025-01312,2025-03-01,Strategic Partner 24,Logistics & Freight,Ocean Freight,16612.59,APAC,Active Contract
INV-2025-01313,2025-12-27,Strategic Partner 12,Direct Materials,Polymers,45637.05,Central Europe,Active Contract
INV-2025-01314,2025-03-09,Strategic Partner 25,Direct Materials,Electronic Components,15845.49,Central Europe,Active Contract
INV-2025-01315,2025-07-20,Strategic Partner 28,Direct Materials,Polymers,11108.58,North America,Active Contract
INV-2025-01316,2025-04-17,Strategic Partner 05,Direct Materials,Raw Metals,39811.84,Nordics,Active Contract
INV-2025-01317,2025-09-30,Strategic Partner 16,Direct Materials,Electronic Components,3144.68,Central Europe,Active Contract
INV-2025-01318,2025-07-12,Strategic Partner 02,Direct Materials,Raw Metals,123026.22,Nordics,Active Contract
INV-2025-01319,2025-01-13,Vendor 260,Direct Materials,Raw Metals,6939.91,APAC,Active Contract
INV-2025-01320,2025-10-11,Vendor 176,Logistics & Freight,Ocean Freight,2263.19,Nordics,No Contract
INV-2025-01321,2025-12-17,Strategic Partner 17,Professional Services,Management Consulting,20384.73,North America,Active Contract
INV-2025-01322,2025-03-27,Vendor 288,IT & Software,SaaS Subscriptions,1107.37,APAC,No Contract
INV-2025-01323,2025-10-18,Strategic Partner 03,Professional Services,Management Consulting,11611.05,Nordics,Active Contract
INV-2025-01324,2025-07-01,Vendor 219,Logistics & Freight,Warehousing,1765.38,Central Europe,No Contract
INV-2025-01325,2025-01-03,Vendor 107,IT & Software,Hardware,2603.05,Central Europe,Active Contract
INV-2025-01326,2025-12-18,Strategic Partner 22,Logistics & Freight,Road Transport,33429.48,Central Europe,Active Contract
INV-2025-01327,2025-05-26,Strategic Partner 25,Direct Materials,Raw Metals,15847.41,Central Europe,Active Contract
INV-2025-01328,2025-10-06,Strategic Partner 20,Direct Materials,Raw Metals,116957.07,North America,Active Contract
INV-2025-01329,2025-12-26,Strategic Partner 10,Direct Materials,Electronic Components,44613.29,North America,Active Contract
INV-2025-01330,2025-05-08,Strategic Partner 18,IT & Software,Cloud Infrastructure,21447.57,APAC,Active Contract
INV-2025-01331,2025-01-16,Vendor 048,Direct Materials,Raw Metals,210.01,North America,No Contract
INV-2025-01332,2025-11-22,Vendor 048,Professional Services,Management Consulting,3444.73,North America,No Contract
INV-2025-01333,2025-01-04,Vendor 174,Professional Services,Management Consulting,2281.26,Central Europe,No Contract
INV-2025-01334,2025-12-01,Vendor 036,IT & Software,Cloud Infrastructure,898.21,North America,No Contract
INV-2025-01335,2025-03-13,Strategic Partner 12,Direct Materials,Polymers,15655.99,Nordics,Active Contract
INV-2025-01336,2025-03-09,Strategic Partner 10,Direct Materials,Polymers,5632.12,North America,Active Contract
INV-2025-01337,2025-11-15,Strategic Partner 27,Direct Materials,Electronic Components,26942.42,Nordics,Active Contract
INV-2025-01338,2025-03-23,Vendor 263,Logistics & Freight,Ocean Freight,6024.33,APAC,Active Contract
INV-2025-01339,2025-07-26,Vendor 185,IT & Software,Cloud Infrastructure,3351.21,Central Europe,No Contract
INV-2025-01340,2025-04-27,Strategic Partner 29,Logistics & Freight,Ocean Freight,18972.0,Central Europe,Active Contract
INV-2025-01341,2025-05-11,Vendor 057,Direct Materials,Electronic Components,4999.81,Central Europe,No Contract
INV-2025-01342,2025-08-06,Strategic Partner 26,Direct Materials,Electronic Components,25041.05,Nordics,Active Contract
INV-2025-01343,2025-05-30,Strategic Partner 25,Professional Services,Legal,8391.6,Nordics,Active Contract
INV-2025-01344,2025-09-09,Vendor 106,Direct Materials,Polymers,3944.26,Central Europe,No Contract
INV-2025-01345,2025-06-17,Strategic Partner 12,Professional Services,Legal,16167.44,North America,Active Contract
INV-2025-01346,2025-07-29,Strategic Partner 23,Direct Materials,Electronic Components,26839.51,Nordics,Active Contract
INV-2025-01347,2025-03-12,Strategic Partner 21,Professional Services,Audit,167593.28,Central Europe,No Contract
INV-2025-01348,2025-03-28,Vendor 004,Direct Materials,Polymers,207.07,Nordics,No Contract
INV-2025-01349,2025-09-16,Strategic Partner 22,Direct Materials,Electronic Components,11813.38,Nordics,Active Contract
INV-2025-01350,2025-12-22,Vendor 020,Direct Materials,Polymers,442.44,Nordics,No Contract
INV-2025-01351,2025-01-29,Strategic Partner 06,Professional Services,Legal,3204.49,Central Europe,Active Contract
INV-2025-01352,2025-11-08,Vendor 025,Logistics & Freight,Warehousing,990.1,Nordics,No Contract
INV-2025-01353,2025-06-05,Vendor 057,Logistics & Freight,Ocean Freight,19134.07,Nordics,No Contract
INV-2025-01354,2025-12-08,Strategic Partner 06,IT & Software,SaaS Subscriptions,9779.35,Nordics,Active Contract
INV-2025-01355,2025-10-06,Vendor 154,Facilities & MRO,Maintenance,558.99,Nordics,Active Contract
INV-2025-01356,2025-10-19,Strategic Partner 28,Professional Services,Management Consulting,30960.5,Nordics,Active Contract
INV-2025-01357,2025-01-31,Strategic Partner 26,Professional Services,Legal,36261.34,APAC,Active Contract
INV-2025-01358,2025-11-20,Vendor 004,Logistics & Freight,Road Transport,4659.17,APAC,No Contract
INV-2025-01359,2025-01-16,Strategic Partner 11,Logistics & Freight,Ocean Freight,99410.0,Nordics,Active Contract
INV-2025-01360,2025-02-20,Strategic Partner 24,Direct Materials,Polymers,3195.36,Nordics,Active Contract
INV-2025-01361,2025-10-31,Strategic Partner 20,Professional Services,Audit,14287.38,Nordics,Active Contract
INV-2025-01362,2025-10-03,Vendor 254,Direct Materials,Raw Metals,1859.57,Nordics,No Contract
INV-2025-01363,2025-04-17,Strategic Partner 22,Facilities & MRO,Maintenance,69134.24,Central Europe,Active Contract
INV-2025-01364,2025-06-14,Strategic Partner 06,Facilities & MRO,Office Supplies,4590.59,Nordics,Active Contract
INV-2025-01365,2025-06-20,Vendor 084,Logistics & Freight,Warehousing,3335.3,Nordics,No Contract
INV-2025-01366,2025-04-26,Strategic Partner 21,Direct Materials,Electronic Components,18614.43,APAC,Active Contract
INV-2025-01367,2025-02-13,Vendor 058,Direct Materials,Raw Metals,1277.98,Nordics,No Contract
INV-2025-01368,2025-02-04,Strategic Partner 09,Direct Materials,Raw Metals,25483.14,Central Europe,Active Contract
INV-2025-01369,2025-06-13,Strategic Partner 28,Direct Materials,Electronic Components,6934.74,North America,Active Contract
INV-2025-01370,2025-03-27,Vendor 146,Logistics & Freight,Warehousing,6890.67,Nordics,No Contract
INV-2025-01371,2025-01-05,Strategic Partner 18,Professional Services,Management Consulting,47710.99,Nordics,Active Contract
INV-2025-01372,2025-01-08,Vendor 289,Logistics & Freight,Road Transport,4782.95,Central Europe,No Contract
INV-2025-01373,2025-07-12,Strategic Partner 01,Professional Services,Management Consulting,14956.95,North America,Active Contract
INV-2025-01374,2025-05-30,Strategic Partner 26,IT & Software,Hardware,15996.83,North America,No Contract
INV-2025-01375,2025-11-19,Strategic Partner 28,Direct Materials,Raw Metals,16045.81,Nordics,Active Contract
INV-2025-01376,2025-10-05,Strategic Partner 16,IT & Software,Cloud Infrastructure,33763.23,Central Europe,Active Contract
INV-2025-01377,2025-08-03,Strategic Partner 11,Direct Materials,Polymers,3483.98,Nordics,Active Contract
INV-2025-01378,2025-10-22,Strategic Partner 05,IT & Software,SaaS Subscriptions,3571.6,Nordics,Active Contract
INV-2025-01379,2025-02-21,Strategic Partner 21,Direct Materials,Polymers,5755.74,North America,Active Contract
INV-2025-01380,2025-07-12,Vendor 121,Professional Services,Legal,1525.11,Central Europe,No Contract
INV-2025-01381,2025-04-04,Strategic Partner 03,Direct Materials,Raw Metals,16927.52,North America,Active Contract
INV-2025-01382,2025-12-03,Vendor 066,Direct Materials,Raw Metals,992.81,APAC,No Contract
INV-2025-01383,2025-03-08,Strategic Partner 18,Professional Services,Management Consulting,8365.68,Nordics,Active Contract
INV-2025-01384,2025-10-23,Strategic Partner 24,Direct Materials,Electronic Components,111895.02,Nordics,Active Contract
INV-2025-01385,2025-08-09,Vendor 176,Direct Materials,Electronic Components,1982.05,Central Europe,Active Contract
INV-2025-01386,2025-08-06,Strategic Partner 02,Direct Materials,Raw Metals,15785.46,Nordics,Active Contract
INV-2025-01387,2025-02-05,Strategic Partner 10,Direct Materials,Raw Metals,9188.96,Central Europe,Active Contract
INV-2025-01388,2025-11-12,Strategic Partner 13,Direct Materials,Electronic Components,16801.86,Central Europe,Active Contract
INV-2025-01389,2025-08-16,Strategic Partner 20,Logistics & Freight,Warehousing,20747.76,Central Europe,Active Contract
INV-2025-01390,2025-12-03,Strategic Partner 26,Direct Materials,Polymers,16304.21,North America,Active Contract
INV-2025-01391,2025-06-24,Strategic Partner 03,Direct Materials,Polymers,49859.64,Nordics,Active Contract
INV-2025-01392,2025-08-01,Vendor 235,Direct Materials,Electronic Components,729.08,Nordics,No Contract
INV-2025-01393,2025-04-26,Strategic Partner 16,IT & Software,Hardware,17987.03,APAC,Active Contract
INV-2025-01394,2025-01-10,Vendor 230,Logistics & Freight,Ocean Freight,546.91,Nordics,No Contract
INV-2025-01395,2025-06-27,Strategic Partner 25,Logistics & Freight,Road Transport,39751.58,North America,Active Contract
INV-2025-01396,2025-10-12,Strategic Partner 28,Logistics & Freight,Road Transport,8719.09,Nordics,Active Contract
INV-2025-01397,2025-09-19,Strategic Partner 30,Direct Materials,Electronic Components,16990.1,North America,Active Contract
INV-2025-01398,2025-03-21,Strategic Partner 08,IT & Software,Cloud Infrastructure,18287.41,Central Europe,Active Contract
INV-2025-01399,2025-08-11,Vendor 205,IT & Software,Hardware,4753.68,Central Europe,No Contract
INV-2025-01400,2025-08-30,Strategic Partner 06,Direct Materials,Electronic Components,9950.39,North America,Active Contract
INV-2025-01401,2025-09-14,Vendor 140,Direct Materials,Raw Metals,3444.76,Central Europe,No Contract
INV-2025-01402,2025-11-27,Vendor 072,Direct Materials,Electronic Components,1184.25,Nordics,No Contract
INV-2025-01403,2025-11-09,Strategic Partner 14,Direct Materials,Electronic Components,15733.56,Central Europe,No Contract
INV-2025-01404,2025-12-22,Vendor 050,Direct Materials,Raw Metals,383.6,Central Europe,No Contract
INV-2025-01405,2025-01-27,Strategic Partner 13,Direct Materials,Raw Metals,3971.59,Nordics,Active Contract
INV-2025-01406,2025-09-22,Vendor 261,Logistics & Freight,Ocean Freight,6810.72,North America,No Contract
INV-2025-01407,2025-11-30,Strategic Partner 10,IT & Software,SaaS Subscriptions,10409.24,Central Europe,Active Contract
INV-2025-01408,2025-05-21,Strategic Partner 18,Facilities & MRO,Office Supplies,40548.48,Nordics,Active Contract
INV-2025-01409,2025-04-16,Strategic Partner 04,Professional Services,Audit,29149.0,Central Europe,Active Contract
INV-2025-01410,2025-12-15,Vendor 157,IT & Software,SaaS Subscriptions,1764.25,Central Europe,No Contract
INV-2025-01411,2025-06-21,Strategic Partner 07,Direct Materials,Raw Metals,26135.31,Central Europe,Active Contract
INV-2025-01412,2025-10-05,Vendor 086,Direct Materials,Polymers,14252.37,Nordics,Active Contract
INV-2025-01413,2025-03-20,Strategic Partner 01,Facilities & MRO,Cleaning Services,5213.37,North America,Active Contract
INV-2025-01414,2025-07-02,Vendor 154,Logistics & Freight,Ocean Freight,2283.06,Nordics,Active Contract
INV-2025-01415,2025-02-16,Strategic Partner 13,Facilities & MRO,Maintenance,15784.04,Nordics,Active Contract
INV-2025-01416,2025-09-19,Strategic Partner 05,Professional Services,Management Consulting,63421.27,North America,Active Contract
INV-2025-01417,2025-10-23,Strategic Partner 22,IT & Software,SaaS Subscriptions,5328.38,Central Europe,Active Contract
INV-2025-01418,2025-10-08,Strategic Partner 17,Direct Materials,Electronic Components,23676.65,North America,Active Contract
INV-2025-01419,2025-08-02,Vendor 063,Facilities & MRO,Office Supplies,756.67,Central Europe,No Contract
INV-2025-01420,2025-11-30,Vendor 272,Facilities & MRO,Office Supplies,2279.05,North America,No Contract
INV-2025-01421,2025-10-09,Strategic Partner 14,Professional Services,Legal,23432.89,North America,Active Contract
INV-2025-01422,2025-07-04,Strategic Partner 16,Direct Materials,Electronic Components,14554.43,North America,Active Contract
INV-2025-01423,2025-10-06,Strategic Partner 26,Professional Services,Management Consulting,6267.5,North America,No Contract
INV-2025-01424,2025-09-30,Strategic Partner 21,Direct Materials,Electronic Components,21447.08,Central Europe,Active Contract
INV-2025-01425,2025-07-05,Vendor 108,Direct Materials,Polymers,10135.66,APAC,No Contract
INV-2025-01426,2025-07-29,Vendor 045,Direct Materials,Electronic Components,4492.9,Nordics,Active Contract
INV-2025-01427,2025-03-19,Vendor 269,Facilities & MRO,Maintenance,880.9,Nordics,No Contract
INV-2025-01428,2025-02-22,Strategic Partner 15,Direct Materials,Polymers,21889.57,Central Europe,No Contract
INV-2025-01429,2025-10-09,Vendor 297,Direct Materials,Electronic Components,2367.35,North America,Active Contract
INV-2025-01430,2025-05-14,Vendor 114,Professional Services,Management Consulting,9482.57,Nordics,Active Contract
INV-2025-01431,2025-01-15,Strategic Partner 02,Direct Materials,Raw Metals,78201.08,North America,Active Contract
INV-2025-01432,2025-01-19,Vendor 147,Direct Materials,Electronic Components,771.15,Nordics,No Contract
INV-2025-01433,2025-06-24,Strategic Partner 17,Direct Materials,Polymers,45695.29,Nordics,Active Contract
INV-2025-01434,2025-09-30,Strategic Partner 08,Professional Services,Legal,36934.0,APAC,Active Contract
INV-2025-01435,2025-02-06,Vendor 102,Professional Services,Audit,3748.7,Central Europe,No Contract
INV-2025-01436,2025-02-17,Vendor 267,IT & Software,SaaS Subscriptions,1498.21,North America,No Contract
INV-2025-01437,2025-02-25,Strategic Partner 27,Direct Materials,Raw Metals,63006.09,APAC,Active Contract
INV-2025-01438,2025-11-24,Vendor 087,Direct Materials,Electronic Components,714.99,Nordics,No Contract
INV-2025-01439,2025-08-29,Strategic Partner 28,Facilities & MRO,Cleaning Services,12319.88,North America,Active Contract
INV-2025-01440,2025-07-31,Strategic Partner 03,Logistics & Freight,Ocean Freight,27398.48,APAC,Active Contract
INV-2025-01441,2025-02-12,Vendor 004,Logistics & Freight,Road Transport,5554.32,Nordics,No Contract
INV-2025-01442,2025-06-28,Strategic Partner 26,Professional Services,Legal,40312.58,Central Europe,Active Contract
INV-2025-01443,2025-12-11,Strategic Partner 15,IT & Software,Hardware,9968.82,Central Europe,Active Contract
INV-2025-01444,2025-09-26,Vendor 165,IT & Software,Hardware,376.86,North America,Active Contract
INV-2025-01445,2025-05-12,Strategic Partner 07,Facilities & MRO,Office Supplies,98986.12,Central Europe,Active Contract
INV-2025-01446,2025-08-22,Vendor 182,Direct Materials,Electronic Components,3298.48,North America,No Contract
INV-2025-01447,2025-10-01,Strategic Partner 20,Direct Materials,Polymers,19677.59,Nordics,Active Contract
INV-2025-01448,2025-10-10,Strategic Partner 17,Professional Services,Legal,7602.31,Central Europe,Active Contract
INV-2025-01449,2025-04-26,Strategic Partner 20,Logistics & Freight,Road Transport,10568.21,Central Europe,Active Contract
INV-2025-01450,2025-04-15,Strategic Partner 19,IT & Software,SaaS Subscriptions,3613.47,Nordics,Active Contract
INV-2025-01451,2025-05-01,Vendor 277,Direct Materials,Electronic Components,201.81,Central Europe,No Contract
INV-2025-01452,2025-12-19,Strategic Partner 13,IT & Software,SaaS Subscriptions,48400.82,North America,Active Contract
INV-2025-01453,2025-02-25,Strategic Partner 23,Logistics & Freight,Warehousing,4006.28,Nordics,Active Contract
INV-2025-01454,2025-09-17,Strategic Partner 26,Logistics & Freight,Ocean Freight,64637.14,Central Europe,Active Contract
INV-2025-01455,2025-07-16,Vendor 178,Direct Materials,Raw Metals,5028.97,Nordics,No Contract
INV-2025-01456,2025-07-15,Strategic Partner 20,Logistics & Freight,Warehousing,22346.6,Nordics,Active Contract
INV-2025-01457,2025-09-09,Vendor 140,Direct Materials,Electronic Components,1978.72,APAC,No Contract
INV-2025-01458,2025-09-05,Strategic Partner 22,Direct Materials,Electronic Components,3535.5,Nordics,Active Contract
INV-2025-01459,2025-07-17,Vendor 075,Direct Materials,Electronic Components,3401.15,Nordics,No Contract
INV-2025-01460,2025-04-25,Strategic Partner 08,Direct Materials,Polymers,6990.25,Nordics,Active Contract
INV-2025-01461,2025-02-16,Strategic Partner 21,Professional Services,Audit,3468.63,Central Europe,Active Contract
INV-2025-01462,2025-01-08,Vendor 085,Direct Materials,Raw Metals,852.06,APAC,No Contract
INV-2025-01463,2025-11-02,Vendor 112,Logistics & Freight,Warehousing,724.11,Nordics,Active Contract
INV-2025-01464,2025-05-19,Strategic Partner 23,Logistics & Freight,Warehousing,31558.5,Nordics,Active Contract
INV-2025-01465,2025-09-20,Vendor 125,Logistics & Freight,Road Transport,2101.56,APAC,No Contract
INV-2025-01466,2025-04-24,Vendor 173,Direct Materials,Polymers,2642.2,North America,No Contract
INV-2025-01467,2025-01-02,Strategic Partner 20,IT & Software,Hardware,13034.37,Central Europe,Active Contract
INV-2025-01468,2025-10-10,Strategic Partner 19,Logistics & Freight,Warehousing,16578.33,North America,Active Contract
INV-2025-01469,2025-10-08,Strategic Partner 04,Direct Materials,Polymers,20830.3,Nordics,Active Contract
INV-2025-01470,2025-09-22,Vendor 085,Direct Materials,Raw Metals,253.33,Nordics,No Contract
INV-2025-01471,2025-12-28,Strategic Partner 22,Facilities & MRO,Maintenance,8990.1,Nordics,Active Contract
INV-2025-01472,2025-03-22,Vendor 139,IT & Software,Hardware,257.2,Central Europe,No Contract
INV-2025-01473,2025-07-10,Strategic Partner 28,Facilities & MRO,Cleaning Services,40750.44,Nordics,Active Contract
INV-2025-01474,2025-05-13,Strategic Partner 21,Logistics & Freight,Ocean Freight,17071.48,Central Europe,Active Contract
INV-2025-01475,2025-02-27,Strategic Partner 01,Direct Materials,Raw Metals,16959.7,North America,Active Contract
INV-2025-01476,2025-01-23,Strategic Partner 06,Facilities & MRO,Cleaning Services,24512.05,Nordics,Active Contract
INV-2025-01477,2025-02-22,Strategic Partner 07,Facilities & MRO,Maintenance,44008.02,Nordics,Active Contract
INV-2025-01478,2025-10-13,Strategic Partner 19,Facilities & MRO,Cleaning Services,62719.53,North America,Active Contract
INV-2025-01479,2025-12-12,Vendor 049,Direct Materials,Polymers,7196.55,Nordics,No Contract
INV-2025-01480,2025-10-07,Strategic Partner 22,Logistics & Freight,Road Transport,10318.96,North America,Active Contract
INV-2025-01481,2025-12-02,Strategic Partner 01,Direct Materials,Polymers,19899.83,APAC,Active Contract
INV-2025-01482,2025-05-29,Strategic Partner 19,Direct Materials,Polymers,41587.44,Nordics,Active Contract
INV-2025-01483,2025-02-19,Strategic Partner 30,Facilities & MRO,Office Supplies,18195.86,North America,No Contract
INV-2025-01484,2025-06-13,Strategic Partner 08,Professional Services,Management Consulting,19716.17,North America,Active Contract
INV-2025-01485,2025-03-09,Strategic Partner 25,Direct Materials,Electronic Components,41565.83,North America,Active Contract
INV-2025-01486,2025-10-09,Vendor 120,IT & Software,SaaS Subscriptions,3906.46,Central Europe,Active Contract
INV-2025-01487,2025-06-10,Strategic Partner 04,Direct Materials,Polymers,26305.23,Central Europe,Active Contract
INV-2025-01488,2025-04-02,Strategic Partner 03,Facilities & MRO,Cleaning Services,28059.8,Central Europe,Active Contract
INV-2025-01489,2025-07-13,Strategic Partner 03,Logistics & Freight,Ocean Freight,10333.04,North America,Active Contract
INV-2025-01490,2025-08-21,Strategic Partner 21,Direct Materials,Electronic Components,24047.39,Nordics,Active Contract
INV-2025-01491,2025-09-04,Strategic Partner 12,Professional Services,Legal,37211.66,North America,Active Contract
INV-2025-01492,2025-06-18,Strategic Partner 19,Direct Materials,Raw Metals,93277.03,APAC,Active Contract
INV-2025-01493,2025-12-17,Strategic Partner 09,Professional Services,Management Consulting,41451.53,Nordics,Active Contract
INV-2025-01494,2025-04-19,Strategic Partner 15,Direct Materials,Raw Metals,22212.85,Central Europe,Active Contract
INV-2025-01495,2025-12-25,Vendor 038,Direct Materials,Polymers,3583.21,Nordics,No Contract
INV-2025-01496,2025-12-25,Vendor 153,Direct Materials,Raw Metals,11658.08,Nordics,No Contract
INV-2025-01497,2025-08-02,Strategic Partner 07,Direct Materials,Electronic Components,69862.62,Central Europe,Active Contract
INV-2025-01498,2025-02-28,Strategic Partner 07,Professional Services,Management Consulting,31258.92,Nordics,Active Contract
INV-2025-01499,2025-01-25,Vendor 266,Direct Materials,Electronic Components,1686.58,Nordics,No Contract
INV-2025-01500,2025-11-29,Strategic Partner 13,Direct Materials,Polymers,3517.62,Nordics,Active Contract
INV-2025-01501,2025-11-24,Vendor 232,Professional Services,Management Consulting,4154.86,Central Europe,No Contract
INV-2025-01502,2025-10-17,Vendor 081,Direct Materials,Polymers,1876.53,North America,No Contract
INV-2025-01503,2025-09-06,Strategic Partner 05,Direct Materials,Electronic Components,50220.98,Nordics,Active Contract
INV-2025-01504,2025-07-05,Strategic Partner 19,Professional Services,Management Consulting,9712.4,Central Europe,Active Contract
INV-2025-01505,2025-12-23,Strategic Partner 13,IT & Software,Hardware,25993.93,Nordics,Active Contract
INV-2025-01506,2025-04-23,Strategic Partner 28,Direct Materials,Polymers,34753.83,North America,Active Contract
INV-2025-01507,2025-02-24,Strategic Partner 26,Logistics & Freight,Warehousing,32973.01,Nordics,Active Contract
INV-2025-01508,2025-12-01,Strategic Partner 06,Logistics & Freight,Road Transport,33599.0,Nordics,Active Contract
INV-2025-01509,2025-10-23,Strategic Partner 30,Logistics & Freight,Warehousing,24839.99,North America,Active Contract
INV-2025-01510,2025-01-12,Vendor 294,IT & Software,SaaS Subscriptions,1419.39,Nordics,No Contract
INV-2025-01511,2025-10-12,Strategic Partner 25,Logistics & Freight,Road Transport,45803.09,Nordics,Active Contract
INV-2025-01512,2025-05-20,Vendor 259,Logistics & Freight,Road Transport,2589.66,North America,No Contract
INV-2025-01513,2025-09-03,Strategic Partner 30,Direct Materials,Electronic Components,29210.61,Central Europe,Active Contract
INV-2025-01514,2025-12-22,Strategic Partner 18,Logistics & Freight,Warehousing,82402.1,North America,Active Contract
INV-2025-01515,2025-07-05,Vendor 191,Facilities & MRO,Cleaning Services,6745.92,Nordics,No Contract
INV-2025-01516,2025-09-29,Strategic Partner 08,Direct Materials,Polymers,10920.73,North America,Active Contract
INV-2025-01517,2025-02-12,Strategic Partner 01,Facilities & MRO,Cleaning Services,59198.42,North America,Active Contract
INV-2025-01518,2025-02-21,Strategic Partner 03,Logistics & Freight,Ocean Freight,6756.82,Nordics,Active Contract
INV-2025-01519,2025-09-19,Strategic Partner 06,Logistics & Freight,Road Transport,13188.78,Central Europe,Active Contract
INV-2025-01520,2025-10-13,Strategic Partner 10,Logistics & Freight,Ocean Freight,30066.31,Nordics,Active Contract
INV-2025-01521,2025-11-29,Vendor 047,Direct Materials,Polymers,2892.98,Central Europe,No Contract
INV-2025-01522,2025-03-04,Strategic Partner 20,Direct Materials,Raw Metals,8962.15,Nordics,Active Contract
INV-2025-01523,2025-11-16,Strategic Partner 08,Facilities & MRO,Office Supplies,3601.6,Nordics,Active Contract
INV-2025-01524,2025-09-20,Strategic Partner 18,IT & Software,SaaS Subscriptions,27012.01,Central Europe,Active Contract
INV-2025-01525,2025-04-11,Vendor 105,Direct Materials,Polymers,3308.1,Nordics,No Contract
INV-2025-01526,2025-02-16,Strategic Partner 16,Direct Materials,Polymers,11590.16,North America,Active Contract
INV-2025-01527,2025-10-05,Vendor 167,Professional Services,Audit,4801.59,Central Europe,No Contract
INV-2025-01528,2025-09-20,Strategic Partner 10,Logistics & Freight,Warehousing,35792.38,APAC,Active Contract
INV-2025-01529,2025-12-12,Strategic Partner 13,IT & Software,Cloud Infrastructure,29352.15,North America,Active Contract
INV-2025-01530,2025-07-21,Strategic Partner 09,Direct Materials,Raw Metals,8722.55,Central Europe,Active Contract
INV-2025-01531,2025-03-25,Vendor 300,Direct Materials,Electronic Components,989.65,Central Europe,Active Contract
INV-2025-01532,2025-10-08,Vendor 098,Direct Materials,Raw Metals,334.67,Nordics,No Contract
INV-2025-01533,2025-05-26,Strategic Partner 27,Direct Materials,Polymers,56584.48,Nordics,Active Contract
INV-2025-01534,2025-09-02,Strategic Partner 26,Direct Materials,Electronic Components,4277.28,North America,Active Contract
INV-2025-01535,2025-01-17,Strategic Partner 02,Facilities & MRO,Cleaning Services,5465.42,Central Europe,Active Contract
INV-2025-01536,2025-12-13,Vendor 078,IT & Software,SaaS Subscriptions,7648.38,North America,No Contract
INV-2025-01537,2025-08-27,Strategic Partner 29,Direct Materials,Polymers,10794.07,Central Europe,No Contract
INV-2025-01538,2025-08-04,Strategic Partner 04,Direct Materials,Electronic Components,3633.33,Central Europe,Active Contract
INV-2025-01539,2025-12-20,Vendor 269,IT & Software,Hardware,1815.82,North America,No Contract
INV-2025-01540,2025-01-17,Strategic Partner 08,Direct Materials,Polymers,29712.13,Central Europe,Active Contract
INV-2025-01541,2025-07-17,Strategic Partner 22,Professional Services,Audit,12691.28,Nordics,Active Contract
INV-2025-01542,2025-09-01,Strategic Partner 29,IT & Software,Cloud Infrastructure,13353.35,North America,Active Contract
INV-2025-01543,2025-09-30,Vendor 177,Direct Materials,Raw Metals,2640.9,Central Europe,No Contract
INV-2025-01544,2025-07-12,Strategic Partner 25,Direct Materials,Polymers,39897.82,Central Europe,Active Contract
INV-2025-01545,2025-10-14,Strategic Partner 29,Direct Materials,Polymers,42516.73,Nordics,Active Contract
INV-2025-01546,2025-02-15,Vendor 298,Facilities & MRO,Maintenance,810.78,APAC,No Contract
INV-2025-01547,2025-02-28,Strategic Partner 05,IT & Software,SaaS Subscriptions,30843.1,Central Europe,Active Contract
INV-2025-01548,2025-04-16,Strategic Partner 05,Direct Materials,Polymers,13816.43,Nordics,Active Contract
INV-2025-01549,2025-03-11,Vendor 031,Logistics & Freight,Warehousing,1314.63,APAC,No Contract
INV-2025-01550,2025-11-19,Strategic Partner 03,Logistics & Freight,Road Transport,33572.08,Nordics,Active Contract
INV-2025-01551,2025-07-22,Strategic Partner 20,Logistics & Freight,Warehousing,6617.57,North America,Active Contract
INV-2025-01552,2025-11-03,Strategic Partner 25,Facilities & MRO,Cleaning Services,67672.65,North America,Active Contract
INV-2025-01553,2025-02-10,Strategic Partner 03,Direct Materials,Electronic Components,22904.52,Nordics,No Contract
INV-2025-01554,2025-01-16,Strategic Partner 15,Facilities & MRO,Office Supplies,51207.97,Central Europe,Active Contract
INV-2025-01555,2025-05-09,Strategic Partner 20,IT & Software,Cloud Infrastructure,31252.54,Nordics,Active Contract
INV-2025-01556,2025-08-30,Strategic Partner 14,Facilities & MRO,Cleaning Services,42447.41,North America,Active Contract
INV-2025-01557,2025-07-11,Strategic Partner 15,Direct Materials,Raw Metals,16244.06,North America,Active Contract
INV-2025-01558,2025-11-08,Strategic Partner 25,Direct Materials,Raw Metals,8737.06,Central Europe,Active Contract
INV-2025-01559,2025-03-19,Strategic Partner 17,Professional Services,Management Consulting,37097.36,Nordics,No Contract
INV-2025-01560,2025-03-10,Strategic Partner 14,Direct Materials,Electronic Components,14731.54,North America,No Contract
INV-2025-01561,2025-04-03,Strategic Partner 12,Logistics & Freight,Ocean Freight,28879.57,Central Europe,Active Contract
INV-2025-01562,2025-08-13,Strategic Partner 02,Professional Services,Management Consulting,14187.99,Nordics,Active Contract
INV-2025-01563,2025-08-24,Strategic Partner 07,Direct Materials,Raw Metals,21058.39,Central Europe,Active Contract
INV-2025-01564,2025-06-18,Strategic Partner 23,Logistics & Freight,Ocean Freight,49155.29,Nordics,Active Contract
INV-2025-01565,2025-11-27,Strategic Partner 30,Direct Materials,Raw Metals,4995.77,Central Europe,Active Contract
INV-2025-01566,2025-12-04,Strategic Partner 02,Direct Materials,Polymers,12819.55,Central Europe,Active Contract
INV-2025-01567,2025-08-24,Vendor 097,Logistics & Freight,Road Transport,5307.91,Nordics,No Contract
INV-2025-01568,2025-02-24,Vendor 258,Direct Materials,Electronic Components,701.94,Central Europe,No Contract
INV-2025-01569,2025-04-16,Strategic Partner 11,Logistics & Freight,Road Transport,63696.14,Central Europe,No Contract
INV-2025-01570,2025-05-10,Vendor 235,IT & Software,SaaS Subscriptions,620.41,Nordics,No Contract
INV-2025-01571,2025-08-12,Vendor 197,Direct Materials,Raw Metals,2185.84,North America,No Contract
INV-2025-01572,2025-08-16,Strategic Partner 11,IT & Software,Cloud Infrastructure,7534.39,Central Europe,Active Contract
INV-2025-01573,2025-07-05,Strategic Partner 23,Professional Services,Management Consulting,16256.83,Central Europe,Active Contract
INV-2025-01574,2025-04-06,Vendor 137,Direct Materials,Polymers,1042.49,APAC,No Contract
INV-2025-01575,2025-09-07,Vendor 069,Direct Materials,Electronic Components,332.06,Nordics,No Contract
INV-2025-01576,2025-01-08,Strategic Partner 15,Professional Services,Legal,21237.26,North America,Active Contract
INV-2025-01577,2025-10-22,Strategic Partner 19,Logistics & Freight,Warehousing,4344.22,APAC,Active Contract
INV-2025-01578,2025-12-01,Strategic Partner 25,Direct Materials,Electronic Components,9883.06,North America,Active Contract
INV-2025-01579,2025-12-08,Vendor 254,Facilities & MRO,Office Supplies,6843.8,Central Europe,No Contract
INV-2025-01580,2025-09-23,Strategic Partner 20,Direct Materials,Electronic Components,33622.51,North America,Active Contract
INV-2025-01581,2025-02-22,Strategic Partner 07,Logistics & Freight,Road Transport,10967.87,Central Europe,Active Contract
INV-2025-01582,2025-10-22,Vendor 220,Direct Materials,Polymers,2638.73,North America,No Contract
INV-2025-01583,2025-06-21,Vendor 189,Facilities & MRO,Office Supplies,1298.65,APAC,No Contract
INV-2025-01584,2025-02-10,Strategic Partner 08,Direct Materials,Raw Metals,37602.1,Nordics,Active Contract
INV-2025-01585,2025-12-18,Strategic Partner 30,IT & Software,SaaS Subscriptions,72173.11,Nordics,Active Contract
INV-2025-01586,2025-01-05,Strategic Partner 06,Direct Materials,Raw Metals,4244.21,North America,Active Contract
INV-2025-01587,2025-01-15,Strategic Partner 02,Direct Materials,Raw Metals,10787.99,Nordics,Active Contract
INV-2025-01588,2025-03-24,Strategic Partner 04,Facilities & MRO,Cleaning Services,36996.1,Nordics,Active Contract
INV-2025-01589,2025-11-29,Strategic Partner 09,Professional Services,Audit,17494.29,Nordics,Active Contract
INV-2025-01590,2025-09-16,Vendor 204,Logistics & Freight,Warehousing,1159.83,Central Europe,Active Contract
INV-2025-01591,2025-09-28,Vendor 063,Direct Materials,Polymers,336.66,North America,No Contract
INV-2025-01592,2025-01-06,Strategic Partner 03,Direct Materials,Electronic Components,3610.18,North America,Active Contract
INV-2025-01593,2025-12-19,Strategic Partner 05,Logistics & Freight,Warehousing,7731.87,Nordics,Active Contract
INV-2025-01594,2025-06-01,Vendor 204,Facilities & MRO,Maintenance,2664.36,Central Europe,No Contract
INV-2025-01595,2025-01-21,Strategic Partner 26,Professional Services,Legal,16212.72,North America,Active Contract
INV-2025-01596,2025-10-17,Vendor 191,Direct Materials,Electronic Components,1077.41,APAC,Active Contract
INV-2025-01597,2025-03-31,Strategic Partner 28,IT & Software,SaaS Subscriptions,39903.82,North America,Active Contract
INV-2025-01598,2025-02-24,Strategic Partner 07,IT & Software,SaaS Subscriptions,7419.1,Nordics,Active Contract
INV-2025-01599,2025-10-26,Strategic Partner 05,Direct Materials,Polymers,7950.11,Nordics,No Contract
INV-2025-01600,2025-10-28,Vendor 202,Facilities & MRO,Office Supplies,2058.69,Nordics,No Contract
INV-2025-01601,2025-12-03,Vendor 183,Direct Materials,Electronic Components,3106.07,Nordics,No Contract
INV-2025-01602,2025-08-22,Vendor 201,Logistics & Freight,Road Transport,3366.6,Central Europe,Active Contract
INV-2025-01603,2025-09-03,Strategic Partner 22,Direct Materials,Electronic Components,37104.98,Nordics,Active Contract
INV-2025-01604,2025-04-18,Strategic Partner 15,Direct Materials,Raw Metals,12903.65,Central Europe,Active Contract
INV-2025-01605,2025-06-27,Strategic Partner 30,Direct Materials,Polymers,113519.85,Nordics,Active Contract
INV-2025-01606,2025-03-10,Strategic Partner 28,Professional Services,Audit,6815.64,Nordics,Active Contract
INV-2025-01607,2025-10-03,Vendor 113,Direct Materials,Electronic Components,2906.05,Nordics,No Contract
INV-2025-01608,2025-08-11,Vendor 262,Direct Materials,Raw Metals,940.72,Central Europe,No Contract
INV-2025-01609,2025-06-22,Strategic Partner 10,Professional Services,Management Consulting,29793.94,Nordics,Active Contract
INV-2025-01610,2025-01-29,Strategic Partner 11,Logistics & Freight,Warehousing,30789.32,Nordics,Active Contract
INV-2025-01611,2025-09-19,Strategic Partner 28,Direct Materials,Raw Metals,40103.64,Central Europe,Active Contract
INV-2025-01612,2025-02-12,Vendor 203,Facilities & MRO,Office Supplies,5833.5,Nordics,No Contract
INV-2025-01613,2025-09-05,Strategic Partner 27,Direct Materials,Electronic Components,11027.07,APAC,Active Contract
INV-2025-01614,2025-04-25,Strategic Partner 15,Professional Services,Audit,8831.41,Central Europe,Active Contract
INV-2025-01615,2025-03-18,Strategic Partner 13,Direct Materials,Polymers,23717.51,North America,Active Contract
INV-2025-01616,2025-09-04,Strategic Partner 28,Direct Materials,Raw Metals,38818.89,Central Europe,Active Contract
INV-2025-01617,2025-04-20,Strategic Partner 08,Direct Materials,Polymers,4372.33,APAC,Active Contract
INV-2025-01618,2025-12-04,Vendor 066,Direct Materials,Polymers,3429.89,Nordics,No Contract
INV-2025-01619,2025-05-31,Strategic Partner 09,Direct Materials,Electronic Components,13679.95,Central Europe,Active Contract
INV-2025-01620,2025-11-30,Strategic Partner 14,Direct Materials,Polymers,80118.7,North America,Active Contract
INV-2025-01621,2025-05-16,Strategic Partner 05,Facilities & MRO,Cleaning Services,78696.22,Nordics,Active Contract
INV-2025-01622,2025-04-14,Strategic Partner 21,Professional Services,Audit,39976.95,Central Europe,Active Contract
INV-2025-01623,2025-08-30,Vendor 243,Direct Materials,Raw Metals,454.4,Nordics,No Contract
INV-2025-01624,2025-03-19,Strategic Partner 29,Direct Materials,Polymers,13381.33,North America,No Contract
INV-2025-01625,2025-06-05,Vendor 155,Logistics & Freight,Ocean Freight,4906.21,Nordics,No Contract
INV-2025-01626,2025-11-28,Vendor 195,Direct Materials,Electronic Components,4770.48,Nordics,No Contract
INV-2025-01627,2025-11-06,Strategic Partner 19,IT & Software,SaaS Subscriptions,3476.32,Nordics,Active Contract
INV-2025-01628,2025-08-03,Strategic Partner 26,Direct Materials,Electronic Components,17002.78,APAC,Active Contract
INV-2025-01629,2025-08-23,Strategic Partner 14,Direct Materials,Electronic Components,13749.78,APAC,No Contract
INV-2025-01630,2025-01-26,Strategic Partner 28,Direct Materials,Polymers,17951.57,Nordics,Active Contract
INV-2025-01631,2025-02-15,Strategic Partner 17,Professional Services,Management Consulting,3468.06,Nordics,Active Contract
INV-2025-01632,2025-02-27,Vendor 159,Direct Materials,Raw Metals,1251.12,Nordics,No Contract
INV-2025-01633,2025-11-05,Strategic Partner 23,Direct Materials,Electronic Components,39059.13,APAC,Active Contract
INV-2025-01634,2025-05-11,Strategic Partner 24,Direct Materials,Raw Metals,48015.36,Central Europe,Active Contract
INV-2025-01635,2025-05-23,Vendor 297,Logistics & Freight,Road Transport,468.53,Central Europe,No Contract
INV-2025-01636,2025-11-20,Strategic Partner 24,Direct Materials,Polymers,24718.44,Nordics,Active Contract
INV-2025-01637,2025-12-21,Vendor 289,IT & Software,Cloud Infrastructure,2038.03,Nordics,No Contract
INV-2025-01638,2025-10-12,Strategic Partner 29,Direct Materials,Raw Metals,8354.65,Central Europe,Active Contract
INV-2025-01639,2025-03-25,Vendor 246,Professional Services,Legal,1538.82,Central Europe,No Contract
INV-2025-01640,2025-02-06,Strategic Partner 03,Direct Materials,Polymers,23196.77,Central Europe,Active Contract
INV-2025-01641,2025-12-31,Vendor 032,Direct Materials,Electronic Components,1997.37,Nordics,No Contract
INV-2025-01642,2025-09-01,Strategic Partner 01,Facilities & MRO,Cleaning Services,5116.84,Central Europe,Active Contract
INV-2025-01643,2025-03-30,Strategic Partner 13,Direct Materials,Polymers,8968.19,APAC,Active Contract
INV-2025-01644,2025-07-22,Vendor 205,Direct Materials,Electronic Components,1457.0,Nordics,Active Contract
INV-2025-01645,2025-03-12,Strategic Partner 28,IT & Software,Cloud Infrastructure,4841.19,North America,Active Contract
INV-2025-01646,2025-02-25,Strategic Partner 30,Direct Materials,Electronic Components,19470.5,Central Europe,Active Contract
INV-2025-01647,2025-11-05,Vendor 138,IT & Software,Cloud Infrastructure,8541.09,Central Europe,No Contract
INV-2025-01648,2025-11-03,Strategic Partner 17,Direct Materials,Polymers,31193.34,Central Europe,Active Contract
INV-2025-01649,2025-02-05,Vendor 161,Professional Services,Management Consulting,1896.83,North America,No Contract
INV-2025-01650,2025-10-06,Strategic Partner 29,Direct Materials,Polymers,27701.41,APAC,Active Contract
INV-2025-01651,2025-03-12,Strategic Partner 23,Direct Materials,Electronic Components,9091.08,APAC,Active Contract
INV-2025-01652,2025-06-11,Strategic Partner 24,IT & Software,SaaS Subscriptions,85997.02,North America,Active Contract
INV-2025-01653,2025-07-28,Strategic Partner 19,Facilities & MRO,Cleaning Services,62179.22,APAC,Active Contract
INV-2025-01654,2025-08-30,Strategic Partner 10,Logistics & Freight,Warehousing,18509.28,North America,Active Contract
INV-2025-01655,2025-07-27,Strategic Partner 23,Direct Materials,Polymers,44814.71,North America,Active Contract
INV-2025-01656,2025-09-27,Vendor 117,IT & Software,Cloud Infrastructure,1102.73,Central Europe,No Contract
INV-2025-01657,2025-05-29,Strategic Partner 06,Direct Materials,Electronic Components,10642.88,Nordics,Active Contract
INV-2025-01658,2025-09-16,Vendor 058,Logistics & Freight,Warehousing,3370.29,Nordics,No Contract
INV-2025-01659,2025-07-30,Strategic Partner 29,Direct Materials,Electronic Components,31473.11,APAC,Active Contract
INV-2025-01660,2025-01-14,Vendor 069,Logistics & Freight,Ocean Freight,2874.88,Nordics,No Contract
INV-2025-01661,2025-02-21,Strategic Partner 29,Direct Materials,Raw Metals,12673.99,North America,No Contract
INV-2025-01662,2025-09-28,Strategic Partner 15,Direct Materials,Electronic Components,66993.72,Central Europe,Active Contract
INV-2025-01663,2025-04-21,Vendor 155,Professional Services,Audit,7091.61,Nordics,No Contract
INV-2025-01664,2025-10-14,Vendor 190,Direct Materials,Raw Metals,213.31,North America,No Contract
INV-2025-01665,2025-08-04,Vendor 087,Facilities & MRO,Cleaning Services,950.7,Nordics,No Contract
INV-2025-01666,2025-06-01,Strategic Partner 18,Direct Materials,Electronic Components,13497.68,Central Europe,Active Contract
INV-2025-01667,2025-01-16,Strategic Partner 06,Facilities & MRO,Cleaning Services,14995.67,Nordics,Active Contract
INV-2025-01668,2025-10-21,Vendor 118,IT & Software,SaaS Subscriptions,5568.47,Central Europe,No Contract
INV-2025-01669,2025-08-26,Strategic Partner 25,Direct Materials,Electronic Components,45156.89,Nordics,Active Contract
INV-2025-01670,2025-11-26,Strategic Partner 04,Direct Materials,Raw Metals,4397.5,Nordics,Active Contract
INV-2025-01671,2025-03-22,Strategic Partner 21,Facilities & MRO,Maintenance,64276.04,North America,Active Contract
INV-2025-01672,2025-10-28,Vendor 131,Direct Materials,Polymers,1176.34,Central Europe,Active Contract
INV-2025-01673,2025-08-07,Strategic Partner 22,Direct Materials,Raw Metals,26985.44,Nordics,Active Contract
INV-2025-01674,2025-12-20,Strategic Partner 09,Direct Materials,Raw Metals,11290.1,Nordics,Active Contract
INV-2025-01675,2025-10-08,Strategic Partner 26,Direct Materials,Raw Metals,24142.53,Nordics,Active Contract
INV-2025-01676,2025-11-28,Strategic Partner 19,Professional Services,Legal,60913.77,Nordics,No Contract
INV-2025-01677,2025-12-16,Strategic Partner 23,Logistics & Freight,Warehousing,28267.81,Central Europe,Active Contract
INV-2025-01678,2025-05-12,Strategic Partner 03,Facilities & MRO,Office Supplies,32244.47,Nordics,Active Contract
INV-2025-01679,2025-04-22,Strategic Partner 02,Direct Materials,Raw Metals,39533.42,Central Europe,Active Contract
INV-2025-01680,2025-07-23,Strategic Partner 20,Direct Materials,Raw Metals,16211.72,North America,Active Contract
INV-2025-01681,2025-10-10,Strategic Partner 07,IT & Software,SaaS Subscriptions,12159.94,Nordics,Active Contract
INV-2025-01682,2025-10-01,Strategic Partner 24,Direct Materials,Raw Metals,18342.73,Central Europe,No Contract
INV-2025-01683,2025-07-30,Vendor 021,Logistics & Freight,Ocean Freight,259.31,APAC,Active Contract
INV-2025-01684,2025-10-31,Vendor 245,Professional Services,Legal,1424.15,Central Europe,Active Contract
INV-2025-01685,2025-07-12,Vendor 279,Professional Services,Management Consulting,2232.68,North America,Active Contract
INV-2025-01686,2025-02-20,Strategic Partner 28,Logistics & Freight,Road Transport,81010.67,Central Europe,Active Contract
INV-2025-01687,2025-12-29,Strategic Partner 19,Direct Materials,Electronic Components,12132.3,APAC,No Contract
INV-2025-01688,2025-01-05,Strategic Partner 30,Direct Materials,Raw Metals,95517.78,North America,Active Contract
INV-2025-01689,2025-04-02,Vendor 176,IT & Software,Cloud Infrastructure,2715.06,North America,No Contract
INV-2025-01690,2025-12-31,Strategic Partner 01,Professional Services,Management Consulting,9373.61,North America,Active Contract
INV-2025-01691,2025-04-16,Strategic Partner 30,IT & Software,Cloud Infrastructure,30506.74,Nordics,Active Contract
INV-2025-01692,2025-04-03,Strategic Partner 24,Facilities & MRO,Office Supplies,5782.62,Central Europe,Active Contract
INV-2025-01693,2025-10-06,Strategic Partner 23,Facilities & MRO,Office Supplies,24082.09,Central Europe,Active Contract
INV-2025-01694,2025-08-01,Strategic Partner 04,IT & Software,Cloud Infrastructure,8221.4,APAC,Active Contract
INV-2025-01695,2025-09-26,Strategic Partner 22,Direct Materials,Polymers,18130.94,Nordics,Active Contract
INV-2025-01696,2025-04-16,Strategic Partner 07,Facilities & MRO,Cleaning Services,49391.82,Central Europe,Active Contract
INV-2025-01697,2025-06-02,Vendor 121,Direct Materials,Polymers,312.77,Central Europe,No Contract
INV-2025-01698,2025-03-25,Vendor 128,Direct Materials,Polymers,5466.3,Nordics,No Contract
INV-2025-01699,2025-06-29,Strategic Partner 11,Logistics & Freight,Road Transport,38483.79,Central Europe,Active Contract
INV-2025-01700,2025-07-08,Vendor 032,Professional Services,Management Consulting,2453.18,North America,No Contract
INV-2025-01701,2025-08-04,Vendor 144,Direct Materials,Polymers,1158.32,North America,No Contract
INV-2025-01702,2025-10-08,Strategic Partner 17,Direct Materials,Electronic Components,6189.21,North America,Active Contract
INV-2025-01703,2025-06-18,Strategic Partner 09,Direct Materials,Raw Metals,9987.53,Central Europe,Active Contract
INV-2025-01704,2025-11-17,Strategic Partner 03,Logistics & Freight,Ocean Freight,20289.29,Central Europe,Active Contract
INV-2025-01705,2025-09-30,Vendor 263,Direct Materials,Raw Metals,318.14,Nordics,Active Contract
INV-2025-01706,2025-09-23,Vendor 275,Logistics & Freight,Road Transport,1774.63,Central Europe,No Contract
INV-2025-01707,2025-06-07,Strategic Partner 16,Direct Materials,Raw Metals,6490.99,Central Europe,Active Contract
INV-2025-01708,2025-07-06,Vendor 087,Professional Services,Audit,636.4,Nordics,No Contract
INV-2025-01709,2025-08-10,Strategic Partner 15,Direct Materials,Polymers,9818.68,Central Europe,Active Contract
INV-2025-01710,2025-02-04,Strategic Partner 05,IT & Software,Hardware,16449.36,Central Europe,Active Contract
INV-2025-01711,2025-06-08,Strategic Partner 01,Professional Services,Management Consulting,37794.91,Nordics,Active Contract
INV-2025-01712,2025-04-13,Strategic Partner 21,Direct Materials,Electronic Components,31791.15,Nordics,Active Contract
INV-2025-01713,2025-05-24,Vendor 138,Direct Materials,Raw Metals,1938.51,North America,No Contract
INV-2025-01714,2025-03-07,Strategic Partner 04,Direct Materials,Raw Metals,42384.61,North America,Active Contract
INV-2025-01715,2025-12-17,Strategic Partner 18,Direct Materials,Raw Metals,15241.1,Central Europe,Active Contract
INV-2025-01716,2025-05-12,Strategic Partner 05,Professional Services,Legal,44191.81,North America,Active Contract
INV-2025-01717,2025-09-10,Strategic Partner 21,Direct Materials,Electronic Components,88894.91,Central Europe,Active Contract
INV-2025-01718,2025-09-16,Strategic Partner 11,Direct Materials,Electronic Components,83479.81,Nordics,Active Contract
INV-2025-01719,2025-01-13,Vendor 231,Direct Materials,Electronic Components,333.23,Nordics,No Contract
INV-2025-01720,2025-06-05,Vendor 195,IT & Software,Hardware,490.55,Central Europe,Active Contract
INV-2025-01721,2025-12-28,Strategic Partner 01,Professional Services,Legal,57272.19,North America,Active Contract
INV-2025-01722,2025-10-01,Strategic Partner 11,Professional Services,Legal,64802.32,Central Europe,Active Contract
INV-2025-01723,2025-10-21,Vendor 203,Direct Materials,Polymers,2904.1,Central Europe,No Contract
INV-2025-01724,2025-03-07,Strategic Partner 01,Logistics & Freight,Warehousing,38368.57,Central Europe,Active Contract
INV-2025-01725,2025-01-15,Strategic Partner 03,Direct Materials,Polymers,8856.39,Central Europe,Active Contract
INV-2025-01726,2025-05-15,Vendor 206,Logistics & Freight,Road Transport,401.03,Central Europe,No Contract
INV-2025-01727,2025-12-03,Strategic Partner 08,Facilities & MRO,Maintenance,29271.68,Nordics,Active Contract
INV-2025-01728,2025-05-18,Vendor 282,IT & Software,SaaS Subscriptions,2288.64,Central Europe,Active Contract
INV-2025-01729,2025-03-14,Strategic Partner 18,Direct Materials,Raw Metals,28330.89,Central Europe,Active Contract
INV-2025-01730,2025-12-04,Vendor 227,Direct Materials,Polymers,3368.24,Nordics,No Contract
INV-2025-01731,2025-11-14,Strategic Partner 17,Logistics & Freight,Road Transport,4327.66,Central Europe,Active Contract
INV-2025-01732,2025-01-24,Strategic Partner 21,Direct Materials,Raw Metals,22921.13,Nordics,Active Contract
INV-2025-01733,2025-09-22,Vendor 197,Logistics & Freight,Warehousing,5309.62,Nordics,Active Contract
INV-2025-01734,2025-02-05,Strategic Partner 14,Direct Materials,Raw Metals,11980.5,Nordics,Active Contract
INV-2025-01735,2025-10-19,Strategic Partner 20,Professional Services,Audit,70355.72,Central Europe,Active Contract
INV-2025-01736,2025-09-20,Strategic Partner 27,Professional Services,Management Consulting,48400.4,Nordics,Active Contract
INV-2025-01737,2025-09-01,Strategic Partner 07,Direct Materials,Polymers,67145.51,North America,Active Contract
INV-2025-01738,2025-11-14,Strategic Partner 02,Logistics & Freight,Warehousing,12559.36,Central Europe,Active Contract
INV-2025-01739,2025-03-07,Strategic Partner 28,Direct Materials,Electronic Components,5705.91,North America,Active Contract
INV-2025-01740,2025-03-08,Strategic Partner 21,Direct Materials,Polymers,18089.83,APAC,Active Contract
INV-2025-01741,2025-12-11,Vendor 070,Direct Materials,Raw Metals,1820.85,North America,No Contract
INV-2025-01742,2025-09-20,Strategic Partner 15,Direct Materials,Polymers,41156.73,Central Europe,Active Contract
INV-2025-01743,2025-12-08,Vendor 270,Direct Materials,Polymers,1203.31,Central Europe,Active Contract
INV-2025-01744,2025-01-13,Strategic Partner 06,Direct Materials,Polymers,4953.32,North America,Active Contract
INV-2025-01745,2025-11-15,Strategic Partner 19,Direct Materials,Raw Metals,21007.51,Central Europe,Active Contract
INV-2025-01746,2025-05-09,Strategic Partner 26,Direct Materials,Raw Metals,46303.64,North America,Active Contract
INV-2025-01747,2025-05-09,Strategic Partner 05,IT & Software,Cloud Infrastructure,9644.6,North America,Active Contract
INV-2025-01748,2025-06-26,Strategic Partner 05,Direct Materials,Raw Metals,11662.3,Nordics,Active Contract
INV-2025-01749,2025-08-06,Strategic Partner 21,Facilities & MRO,Maintenance,3316.81,Nordics,Active Contract
INV-2025-01750,2025-05-17,Strategic Partner 30,Logistics & Freight,Warehousing,21426.88,Nordics,Active Contract
INV-2025-01751,2025-02-25,Strategic Partner 26,Logistics & Freight,Road Transport,12950.52,Nordics,Active Contract
INV-2025-01752,2025-07-09,Strategic Partner 03,Direct Materials,Polymers,18666.14,Nordics,Active Contract
INV-2025-01753,2025-11-12,Strategic Partner 29,Direct Materials,Raw Metals,5950.29,North America,No Contract
INV-2025-01754,2025-12-11,Strategic Partner 02,Logistics & Freight,Ocean Freight,5712.83,Central Europe,No Contract
INV-2025-01755,2025-01-16,Vendor 006,Professional Services,Legal,2547.5,Nordics,Active Contract
INV-2025-01756,2025-08-20,Vendor 158,IT & Software,Hardware,2414.66,North America,No Contract
INV-2025-01757,2025-07-01,Vendor 209,Logistics & Freight,Warehousing,3753.36,Nordics,No Contract
INV-2025-01758,2025-04-03,Vendor 278,Direct Materials,Raw Metals,352.14,Nordics,No Contract
INV-2025-01759,2025-04-05,Vendor 071,IT & Software,Hardware,2934.13,Nordics,No Contract
INV-2025-01760,2025-08-03,Strategic Partner 22,Logistics & Freight,Ocean Freight,9016.65,APAC,No Contract
INV-2025-01761,2025-07-11,Strategic Partner 17,IT & Software,Cloud Infrastructure,16205.13,Nordics,Active Contract
INV-2025-01762,2025-04-27,Vendor 273,Professional Services,Management Consulting,1559.34,Nordics,No Contract
INV-2025-01763,2025-11-28,Strategic Partner 27,Direct Materials,Electronic Components,116157.2,Central Europe,Active Contract
INV-2025-01764,2025-03-25,Strategic Partner 10,Direct Materials,Raw Metals,51657.81,North America,Active Contract
INV-2025-01765,2025-05-06,Strategic Partner 10,IT & Software,Hardware,90711.79,Nordics,Active Contract
INV-2025-01766,2025-01-25,Strategic Partner 08,Facilities & MRO,Maintenance,41277.57,Nordics,Active Contract
INV-2025-01767,2025-05-08,Strategic Partner 20,IT & Software,SaaS Subscriptions,5396.65,Nordics,Active Contract
INV-2025-01768,2025-12-19,Strategic Partner 07,Direct Materials,Raw Metals,93558.72,Nordics,Active Contract
INV-2025-01769,2025-01-24,Vendor 114,Direct Materials,Electronic Components,573.77,APAC,No Contract
INV-2025-01770,2025-08-08,Vendor 147,Direct Materials,Raw Metals,1140.74,APAC,No Contract
INV-2025-01771,2025-07-18,Vendor 105,Logistics & Freight,Ocean Freight,3972.85,North America,No Contract
INV-2025-01772,2025-11-27,Strategic Partner 02,Direct Materials,Electronic Components,13980.05,Nordics,Active Contract
INV-2025-01773,2025-11-15,Vendor 190,Professional Services,Legal,3104.5,North America,No Contract
INV-2025-01774,2025-10-04,Strategic Partner 15,Professional Services,Audit,18225.0,North America,Active Contract
INV-2025-01775,2025-02-18,Vendor 065,Direct Materials,Raw Metals,7213.59,Central Europe,No Contract
INV-2025-01776,2025-03-15,Strategic Partner 08,Professional Services,Audit,22171.24,Nordics,Active Contract
INV-2025-01777,2025-10-17,Strategic Partner 18,Logistics & Freight,Road Transport,8261.45,Central Europe,Active Contract
INV-2025-01778,2025-08-31,Vendor 012,Logistics & Freight,Warehousing,937.1,APAC,No Contract
INV-2025-01779,2025-05-06,Strategic Partner 02,Facilities & MRO,Cleaning Services,40964.17,Nordics,Active Contract
INV-2025-01780,2025-05-05,Strategic Partner 29,Logistics & Freight,Road Transport,24131.83,Central Europe,Active Contract
INV-2025-01781,2025-01-10,Vendor 280,Logistics & Freight,Road Transport,275.74,Central Europe,No Contract
INV-2025-01782,2025-05-28,Vendor 232,Direct Materials,Raw Metals,1055.66,Nordics,No Contract
INV-2025-01783,2025-08-17,Strategic Partner 16,Professional Services,Management Consulting,24490.28,Central Europe,Active Contract
INV-2025-01784,2025-09-25,Vendor 108,Direct Materials,Polymers,1043.57,Central Europe,No Contract
INV-2025-01785,2025-01-20,Strategic Partner 03,Direct Materials,Raw Metals,68295.74,Central Europe,No Contract
INV-2025-01786,2025-05-03,Strategic Partner 26,Facilities & MRO,Cleaning Services,6674.68,North America,Active Contract
INV-2025-01787,2025-11-28,Strategic Partner 18,Logistics & Freight,Road Transport,22743.99,Nordics,Active Contract
INV-2025-01788,2025-10-24,Strategic Partner 18,Direct Materials,Polymers,15095.72,Nordics,Active Contract
INV-2025-01789,2025-05-10,Strategic Partner 03,Direct Materials,Electronic Components,24793.73,Nordics,Active Contract
INV-2025-01790,2025-05-10,Strategic Partner 23,Professional Services,Management Consulting,11885.83,Nordics,Active Contract
INV-2025-01791,2025-06-02,Vendor 204,Logistics & Freight,Warehousing,2809.84,North America,Active Contract
INV-2025-01792,2025-01-16,Strategic Partner 30,Facilities & MRO,Office Supplies,12691.33,Central Europe,Active Contract
INV-2025-01793,2025-06-07,Vendor 078,Direct Materials,Electronic Components,335.2,Central Europe,No Contract
INV-2025-01794,2025-03-26,Vendor 251,Direct Materials,Raw Metals,190.75,Nordics,No Contract
INV-2025-01795,2025-06-21,Strategic Partner 09,Direct Materials,Polymers,29480.34,Nordics,Active Contract
INV-2025-01796,2025-11-26,Strategic Partner 21,Logistics & Freight,Ocean Freight,50328.91,Nordics,Active Contract
INV-2025-01797,2025-07-31,Strategic Partner 28,Direct Materials,Electronic Components,10417.79,Central Europe,Active Contract
INV-2025-01798,2025-10-20,Strategic Partner 20,IT & Software,Cloud Infrastructure,16519.33,Central Europe,Active Contract
INV-2025-01799,2025-04-25,Strategic Partner 05,Direct Materials,Electronic Components,56284.14,Nordics,Active Contract
INV-2025-01800,2025-12-16,Strategic Partner 03,IT & Software,SaaS Subscriptions,30480.31,Nordics,Active Contract
INV-2025-01801,2025-10-13,Strategic Partner 14,IT & Software,Cloud Infrastructure,44704.17,APAC,No Contract
INV-2025-01802,2025-03-13,Strategic Partner 13,Direct Materials,Electronic Components,15269.25,Nordics,Active Contract
INV-2025-01803,2025-02-22,Vendor 182,Direct Materials,Raw Metals,914.86,Nordics,Active Contract
INV-2025-01804,2025-01-14,Vendor 170,IT & Software,Cloud Infrastructure,384.97,North America,No Contract
INV-2025-01805,2025-03-23,Strategic Partner 28,Direct Materials,Polymers,18765.95,Central Europe,Active Contract
INV-2025-01806,2025-01-03,Strategic Partner 17,Logistics & Freight,Ocean Freight,53291.51,Nordics,Active Contract
INV-2025-01807,2025-01-27,Strategic Partner 10,Direct Materials,Polymers,21454.84,Nordics,No Contract
INV-2025-01808,2025-01-21,Strategic Partner 09,Direct Materials,Raw Metals,8631.91,North America,No Contract
INV-2025-01809,2025-02-05,Strategic Partner 05,Direct Materials,Raw Metals,19839.46,Central Europe,Active Contract
INV-2025-01810,2025-12-29,Strategic Partner 25,Logistics & Freight,Warehousing,16271.35,North America,Active Contract
INV-2025-01811,2025-06-18,Vendor 014,Logistics & Freight,Ocean Freight,1473.5,Central Europe,No Contract
INV-2025-01812,2025-11-16,Strategic Partner 20,Professional Services,Legal,9650.59,Nordics,Active Contract
INV-2025-01813,2025-06-28,Vendor 167,Facilities & MRO,Office Supplies,2810.71,Central Europe,No Contract
INV-2025-01814,2025-05-30,Strategic Partner 24,Direct Materials,Raw Metals,4862.9,North America,Active Contract
INV-2025-01815,2025-05-08,Strategic Partner 12,Logistics & Freight,Road Transport,7082.38,Nordics,Active Contract
INV-2025-01816,2025-11-24,Strategic Partner 15,IT & Software,SaaS Subscriptions,8906.37,Nordics,Active Contract
INV-2025-01817,2025-08-27,Strategic Partner 14,Direct Materials,Polymers,34512.69,Central Europe,Active Contract
INV-2025-01818,2025-08-08,Strategic Partner 15,Facilities & MRO,Maintenance,48189.46,Central Europe,Active Contract
INV-2025-01819,2025-02-27,Strategic Partner 08,Direct Materials,Electronic Components,8641.73,Central Europe,Active Contract
INV-2025-01820,2025-02-12,Strategic Partner 06,Direct Materials,Electronic Components,28569.81,Central Europe,Active Contract
INV-2025-01821,2025-07-26,Vendor 285,Logistics & Freight,Ocean Freight,3260.96,APAC,No Contract
INV-2025-01822,2025-12-12,Vendor 240,Professional Services,Legal,1919.97,Nordics,Active Contract
INV-2025-01823,2025-04-27,Strategic Partner 24,Professional Services,Management Consulting,12907.68,Nordics,Active Contract
INV-2025-01824,2025-04-15,Strategic Partner 03,Direct Materials,Electronic Components,3141.27,Nordics,Active Contract
INV-2025-01825,2025-09-20,Strategic Partner 14,Logistics & Freight,Road Transport,5393.75,North America,Active Contract
INV-2025-01826,2025-06-23,Vendor 180,Direct Materials,Raw Metals,3394.05,Nordics,No Contract
INV-2025-01827,2025-08-16,Strategic Partner 08,Professional Services,Management Consulting,35751.42,North America,Active Contract
INV-2025-01828,2025-06-14,Strategic Partner 19,Direct Materials,Raw Metals,71430.66,Central Europe,Active Contract
INV-2025-01829,2025-05-25,Strategic Partner 29,Direct Materials,Electronic Components,13498.72,North America,Active Contract
INV-2025-01830,2025-09-03,Strategic Partner 26,IT & Software,SaaS Subscriptions,27708.01,North America,Active Contract
INV-2025-01831,2025-05-31,Strategic Partner 14,Direct Materials,Raw Metals,32366.31,Nordics,Active Contract
INV-2025-01832,2025-10-17,Strategic Partner 07,Direct Materials,Raw Metals,79133.93,Nordics,Active Contract
INV-2025-01833,2025-05-09,Strategic Partner 25,Direct Materials,Electronic Components,19030.28,Central Europe,Active Contract
INV-2025-01834,2025-04-11,Strategic Partner 06,IT & Software,SaaS Subscriptions,19009.79,North America,Active Contract
INV-2025-01835,2025-04-27,Strategic Partner 29,Direct Materials,Polymers,5666.01,Nordics,Active Contract
INV-2025-01836,2025-09-18,Strategic Partner 23,Facilities & MRO,Maintenance,11612.98,Nordics,Active Contract
INV-2025-01837,2025-10-27,Strategic Partner 06,Facilities & MRO,Cleaning Services,5645.16,North America,Active Contract
INV-2025-01838,2025-04-19,Strategic Partner 03,Direct Materials,Raw Metals,32127.65,Central Europe,Active Contract
INV-2025-01839,2025-06-04,Strategic Partner 09,Direct Materials,Polymers,41579.19,North America,No Contract
INV-2025-01840,2025-03-13,Strategic Partner 12,Direct Materials,Raw Metals,9374.19,Nordics,Active Contract
INV-2025-01841,2025-01-07,Strategic Partner 06,Professional Services,Audit,27488.62,Nordics,Active Contract
INV-2025-01842,2025-12-13,Vendor 026,IT & Software,SaaS Subscriptions,1992.34,Nordics,No Contract
INV-2025-01843,2025-04-26,Strategic Partner 23,Direct Materials,Raw Metals,4594.64,Nordics,Active Contract
INV-2025-01844,2025-04-07,Strategic Partner 12,Direct Materials,Electronic Components,12014.54,Central Europe,Active Contract
INV-2025-01845,2025-12-02,Vendor 201,IT & Software,SaaS Subscriptions,369.22,North America,Active Contract
INV-2025-01846,2025-07-21,Vendor 107,Direct Materials,Polymers,1475.38,APAC,No Contract
INV-2025-01847,2025-08-18,Strategic Partner 28,Logistics & Freight,Warehousing,13139.02,Nordics,Active Contract
INV-2025-01848,2025-01-21,Strategic Partner 09,Professional Services,Audit,25672.81,North America,Active Contract
INV-2025-01849,2025-11-08,Vendor 076,IT & Software,SaaS Subscriptions,1436.55,North America,No Contract
INV-2025-01850,2025-07-20,Strategic Partner 11,Professional Services,Audit,20653.84,North America,Active Contract
INV-2025-01851,2025-10-30,Vendor 023,Logistics & Freight,Road Transport,1428.71,Central Europe,No Contract
INV-2025-01852,2025-08-04,Strategic Partner 14,Logistics & Freight,Warehousing,22074.26,Nordics,Active Contract
INV-2025-01853,2025-06-27,Strategic Partner 12,Direct Materials,Polymers,11397.23,Nordics,Active Contract
INV-2025-01854,2025-08-08,Strategic Partner 12,IT & Software,Cloud Infrastructure,21764.63,Central Europe,Active Contract
INV-2025-01855,2025-05-04,Strategic Partner 21,Logistics & Freight,Warehousing,17662.91,Central Europe,Active Contract
INV-2025-01856,2025-05-15,Strategic Partner 09,IT & Software,Cloud Infrastructure,96814.77,North America,Active Contract
INV-2025-01857,2025-01-16,Strategic Partner 23,Professional Services,Management Consulting,35785.82,Central Europe,Active Contract
INV-2025-01858,2025-04-21,Vendor 220,Facilities & MRO,Maintenance,3333.11,APAC,No Contract
INV-2025-01859,2025-03-06,Vendor 211,Logistics & Freight,Warehousing,394.75,Nordics,No Contract
INV-2025-01860,2025-09-28,Strategic Partner 12,Professional Services,Management Consulting,22588.34,Nordics,Active Contract
INV-2025-01861,2025-09-03,Vendor 019,Direct Materials,Electronic Components,5205.18,APAC,No Contract
INV-2025-01862,2025-03-18,Strategic Partner 20,Logistics & Freight,Road Transport,8389.47,APAC,Active Contract
INV-2025-01863,2025-10-05,Vendor 143,Facilities & MRO,Office Supplies,4837.48,Central Europe,Active Contract
INV-2025-01864,2025-10-13,Vendor 231,Direct Materials,Raw Metals,1487.27,Nordics,No Contract
INV-2025-01865,2025-07-11,Vendor 110,Logistics & Freight,Warehousing,843.01,North America,No Contract
INV-2025-01866,2025-02-13,Strategic Partner 10,Direct Materials,Polymers,19136.44,Nordics,Active Contract
INV-2025-01867,2025-08-19,Vendor 146,Direct Materials,Electronic Components,4546.0,Nordics,No Contract
INV-2025-01868,2025-03-28,Vendor 076,Logistics & Freight,Road Transport,637.21,APAC,No Contract
INV-2025-01869,2025-06-19,Strategic Partner 27,IT & Software,Cloud Infrastructure,6779.96,APAC,Active Contract
INV-2025-01870,2025-03-24,Strategic Partner 21,Logistics & Freight,Warehousing,42808.2,Nordics,Active Contract
INV-2025-01871,2025-07-10,Strategic Partner 15,Direct Materials,Raw Metals,15014.52,Nordics,Active Contract
INV-2025-01872,2025-05-16,Vendor 228,IT & Software,Cloud Infrastructure,9824.08,Central Europe,No Contract
INV-2025-01873,2025-01-02,Strategic Partner 26,IT & Software,SaaS Subscriptions,19540.76,Nordics,Active Contract
INV-2025-01874,2025-11-30,Strategic Partner 28,Direct Materials,Electronic Components,15825.93,Nordics,Active Contract
INV-2025-01875,2025-08-08,Vendor 189,Direct Materials,Raw Metals,598.16,North America,No Contract
INV-2025-01876,2025-06-17,Strategic Partner 02,Facilities & MRO,Maintenance,39334.67,Central Europe,Active Contract
INV-2025-01877,2025-02-18,Strategic Partner 19,IT & Software,SaaS Subscriptions,7768.1,North America,No Contract
INV-2025-01878,2025-11-17,Strategic Partner 16,Direct Materials,Polymers,23919.62,Nordics,Active Contract
INV-2025-01879,2025-05-22,Strategic Partner 10,Logistics & Freight,Warehousing,63598.27,Nordics,Active Contract
INV-2025-01880,2025-02-16,Vendor 152,Direct Materials,Electronic Components,715.62,Nordics,No Contract
INV-2025-01881,2025-09-11,Strategic Partner 01,Direct Materials,Polymers,72441.83,Nordics,No Contract
INV-2025-01882,2025-04-17,Strategic Partner 16,Direct Materials,Electronic Components,5977.27,Central Europe,Active Contract
INV-2025-01883,2025-09-07,Vendor 172,Logistics & Freight,Warehousing,1229.46,Central Europe,Active Contract
INV-2025-01884,2025-11-06,Strategic Partner 15,Direct Materials,Polymers,22285.74,Central Europe,Active Contract
INV-2025-01885,2025-07-03,Strategic Partner 13,IT & Software,Hardware,62639.04,Nordics,Active Contract
INV-2025-01886,2025-04-02,Strategic Partner 19,Logistics & Freight,Ocean Freight,42049.88,Central Europe,Active Contract
INV-2025-01887,2025-06-06,Strategic Partner 05,IT & Software,Cloud Infrastructure,5446.22,Central Europe,Active Contract
INV-2025-01888,2025-01-22,Strategic Partner 22,Logistics & Freight,Ocean Freight,71396.59,APAC,Active Contract
INV-2025-01889,2025-02-07,Strategic Partner 15,Facilities & MRO,Cleaning Services,23449.71,North America,Active Contract
INV-2025-01890,2025-10-08,Strategic Partner 05,Direct Materials,Electronic Components,24794.02,Central Europe,Active Contract
INV-2025-01891,2025-09-01,Strategic Partner 19,Logistics & Freight,Road Transport,48867.13,Central Europe,Active Contract
INV-2025-01892,2025-02-24,Vendor 268,Professional Services,Management Consulting,1815.53,Nordics,Active Contract
INV-2025-01893,2025-06-29,Strategic Partner 28,Direct Materials,Polymers,6155.34,North America,Active Contract
INV-2025-01894,2025-08-30,Strategic Partner 10,Professional Services,Audit,10883.84,Nordics,Active Contract
INV-2025-01895,2025-05-14,Strategic Partner 10,Logistics & Freight,Ocean Freight,29004.38,North America,Active Contract
INV-2025-01896,2025-05-25,Vendor 189,IT & Software,SaaS Subscriptions,551.25,North America,Active Contract
INV-2025-01897,2025-01-17,Strategic Partner 16,Direct Materials,Raw Metals,10958.02,Central Europe,Active Contract
INV-2025-01898,2025-11-24,Strategic Partner 12,Facilities & MRO,Office Supplies,4200.84,Nordics,Active Contract
INV-2025-01899,2025-09-22,Strategic Partner 04,IT & Software,Hardware,82670.95,Nordics,Active Contract
INV-2025-01900,2025-12-05,Vendor 216,Direct Materials,Polymers,520.2,APAC,No Contract
INV-2025-01901,2025-03-04,Strategic Partner 28,IT & Software,Hardware,51106.38,APAC,Active Contract
INV-2025-01902,2025-05-01,Vendor 136,Logistics & Freight,Road Transport,1445.95,North America,No Contract
INV-2025-01903,2025-08-31,Strategic Partner 23,IT & Software,SaaS Subscriptions,12783.49,Central Europe,Active Contract
INV-2025-01904,2025-11-07,Strategic Partner 24,IT & Software,SaaS Subscriptions,56543.42,Nordics,Active Contract
INV-2025-01905,2025-04-22,Strategic Partner 29,Logistics & Freight,Ocean Freight,20973.07,North America,No Contract
INV-2025-01906,2025-09-10,Strategic Partner 30,IT & Software,Cloud Infrastructure,17203.11,Nordics,Active Contract
INV-2025-01907,2025-05-17,Strategic Partner 10,Logistics & Freight,Road Transport,24181.44,North America,Active Contract
INV-2025-01908,2025-08-16,Strategic Partner 18,Direct Materials,Polymers,18373.12,Central Europe,Active Contract
INV-2025-01909,2025-10-28,Strategic Partner 26,Direct Materials,Polymers,40903.2,North America,No Contract
INV-2025-01910,2025-10-24,Strategic Partner 08,Direct Materials,Raw Metals,31439.69,Nordics,Active Contract
INV-2025-01911,2025-12-26,Strategic Partner 04,Direct Materials,Electronic Components,60863.69,Nordics,Active Contract
INV-2025-01912,2025-12-13,Vendor 261,Professional Services,Legal,5301.78,Nordics,No Contract
INV-2025-01913,2025-04-06,Strategic Partner 02,Direct Materials,Polymers,59546.61,Nordics,Active Contract
INV-2025-01914,2025-01-24,Strategic Partner 23,Direct Materials,Polymers,10097.07,Nordics,Active Contract
INV-2025-01915,2025-12-27,Vendor 194,Logistics & Freight,Ocean Freight,7202.92,Central Europe,No Contract
INV-2025-01916,2025-11-01,Strategic Partner 27,Direct Materials,Polymers,12226.2,Central Europe,Active Contract
INV-2025-01917,2025-11-04,Strategic Partner 02,Professional Services,Management Consulting,15959.66,Central Europe,Active Contract
INV-2025-01918,2025-06-10,Vendor 232,Facilities & MRO,Office Supplies,168.2,Central Europe,Active Contract
INV-2025-01919,2025-12-01,Strategic Partner 02,Direct Materials,Electronic Components,56599.35,Central Europe,Active Contract
INV-2025-01920,2025-10-27,Vendor 097,Direct Materials,Raw Metals,6381.43,Central Europe,Active Contract
INV-2025-01921,2025-09-15,Vendor 175,IT & Software,Hardware,3428.27,APAC,No Contract
INV-2025-01922,2025-11-11,Vendor 236,IT & Software,Hardware,911.07,Nordics,No Contract
INV-2025-01923,2025-05-18,Strategic Partner 21,Direct Materials,Raw Metals,83427.01,APAC,Active Contract
INV-2025-01924,2025-04-01,Strategic Partner 03,Logistics & Freight,Ocean Freight,8800.58,North America,Active Contract
INV-2025-01925,2025-07-17,Strategic Partner 10,Direct Materials,Electronic Components,29073.47,Nordics,Active Contract
INV-2025-01926,2025-08-19,Strategic Partner 18,Logistics & Freight,Warehousing,3485.48,Central Europe,Active Contract
INV-2025-01927,2025-06-09,Vendor 239,Logistics & Freight,Road Transport,2830.74,Nordics,No Contract
INV-2025-01928,2025-01-17,Strategic Partner 11,Direct Materials,Raw Metals,10210.21,Nordics,Active Contract
INV-2025-01929,2025-04-13,Strategic Partner 04,Direct Materials,Raw Metals,8333.16,Nordics,Active Contract
INV-2025-01930,2025-08-26,Strategic Partner 16,IT & Software,Hardware,9060.48,Central Europe,Active Contract
INV-2025-01931,2025-03-04,Vendor 229,IT & Software,SaaS Subscriptions,3066.56,Central Europe,No Contract
INV-2025-01932,2025-01-07,Vendor 021,IT & Software,Cloud Infrastructure,3183.33,Central Europe,No Contract
INV-2025-01933,2025-07-03,Strategic Partner 29,IT & Software,Hardware,69531.75,Nordics,Active Contract
INV-2025-01934,2025-03-01,Vendor 212,Direct Materials,Polymers,268.65,Central Europe,No Contract
INV-2025-01935,2025-08-11,Vendor 223,Direct Materials,Electronic Components,15045.01,APAC,No Contract
INV-2025-01936,2025-06-25,Strategic Partner 04,Professional Services,Legal,22837.31,North America,Active Contract
INV-2025-01937,2025-11-28,Strategic Partner 10,Facilities & MRO,Maintenance,8176.92,Central Europe,No Contract
INV-2025-01938,2025-03-22,Strategic Partner 26,Direct Materials,Electronic Components,54751.1,Nordics,Active Contract
INV-2025-01939,2025-09-14,Strategic Partner 23,IT & Software,SaaS Subscriptions,60537.91,Central Europe,No Contract
INV-2025-01940,2025-02-25,Vendor 283,Direct Materials,Polymers,673.45,North America,No Contract
INV-2025-01941,2025-12-31,Strategic Partner 22,Logistics & Freight,Ocean Freight,19536.54,Nordics,Active Contract
INV-2025-01942,2025-04-29,Strategic Partner 06,Direct Materials,Polymers,6923.16,Nordics,Active Contract
INV-2025-01943,2025-06-28,Strategic Partner 27,Logistics & Freight,Warehousing,5624.59,Central Europe,Active Contract
INV-2025-01944,2025-05-10,Strategic Partner 18,Facilities & MRO,Maintenance,14115.6,Nordics,No Contract
INV-2025-01945,2025-10-03,Strategic Partner 06,Facilities & MRO,Maintenance,16704.76,Nordics,Active Contract
INV-2025-01946,2025-10-13,Strategic Partner 11,Direct Materials,Raw Metals,14131.22,Central Europe,Active Contract
INV-2025-01947,2025-01-10,Strategic Partner 06,Facilities & MRO,Cleaning Services,3465.16,Central Europe,Active Contract
INV-2025-01948,2025-05-23,Strategic Partner 09,Professional Services,Legal,11854.71,Central Europe,Active Contract
INV-2025-01949,2025-08-31,Strategic Partner 01,Direct Materials,Raw Metals,16820.87,APAC,Active Contract
INV-2025-01950,2025-11-12,Strategic Partner 04,Direct Materials,Electronic Components,18125.34,Central Europe,Active Contract
INV-2025-01951,2025-11-14,Strategic Partner 22,Logistics & Freight,Warehousing,30045.87,Central Europe,Active Contract
INV-2025-01952,2025-07-15,Strategic Partner 29,Professional Services,Audit,20973.75,North America,Active Contract
INV-2025-01953,2025-12-01,Strategic Partner 28,Logistics & Freight,Warehousing,13295.53,Central Europe,Active Contract
INV-2025-01954,2025-01-19,Strategic Partner 05,Logistics & Freight,Ocean Freight,23522.48,APAC,Active Contract
INV-2025-01955,2025-03-14,Strategic Partner 23,Logistics & Freight,Road Transport,40048.61,North America,Active Contract
INV-2025-01956,2025-11-01,Strategic Partner 12,Direct Materials,Polymers,11383.62,Nordics,Active Contract
INV-2025-01957,2025-12-23,Vendor 172,Professional Services,Management Consulting,493.98,APAC,No Contract
INV-2025-01958,2025-06-05,Strategic Partner 17,Professional Services,Legal,49394.39,North America,Active Contract
INV-2025-01959,2025-09-26,Strategic Partner 16,IT & Software,Hardware,42539.77,Nordics,Active Contract
INV-2025-01960,2025-02-26,Strategic Partner 10,Direct Materials,Raw Metals,20126.29,North America,Active Contract
INV-2025-01961,2025-06-26,Vendor 197,Direct Materials,Raw Metals,1556.19,Nordics,No Contract
INV-2025-01962,2025-05-31,Strategic Partner 09,IT & Software,SaaS Subscriptions,72090.67,Central Europe,Active Contract
INV-2025-01963,2025-11-11,Strategic Partner 06,Direct Materials,Polymers,9003.57,Nordics,Active Contract
INV-2025-01964,2025-05-26,Vendor 100,Professional Services,Management Consulting,1497.5,Nordics,No Contract
INV-2025-01965,2025-06-14,Strategic Partner 25,Professional Services,Management Consulting,81390.81,Central Europe,Active Contract
INV-2025-01966,2025-06-12,Vendor 047,Direct Materials,Polymers,552.68,Nordics,No Contract
INV-2025-01967,2025-10-06,Vendor 263,Direct Materials,Raw Metals,12489.21,Central Europe,No Contract
INV-2025-01968,2025-07-11,Strategic Partner 19,Professional Services,Audit,12575.72,Nordics,Active Contract
INV-2025-01969,2025-02-11,Strategic Partner 26,Logistics & Freight,Ocean Freight,3343.8,Nordics,Active Contract
INV-2025-01970,2025-03-28,Vendor 006,Facilities & MRO,Cleaning Services,1825.31,APAC,No Contract
INV-2025-01971,2025-11-21,Vendor 234,IT & Software,Cloud Infrastructure,836.96,Central Europe,No Contract
INV-2025-01972,2025-12-29,Strategic Partner 17,Facilities & MRO,Maintenance,138204.58,Nordics,Active Contract
INV-2025-01973,2025-08-22,Strategic Partner 01,Direct Materials,Polymers,41410.93,Nordics,Active Contract
INV-2025-01974,2025-12-07,Vendor 057,IT & Software,SaaS Subscriptions,5378.49,North America,No Contract
INV-2025-01975,2025-09-26,Vendor 025,Facilities & MRO,Cleaning Services,243.3,APAC,Active Contract
INV-2025-01976,2025-09-25,Strategic Partner 16,IT & Software,SaaS Subscriptions,6288.49,North America,Active Contract
INV-2025-01977,2025-06-25,Strategic Partner 22,Direct Materials,Electronic Components,6260.49,Nordics,Active Contract
INV-2025-01978,2025-06-28,Strategic Partner 04,IT & Software,Hardware,15652.28,North America,No Contract
INV-2025-01979,2025-03-05,Strategic Partner 22,Direct Materials,Polymers,3185.78,Central Europe,Active Contract
INV-2025-01980,2025-01-31,Strategic Partner 10,Direct Materials,Raw Metals,5712.48,APAC,Active Contract
INV-2025-01981,2025-03-29,Strategic Partner 07,IT & Software,Hardware,6510.72,APAC,Active Contract
INV-2025-01982,2025-02-27,Strategic Partner 23,Direct Materials,Electronic Components,16255.36,Nordics,Active Contract
INV-2025-01983,2025-11-07,Strategic Partner 02,Direct Materials,Raw Metals,16117.48,Nordics,Active Contract
INV-2025-01984,2025-07-16,Vendor 221,Direct Materials,Polymers,893.03,North America,No Contract
INV-2025-01985,2025-05-08,Strategic Partner 22,Logistics & Freight,Ocean Freight,15860.4,Central Europe,Active Contract
INV-2025-01986,2025-11-05,Strategic Partner 22,Direct Materials,Electronic Components,6754.25,Nordics,Active Contract
INV-2025-01987,2025-01-06,Vendor 112,IT & Software,Hardware,183.84,North America,No Contract
INV-2025-01988,2025-07-31,Strategic Partner 25,IT & Software,SaaS Subscriptions,23126.95,Nordics,No Contract
INV-2025-01989,2025-01-03,Strategic Partner 12,Logistics & Freight,Ocean Freight,21400.56,APAC,Active Contract
INV-2025-01990,2025-08-04,Vendor 256,Professional Services,Management Consulting,272.78,Nordics,No Contract
INV-2025-01991,2025-03-06,Strategic Partner 17,Professional Services,Management Consulting,37316.36,Nordics,Active Contract
INV-2025-01992,2025-05-06,Strategic Partner 11,Direct Materials,Raw Metals,37252.86,Central Europe,Active Contract
INV-2025-01993,2025-05-18,Strategic Partner 28,Direct Materials,Raw Metals,3608.3,Nordics,Active Contract
INV-2025-01994,2025-08-03,Strategic Partner 02,Professional Services,Audit,31413.24,Central Europe,Active Contract
INV-2025-01995,2025-03-30,Strategic Partner 27,Direct Materials,Raw Metals,14046.39,North America,No Contract
INV-2025-01996,2025-10-13,Vendor 050,Direct Materials,Polymers,5874.0,Nordics,No Contract
INV-2025-01997,2025-08-23,Vendor 221,IT & Software,Hardware,6377.58,APAC,Active Contract
INV-2025-01998,2025-10-02,Strategic Partner 11,Direct Materials,Raw Metals,70764.54,Nordics,Active Contract
INV-2025-01999,2025-04-14,Strategic Partner 06,Logistics & Freight,Road Transport,21370.53,Nordics,Active Contract
INV-2025-02000,2025-08-08,Vendor 233,Professional Services,Management Consulting,1405.77,North America,No Contract
INV-2025-02001,2025-03-02,Strategic Partner 21,Direct Materials,Electronic Components,11376.26,Nordics,Active Contract
INV-2025-02002,2025-10-17,Strategic Partner 14,IT & Software,Hardware,24399.54,Nordics,Active Contract
INV-2025-02003,2025-04-02,Vendor 192,Direct Materials,Electronic Components,2164.02,Nordics,Active Contract
INV-2025-02004,2025-12-11,Strategic Partner 18,Direct Materials,Polymers,42065.68,Central Europe,Active Contract
INV-2025-02005,2025-05-07,Vendor 146,Direct Materials,Electronic Components,6218.61,North America,No Contract
INV-2025-02006,2025-05-09,Strategic Partner 14,IT & Software,Cloud Infrastructure,79037.75,Nordics,Active Contract
INV-2025-02007,2025-01-26,Strategic Partner 19,Direct Materials,Polymers,25017.9,Central Europe,Active Contract
INV-2025-02008,2025-03-02,Strategic Partner 01,Logistics & Freight,Ocean Freight,19769.29,Nordics,Active Contract
INV-2025-02009,2025-12-05,Strategic Partner 09,Professional Services,Management Consulting,16148.81,Nordics,Active Contract
INV-2025-02010,2025-04-16,Strategic Partner 25,Direct Materials,Raw Metals,43532.77,Nordics,Active Contract
INV-2025-02011,2025-01-04,Strategic Partner 08,Direct Materials,Raw Metals,13024.82,APAC,Active Contract
INV-2025-02012,2025-04-07,Strategic Partner 21,Logistics & Freight,Warehousing,16022.43,Nordics,Active Contract
INV-2025-02013,2025-02-19,Strategic Partner 20,Professional Services,Management Consulting,59724.25,APAC,Active Contract
INV-2025-02014,2025-03-29,Strategic Partner 08,Direct Materials,Electronic Components,52967.66,North America,Active Contract
INV-2025-02015,2025-05-29,Strategic Partner 03,Direct Materials,Raw Metals,27874.05,Central Europe,Active Contract
INV-2025-02016,2025-01-30,Vendor 172,Direct Materials,Electronic Components,3593.49,APAC,No Contract
INV-2025-02017,2025-03-09,Vendor 088,Direct Materials,Polymers,1102.23,Central Europe,No Contract
INV-2025-02018,2025-02-15,Strategic Partner 28,IT & Software,Cloud Infrastructure,14548.11,APAC,Active Contract
INV-2025-02019,2025-09-15,Strategic Partner 05,Direct Materials,Polymers,28641.98,North America,Active Contract
INV-2025-02020,2025-05-27,Strategic Partner 22,Direct Materials,Electronic Components,4132.59,Central Europe,No Contract
INV-2025-02021,2025-02-14,Strategic Partner 01,Direct Materials,Raw Metals,14599.65,Central Europe,Active Contract
INV-2025-02022,2025-02-06,Strategic Partner 25,Logistics & Freight,Warehousing,29742.84,APAC,Active Contract
INV-2025-02023,2025-07-28,Strategic Partner 26,Logistics & Freight,Ocean Freight,14549.56,Central Europe,Active Contract
INV-2025-02024,2025-04-04,Vendor 196,Direct Materials,Polymers,2077.0,Nordics,No Contract
INV-2025-02025,2025-03-16,Vendor 056,Logistics & Freight,Warehousing,2699.9,Nordics,Active Contract
INV-2025-02026,2025-06-28,Strategic Partner 09,Direct Materials,Raw Metals,26337.92,North America,Active Contract
INV-2025-02027,2025-08-22,Strategic Partner 02,IT & Software,Cloud Infrastructure,59924.63,Nordics,Active Contract
INV-2025-02028,2025-11-18,Strategic Partner 24,Logistics & Freight,Warehousing,40199.49,Nordics,Active Contract
INV-2025-02029,2025-02-24,Vendor 077,IT & Software,Cloud Infrastructure,4565.78,APAC,No Contract
INV-2025-02030,2025-09-20,Strategic Partner 10,Direct Materials,Electronic Components,17201.7,APAC,Active Contract
INV-2025-02031,2025-12-31,Strategic Partner 04,Professional Services,Audit,5599.4,Nordics,Active Contract
INV-2025-02032,2025-12-21,Strategic Partner 24,Logistics & Freight,Ocean Freight,57804.24,Nordics,Active Contract
INV-2025-02033,2025-09-11,Strategic Partner 04,Facilities & MRO,Office Supplies,15945.93,North America,Active Contract
INV-2025-02034,2025-11-09,Strategic Partner 12,Direct Materials,Polymers,21584.14,APAC,Active Contract
INV-2025-02035,2025-12-24,Vendor 184,Direct Materials,Electronic Components,10893.95,Central Europe,No Contract
INV-2025-02036,2025-02-24,Strategic Partner 02,Logistics & Freight,Warehousing,3043.16,North America,Active Contract
INV-2025-02037,2025-08-18,Strategic Partner 02,Direct Materials,Raw Metals,38913.05,North America,Active Contract
INV-2025-02038,2025-09-23,Vendor 143,Professional Services,Management Consulting,5498.39,Nordics,No Contract
INV-2025-02039,2025-11-25,Strategic Partner 30,IT & Software,Hardware,138367.15,Central Europe,Active Contract
INV-2025-02040,2025-09-07,Vendor 243,Professional Services,Management Consulting,1002.68,Central Europe,No Contract
INV-2025-02041,2025-11-22,Strategic Partner 08,Facilities & MRO,Cleaning Services,19033.85,North America,Active Contract
INV-2025-02042,2025-02-18,Vendor 077,IT & Software,Hardware,1057.61,Nordics,No Contract
INV-2025-02043,2025-05-01,Strategic Partner 01,Direct Materials,Raw Metals,20642.61,Nordics,Active Contract
INV-2025-02044,2025-03-05,Vendor 115,IT & Software,SaaS Subscriptions,525.5,Central Europe,Active Contract
INV-2025-02045,2025-03-29,Vendor 071,Direct Materials,Electronic Components,4600.43,Nordics,No Contract
INV-2025-02046,2025-05-31,Strategic Partner 19,Direct Materials,Electronic Components,22069.7,Nordics,Active Contract
INV-2025-02047,2025-03-08,Strategic Partner 25,Logistics & Freight,Ocean Freight,8001.73,Nordics,Active Contract
INV-2025-02048,2025-09-26,Strategic Partner 01,IT & Software,Hardware,45711.43,Nordics,Active Contract
INV-2025-02049,2025-03-14,Strategic Partner 30,IT & Software,SaaS Subscriptions,4251.87,North America,Active Contract
INV-2025-02050,2025-12-12,Strategic Partner 02,Direct Materials,Raw Metals,49001.81,Nordics,Active Contract
INV-2025-02051,2025-08-10,Strategic Partner 26,Professional Services,Legal,6547.26,Nordics,Active Contract
INV-2025-02052,2025-05-01,Strategic Partner 01,Professional Services,Audit,19944.47,APAC,Active Contract
INV-2025-02053,2025-07-26,Vendor 228,Direct Materials,Electronic Components,557.31,Nordics,Active Contract
INV-2025-02054,2025-10-17,Strategic Partner 07,Direct Materials,Raw Metals,5414.7,Nordics,Active Contract
INV-2025-02055,2025-12-05,Strategic Partner 12,Direct Materials,Raw Metals,49319.47,Nordics,Active Contract
INV-2025-02056,2025-07-20,Strategic Partner 03,IT & Software,SaaS Subscriptions,15975.53,Nordics,Active Contract
INV-2025-02057,2025-06-09,Strategic Partner 30,Professional Services,Audit,5508.29,North America,Active Contract
INV-2025-02058,2025-06-28,Vendor 168,IT & Software,Cloud Infrastructure,553.75,Nordics,No Contract
INV-2025-02059,2025-12-10,Strategic Partner 09,Logistics & Freight,Warehousing,40349.11,North America,Active Contract
INV-2025-02060,2025-02-01,Strategic Partner 12,Logistics & Freight,Warehousing,3803.14,North America,No Contract
INV-2025-02061,2025-04-22,Strategic Partner 17,Direct Materials,Raw Metals,8813.35,Nordics,Active Contract
INV-2025-02062,2025-11-27,Strategic Partner 14,Direct Materials,Polymers,23218.48,Nordics,Active Contract
INV-2025-02063,2025-02-10,Strategic Partner 16,Logistics & Freight,Warehousing,27247.18,Central Europe,Active Contract
INV-2025-02064,2025-05-30,Strategic Partner 13,Logistics & Freight,Warehousing,28079.16,APAC,Active Contract
INV-2025-02065,2025-12-09,Strategic Partner 13,IT & Software,Cloud Infrastructure,13330.6,Nordics,Active Contract
INV-2025-02066,2025-07-23,Strategic Partner 16,Direct Materials,Polymers,14012.93,APAC,Active Contract
INV-2025-02067,2025-06-02,Strategic Partner 30,Professional Services,Audit,10998.96,Central Europe,Active Contract
INV-2025-02068,2025-11-19,Strategic Partner 17,Professional Services,Audit,19024.07,Nordics,Active Contract
INV-2025-02069,2025-05-31,Strategic Partner 20,Professional Services,Legal,39745.21,Central Europe,Active Contract
INV-2025-02070,2025-11-24,Vendor 272,IT & Software,Hardware,1084.81,North America,No Contract
INV-2025-02071,2025-02-16,Vendor 234,Facilities & MRO,Cleaning Services,1959.33,Nordics,No Contract
INV-2025-02072,2025-09-16,Strategic Partner 28,Logistics & Freight,Ocean Freight,5098.58,North America,Active Contract
INV-2025-02073,2025-08-12,Strategic Partner 05,Direct Materials,Electronic Components,5781.47,Nordics,Active Contract
INV-2025-02074,2025-02-06,Strategic Partner 02,Direct Materials,Polymers,34440.83,Nordics,Active Contract
INV-2025-02075,2025-09-18,Strategic Partner 16,IT & Software,Hardware,13038.18,Central Europe,Active Contract
INV-2025-02076,2025-10-14,Strategic Partner 30,Direct Materials,Electronic Components,3654.72,Nordics,No Contract
INV-2025-02077,2025-05-19,Strategic Partner 18,Direct Materials,Raw Metals,51961.66,North America,Active Contract
INV-2025-02078,2025-12-14,Vendor 150,Logistics & Freight,Warehousing,1074.79,APAC,No Contract
INV-2025-02079,2025-02-13,Strategic Partner 03,Direct Materials,Raw Metals,46769.16,Central Europe,Active Contract
INV-2025-02080,2025-05-19,Strategic Partner 01,IT & Software,Cloud Infrastructure,25171.62,APAC,Active Contract
INV-2025-02081,2025-05-17,Vendor 135,Direct Materials,Raw Metals,988.29,Nordics,Active Contract
INV-2025-02082,2025-05-14,Strategic Partner 06,Direct Materials,Electronic Components,23818.99,Central Europe,Active Contract
INV-2025-02083,2025-08-12,Vendor 138,Direct Materials,Raw Metals,1875.72,Central Europe,No Contract
INV-2025-02084,2025-09-19,Vendor 222,Direct Materials,Raw Metals,1218.38,North America,Active Contract
INV-2025-02085,2025-03-12,Strategic Partner 28,Direct Materials,Raw Metals,33046.95,Central Europe,Active Contract
INV-2025-02086,2025-08-27,Strategic Partner 01,Direct Materials,Polymers,9201.11,Nordics,Active Contract
INV-2025-02087,2025-11-29,Strategic Partner 22,Direct Materials,Polymers,4166.88,Central Europe,Active Contract
INV-2025-02088,2025-09-27,Vendor 139,Direct Materials,Raw Metals,4425.06,Nordics,No Contract
INV-2025-02089,2025-04-02,Vendor 093,IT & Software,Hardware,420.12,North America,Active Contract
INV-2025-02090,2025-08-13,Vendor 064,Direct Materials,Raw Metals,650.94,Nordics,No Contract
INV-2025-02091,2025-06-07,Strategic Partner 28,Logistics & Freight,Ocean Freight,13816.06,North America,Active Contract
INV-2025-02092,2025-05-20,Strategic Partner 29,Direct Materials,Polymers,57896.19,Nordics,Active Contract
INV-2025-02093,2025-11-13,Strategic Partner 21,Direct Materials,Polymers,55855.51,North America,Active Contract
INV-2025-02094,2025-12-14,Strategic Partner 13,IT & Software,Cloud Infrastructure,16147.91,Nordics,Active Contract
INV-2025-02095,2025-04-17,Vendor 290,Direct Materials,Raw Metals,5497.72,Central Europe,No Contract
INV-2025-02096,2025-07-19,Vendor 159,IT & Software,Hardware,7673.97,Central Europe,No Contract
INV-2025-02097,2025-07-20,Vendor 272,Direct Materials,Electronic Components,1966.82,North America,Active Contract
INV-2025-02098,2025-01-15,Vendor 020,Facilities & MRO,Cleaning Services,518.65,Nordics,No Contract
INV-2025-02099,2025-12-02,Strategic Partner 28,Professional Services,Audit,27624.03,Nordics,Active Contract
INV-2025-02100,2025-08-27,Vendor 295,Direct Materials,Raw Metals,257.14,Nordics,No Contract
INV-2025-02101,2025-12-28,Strategic Partner 11,IT & Software,SaaS Subscriptions,31146.59,North America,Active Contract
INV-2025-02102,2025-06-28,Strategic Partner 15,Direct Materials,Polymers,10846.15,North America,Active Contract
INV-2025-02103,2025-12-22,Strategic Partner 12,Direct Materials,Polymers,22463.26,APAC,Active Contract
INV-2025-02104,2025-04-12,Strategic Partner 17,Direct Materials,Raw Metals,44212.54,Central Europe,Active Contract
INV-2025-02105,2025-03-03,Strategic Partner 02,Logistics & Freight,Road Transport,17424.98,Central Europe,No Contract
INV-2025-02106,2025-12-03,Strategic Partner 29,Professional Services,Management Consulting,13945.88,North America,Active Contract
INV-2025-02107,2025-09-29,Strategic Partner 23,Logistics & Freight,Road Transport,70363.96,Central Europe,No Contract
INV-2025-02108,2025-09-02,Strategic Partner 07,Direct Materials,Raw Metals,43265.24,Nordics,Active Contract
INV-2025-02109,2025-04-06,Strategic Partner 09,Professional Services,Management Consulting,43985.27,Nordics,Active Contract
INV-2025-02110,2025-12-28,Strategic Partner 23,Direct Materials,Electronic Components,49146.2,Central Europe,No Contract
INV-2025-02111,2025-08-20,Vendor 128,Direct Materials,Polymers,2502.07,Central Europe,No Contract
INV-2025-02112,2025-12-23,Strategic Partner 27,Direct Materials,Electronic Components,68169.21,Central Europe,Active Contract
INV-2025-02113,2025-05-21,Strategic Partner 07,Logistics & Freight,Warehousing,75180.41,Nordics,Active Contract
INV-2025-02114,2025-11-15,Vendor 002,Logistics & Freight,Ocean Freight,1783.38,APAC,Active Contract
INV-2025-02115,2025-03-18,Strategic Partner 08,Professional Services,Audit,40274.69,Central Europe,Active Contract
INV-2025-02116,2025-12-08,Vendor 059,Professional Services,Legal,3283.33,Nordics,No Contract
INV-2025-02117,2025-11-04,Strategic Partner 09,IT & Software,Hardware,16038.73,Central Europe,Active Contract
INV-2025-02118,2025-03-28,Vendor 146,Direct Materials,Raw Metals,246.58,North America,Active Contract
INV-2025-02119,2025-09-20,Strategic Partner 22,Professional Services,Legal,20390.78,Nordics,Active Contract
INV-2025-02120,2025-06-11,Strategic Partner 16,Facilities & MRO,Maintenance,9181.64,Central Europe,Active Contract
INV-2025-02121,2025-11-20,Strategic Partner 20,Direct Materials,Raw Metals,19583.47,Nordics,Active Contract
INV-2025-02122,2025-05-30,Strategic Partner 21,Logistics & Freight,Road Transport,16952.35,APAC,Active Contract
INV-2025-02123,2025-03-16,Strategic Partner 24,Facilities & MRO,Office Supplies,29054.89,Nordics,Active Contract
INV-2025-02124,2025-09-20,Vendor 016,Logistics & Freight,Ocean Freight,2402.61,Central Europe,No Contract
INV-2025-02125,2025-10-30,Vendor 041,Direct Materials,Raw Metals,1893.8,North America,No Contract
INV-2025-02126,2025-01-05,Vendor 209,Logistics & Freight,Ocean Freight,2291.96,Central Europe,No Contract
INV-2025-02127,2025-06-25,Strategic Partner 18,Direct Materials,Polymers,12498.65,North America,Active Contract
INV-2025-02128,2025-02-24,Strategic Partner 27,Direct Materials,Raw Metals,8557.99,Central Europe,Active Contract
INV-2025-02129,2025-10-12,Vendor 097,Direct Materials,Electronic Components,708.69,Nordics,No Contract
INV-2025-02130,2025-09-17,Vendor 220,Direct Materials,Electronic Components,967.21,Central Europe,No Contract
INV-2025-02131,2025-06-29,Strategic Partner 12,Facilities & MRO,Maintenance,4961.96,Central Europe,Active Contract
INV-2025-02132,2025-07-21,Strategic Partner 28,Direct Materials,Raw Metals,13690.88,Nordics,Active Contract
INV-2025-02133,2025-01-01,Strategic Partner 06,Direct Materials,Polymers,4795.89,Nordics,Active Contract
INV-2025-02134,2025-12-06,Strategic Partner 02,Facilities & MRO,Office Supplies,10065.29,North America,Active Contract
INV-2025-02135,2025-11-16,Vendor 239,Direct Materials,Raw Metals,319.84,Central Europe,No Contract
INV-2025-02136,2025-03-19,Strategic Partner 30,Logistics & Freight,Road Transport,22175.74,APAC,Active Contract
INV-2025-02137,2025-06-06,Vendor 195,Logistics & Freight,Ocean Freight,3860.91,Nordics,No Contract
INV-2025-02138,2025-10-04,Vendor 112,IT & Software,Hardware,519.95,Nordics,No Contract
INV-2025-02139,2025-03-05,Strategic Partner 13,Professional Services,Legal,3979.67,Central Europe,Active Contract
INV-2025-02140,2025-03-09,Vendor 111,IT & Software,Hardware,4666.48,Central Europe,No Contract
INV-2025-02141,2025-03-19,Strategic Partner 05,Direct Materials,Electronic Components,17125.52,APAC,Active Contract
INV-2025-02142,2025-08-17,Vendor 111,IT & Software,SaaS Subscriptions,3413.3,Central Europe,No Contract
INV-2025-02143,2025-05-06,Vendor 013,Direct Materials,Polymers,3528.35,Central Europe,No Contract
INV-2025-02144,2025-05-31,Strategic Partner 01,Logistics & Freight,Ocean Freight,7661.29,APAC,Active Contract
INV-2025-02145,2025-07-22,Strategic Partner 03,IT & Software,Hardware,9777.8,Central Europe,Active Contract
INV-2025-02146,2025-02-15,Strategic Partner 12,Logistics & Freight,Road Transport,15624.21,Central Europe,Active Contract
INV-2025-02147,2025-10-05,Strategic Partner 23,IT & Software,Cloud Infrastructure,10455.58,APAC,Active Contract
INV-2025-02148,2025-07-30,Strategic Partner 19,IT & Software,Cloud Infrastructure,10708.23,Nordics,No Contract
INV-2025-02149,2025-05-23,Vendor 241,Professional Services,Legal,3065.06,North America,Active Contract
INV-2025-02150,2025-08-27,Vendor 262,Direct Materials,Electronic Components,1092.22,Nordics,No Contract
INV-2025-02151,2025-02-11,Strategic Partner 29,IT & Software,SaaS Subscriptions,35526.39,Nordics,Active Contract
INV-2025-02152,2025-03-15,Strategic Partner 07,Logistics & Freight,Warehousing,16397.09,Nordics,Active Contract
INV-2025-02153,2025-09-15,Strategic Partner 22,Direct Materials,Electronic Components,4703.95,Nordics,Active Contract
INV-2025-02154,2025-03-07,Vendor 243,Direct Materials,Electronic Components,284.31,Central Europe,No Contract
INV-2025-02155,2025-06-12,Strategic Partner 07,Logistics & Freight,Ocean Freight,17423.29,Nordics,Active Contract
INV-2025-02156,2025-01-01,Strategic Partner 18,Direct Materials,Electronic Components,37989.26,Nordics,Active Contract
INV-2025-02157,2025-02-02,Strategic Partner 28,Logistics & Freight,Road Transport,26825.25,Nordics,Active Contract
INV-2025-02158,2025-12-02,Strategic Partner 24,Direct Materials,Polymers,7629.27,Central Europe,Active Contract
INV-2025-02159,2025-02-10,Strategic Partner 30,IT & Software,SaaS Subscriptions,5637.99,North America,Active Contract
INV-2025-02160,2025-06-25,Strategic Partner 24,Direct Materials,Electronic Components,4985.16,Central Europe,Active Contract
INV-2025-02161,2025-10-09,Vendor 133,Direct Materials,Raw Metals,217.64,Nordics,No Contract
INV-2025-02162,2025-06-04,Strategic Partner 13,Facilities & MRO,Maintenance,21672.95,Nordics,Active Contract
INV-2025-02163,2025-11-16,Vendor 209,Direct Materials,Raw Metals,171.31,Nordics,No Contract
INV-2025-02164,2025-03-27,Vendor 265,Facilities & MRO,Cleaning Services,2254.39,Central Europe,No Contract
INV-2025-02165,2025-12-24,Strategic Partner 17,Direct Materials,Polymers,78353.26,Central Europe,Active Contract
INV-2025-02166,2025-12-25,Vendor 226,Professional Services,Audit,3832.12,Central Europe,Active Contract
INV-2025-02167,2025-03-18,Strategic Partner 11,IT & Software,Hardware,6039.07,Nordics,Active Contract
INV-2025-02168,2025-08-27,Strategic Partner 17,IT & Software,Cloud Infrastructure,38853.67,Nordics,Active Contract
INV-2025-02169,2025-05-26,Vendor 253,Direct Materials,Raw Metals,1902.59,North America,Active Contract
INV-2025-02170,2025-05-22,Vendor 159,Direct Materials,Raw Metals,3459.33,Central Europe,No Contract
INV-2025-02171,2025-12-02,Vendor 083,Logistics & Freight,Ocean Freight,4005.8,Central Europe,No Contract
INV-2025-02172,2025-06-13,Vendor 247,Logistics & Freight,Warehousing,940.96,Nordics,Active Contract
INV-2025-02173,2025-08-27,Vendor 233,Logistics & Freight,Road Transport,379.62,Nordics,Active Contract
INV-2025-02174,2025-09-12,Strategic Partner 21,Logistics & Freight,Warehousing,11348.99,North America,Active Contract
INV-2025-02175,2025-10-05,Vendor 036,Professional Services,Legal,383.41,Nordics,No Contract
INV-2025-02176,2025-07-01,Strategic Partner 04,Logistics & Freight,Warehousing,42687.43,Central Europe,Active Contract
INV-2025-02177,2025-12-07,Vendor 241,Direct Materials,Raw Metals,2019.09,Nordics,Active Contract
INV-2025-02178,2025-11-16,Strategic Partner 26,Direct Materials,Polymers,28474.18,Nordics,Active Contract
INV-2025-02179,2025-07-20,Vendor 078,Facilities & MRO,Office Supplies,4578.69,Central Europe,No Contract
INV-2025-02180,2025-10-18,Strategic Partner 20,Logistics & Freight,Warehousing,84587.27,APAC,No Contract
INV-2025-02181,2025-11-29,Vendor 262,Logistics & Freight,Warehousing,7881.56,APAC,No Contract
INV-2025-02182,2025-09-27,Strategic Partner 17,Direct Materials,Raw Metals,7119.1,North America,Active Contract
INV-2025-02183,2025-12-21,Strategic Partner 14,Logistics & Freight,Warehousing,41195.11,Nordics,No Contract
INV-2025-02184,2025-11-11,Strategic Partner 30,Facilities & MRO,Cleaning Services,48543.26,Central Europe,Active Contract
INV-2025-02185,2025-12-02,Strategic Partner 28,Logistics & Freight,Road Transport,16164.27,Nordics,Active Contract
INV-2025-02186,2025-01-20,Strategic Partner 24,Logistics & Freight,Warehousing,16067.6,APAC,Active Contract
INV-2025-02187,2025-08-16,Strategic Partner 29,Direct Materials,Polymers,17906.85,Nordics,No Contract
INV-2025-02188,2025-07-05,Vendor 087,Direct Materials,Polymers,1205.38,Central Europe,No Contract
INV-2025-02189,2025-10-04,Strategic Partner 20,Professional Services,Legal,4684.82,Central Europe,Active Contract
INV-2025-02190,2025-11-21,Strategic Partner 04,Logistics & Freight,Warehousing,15025.91,North America,Active Contract
INV-2025-02191,2025-08-28,Vendor 144,Facilities & MRO,Cleaning Services,2077.21,Nordics,Active Contract
INV-2025-02192,2025-12-28,Strategic Partner 14,Direct Materials,Raw Metals,25053.91,North America,Active Contract
INV-2025-02193,2025-01-07,Vendor 018,IT & Software,SaaS Subscriptions,200.54,Nordics,No Contract
INV-2025-02194,2025-04-12,Strategic Partner 25,Direct Materials,Raw Metals,25063.41,Nordics,No Contract
INV-2025-02195,2025-11-25,Strategic Partner 25,Logistics & Freight,Ocean Freight,13974.39,North America,Active Contract
INV-2025-02196,2025-07-02,Strategic Partner 10,IT & Software,SaaS Subscriptions,47865.49,Nordics,Active Contract
INV-2025-02197,2025-04-13,Strategic Partner 01,Direct Materials,Polymers,30690.91,Nordics,Active Contract
INV-2025-02198,2025-04-16,Strategic Partner 23,Professional Services,Management Consulting,20983.67,North America,Active Contract
INV-2025-02199,2025-12-01,Vendor 259,Professional Services,Legal,5095.05,Central Europe,Active Contract
INV-2025-02200,2025-11-22,Strategic Partner 18,Direct Materials,Electronic Components,11216.52,Central Europe,Active Contract
INV-2025-02201,2025-04-27,Strategic Partner 18,Direct Materials,Raw Metals,8594.52,Nordics,Active Contract
INV-2025-02202,2025-08-21,Strategic Partner 06,IT & Software,Cloud Infrastructure,9580.81,North America,Active Contract
INV-2025-02203,2025-11-28,Strategic Partner 29,Direct Materials,Raw Metals,44332.94,Central Europe,Active Contract
INV-2025-02204,2025-06-24,Vendor 173,Direct Materials,Electronic Components,759.94,Nordics,No Contract
INV-2025-02205,2025-11-19,Strategic Partner 28,Direct Materials,Electronic Components,36095.29,North America,Active Contract
INV-2025-02206,2025-10-09,Vendor 202,Direct Materials,Polymers,1068.16,Nordics,No Contract
INV-2025-02207,2025-01-08,Strategic Partner 25,Direct Materials,Electronic Components,13764.69,Nordics,Active Contract
INV-2025-02208,2025-08-18,Strategic Partner 12,IT & Software,SaaS Subscriptions,26632.32,Central Europe,Active Contract
INV-2025-02209,2025-08-04,Strategic Partner 03,IT & Software,SaaS Subscriptions,4733.05,Nordics,Active Contract
INV-2025-02210,2025-10-04,Strategic Partner 19,Direct Materials,Raw Metals,3579.71,Nordics,Active Contract
INV-2025-02211,2025-11-04,Strategic Partner 16,IT & Software,SaaS Subscriptions,12854.22,Central Europe,Active Contract
INV-2025-02212,2025-12-15,Vendor 168,Facilities & MRO,Cleaning Services,1887.22,Nordics,No Contract
INV-2025-02213,2025-09-19,Strategic Partner 10,Professional Services,Management Consulting,33337.68,North America,Active Contract
INV-2025-02214,2025-07-12,Vendor 218,Direct Materials,Electronic Components,2634.85,North America,No Contract
INV-2025-02215,2025-09-29,Strategic Partner 10,Professional Services,Legal,5151.43,North America,Active Contract
INV-2025-02216,2025-11-04,Strategic Partner 08,Direct Materials,Electronic Components,26802.16,Central Europe,Active Contract
INV-2025-02217,2025-02-26,Strategic Partner 18,Direct Materials,Polymers,32048.59,Nordics,Active Contract
INV-2025-02218,2025-09-26,Strategic Partner 13,Direct Materials,Raw Metals,16089.26,North America,Active Contract
INV-2025-02219,2025-09-12,Vendor 057,Logistics & Freight,Road Transport,2375.03,North America,Active Contract
INV-2025-02220,2025-04-04,Strategic Partner 23,IT & Software,Cloud Infrastructure,8148.93,Central Europe,Active Contract
INV-2025-02221,2025-03-29,Strategic Partner 17,IT & Software,Cloud Infrastructure,4465.85,Central Europe,Active Contract
INV-2025-02222,2025-08-05,Strategic Partner 28,Professional Services,Legal,4582.75,Central Europe,Active Contract
INV-2025-02223,2025-04-20,Vendor 275,Logistics & Freight,Road Transport,4963.74,North America,No Contract
INV-2025-02224,2025-07-18,Strategic Partner 22,IT & Software,Cloud Infrastructure,22777.25,Central Europe,Active Contract
INV-2025-02225,2025-09-20,Strategic Partner 14,Logistics & Freight,Ocean Freight,37091.9,Nordics,Active Contract
INV-2025-02226,2025-10-18,Strategic Partner 02,Direct Materials,Raw Metals,7615.57,Central Europe,Active Contract
INV-2025-02227,2025-07-02,Strategic Partner 28,Direct Materials,Electronic Components,65747.54,APAC,Active Contract
INV-2025-02228,2025-11-20,Strategic Partner 06,IT & Software,Hardware,8160.9,APAC,Active Contract
INV-2025-02229,2025-02-23,Strategic Partner 27,Logistics & Freight,Ocean Freight,36144.58,Central Europe,Active Contract
INV-2025-02230,2025-05-31,Strategic Partner 24,Logistics & Freight,Road Transport,18559.25,Central Europe,Active Contract
INV-2025-02231,2025-09-22,Vendor 161,Direct Materials,Electronic Components,2151.34,Nordics,Active Contract
INV-2025-02232,2025-11-06,Strategic Partner 17,Facilities & MRO,Maintenance,26463.54,Nordics,Active Contract
INV-2025-02233,2025-08-15,Strategic Partner 16,Direct Materials,Electronic Components,11787.48,Central Europe,Active Contract
INV-2025-02234,2025-05-10,Vendor 275,IT & Software,SaaS Subscriptions,4188.08,Central Europe,No Contract
INV-2025-02235,2025-09-13,Strategic Partner 07,Logistics & Freight,Ocean Freight,34599.58,Central Europe,No Contract
INV-2025-02236,2025-02-26,Vendor 005,Direct Materials,Raw Metals,1548.04,APAC,No Contract
INV-2025-02237,2025-02-26,Vendor 112,Direct Materials,Polymers,2495.9,North America,No Contract
INV-2025-02238,2025-12-31,Strategic Partner 25,Logistics & Freight,Ocean Freight,19683.24,Nordics,Active Contract
INV-2025-02239,2025-09-27,Strategic Partner 23,Professional Services,Management Consulting,17018.38,Nordics,Active Contract
INV-2025-02240,2025-07-07,Strategic Partner 25,Direct Materials,Raw Metals,8428.84,Central Europe,Active Contract
INV-2025-02241,2025-10-08,Vendor 043,Direct Materials,Raw Metals,875.57,North America,No Contract
INV-2025-02242,2025-09-04,Strategic Partner 01,Facilities & MRO,Maintenance,19828.43,Nordics,Active Contract
INV-2025-02243,2025-10-01,Strategic Partner 10,Direct Materials,Electronic Components,71593.95,Central Europe,Active Contract
INV-2025-02244,2025-09-01,Strategic Partner 05,IT & Software,SaaS Subscriptions,12100.01,Central Europe,Active Contract
INV-2025-02245,2025-06-02,Vendor 083,Direct Materials,Polymers,593.19,Nordics,No Contract
INV-2025-02246,2025-11-22,Strategic Partner 09,IT & Software,Cloud Infrastructure,22937.89,APAC,Active Contract
INV-2025-02247,2025-12-03,Strategic Partner 16,IT & Software,SaaS Subscriptions,33735.56,Nordics,Active Contract
INV-2025-02248,2025-02-24,Strategic Partner 01,Direct Materials,Raw Metals,18347.11,Nordics,No Contract
INV-2025-02249,2025-05-26,Strategic Partner 11,Direct Materials,Raw Metals,5033.08,APAC,Active Contract
INV-2025-02250,2025-03-14,Strategic Partner 20,Direct Materials,Polymers,38451.03,Central Europe,Active Contract
INV-2025-02251,2025-07-27,Strategic Partner 25,Facilities & MRO,Office Supplies,22290.29,Central Europe,Active Contract
INV-2025-02252,2025-04-17,Strategic Partner 14,Direct Materials,Electronic Components,38583.4,North America,Active Contract
INV-2025-02253,2025-07-25,Strategic Partner 05,Facilities & MRO,Office Supplies,37760.87,Central Europe,Active Contract
INV-2025-02254,2025-04-05,Vendor 111,Facilities & MRO,Office Supplies,1744.67,Central Europe,No Contract
INV-2025-02255,2025-06-06,Strategic Partner 24,Direct Materials,Raw Metals,16477.16,Nordics,Active Contract
INV-2025-02256,2025-11-27,Strategic Partner 04,Direct Materials,Electronic Components,10758.55,APAC,Active Contract
INV-2025-02257,2025-02-20,Strategic Partner 24,Professional Services,Audit,33002.62,Nordics,Active Contract
INV-2025-02258,2025-07-17,Vendor 128,Direct Materials,Electronic Components,1309.54,Central Europe,No Contract
INV-2025-02259,2025-03-20,Vendor 201,Direct Materials,Raw Metals,812.73,North America,Active Contract
INV-2025-02260,2025-11-23,Strategic Partner 10,Direct Materials,Raw Metals,15492.35,Nordics,Active Contract
INV-2025-02261,2025-12-18,Strategic Partner 03,Direct Materials,Electronic Components,43063.17,North America,No Contract
INV-2025-02262,2025-07-04,Strategic Partner 08,Direct Materials,Electronic Components,56079.23,Central Europe,Active Contract
INV-2025-02263,2025-11-01,Vendor 262,Direct Materials,Raw Metals,1577.14,Central Europe,No Contract
INV-2025-02264,2025-07-09,Strategic Partner 24,IT & Software,Hardware,4372.41,Nordics,Active Contract
INV-2025-02265,2025-04-21,Vendor 054,IT & Software,Cloud Infrastructure,317.68,North America,No Contract
INV-2025-02266,2025-08-28,Vendor 087,Direct Materials,Polymers,948.15,Central Europe,Active Contract
INV-2025-02267,2025-02-23,Strategic Partner 13,Logistics & Freight,Road Transport,20236.27,Nordics,Active Contract
INV-2025-02268,2025-06-17,Vendor 087,IT & Software,Hardware,5711.01,Central Europe,No Contract
INV-2025-02269,2025-01-13,Strategic Partner 30,Direct Materials,Raw Metals,11167.33,Nordics,Active Contract
INV-2025-02270,2025-07-05,Strategic Partner 24,Logistics & Freight,Road Transport,6734.55,Central Europe,Active Contract
INV-2025-02271,2025-09-07,Strategic Partner 10,Professional Services,Legal,17451.3,Nordics,Active Contract
INV-2025-02272,2025-02-09,Strategic Partner 05,Direct Materials,Polymers,13454.55,APAC,Active Contract
INV-2025-02273,2025-01-14,Strategic Partner 26,Professional Services,Management Consulting,16577.63,Central Europe,Active Contract
INV-2025-02274,2025-10-09,Strategic Partner 17,Direct Materials,Raw Metals,11489.71,Nordics,Active Contract
INV-2025-02275,2025-04-26,Strategic Partner 14,IT & Software,Cloud Infrastructure,13499.1,Central Europe,Active Contract
INV-2025-02276,2025-07-30,Vendor 053,Logistics & Freight,Ocean Freight,3000.66,Central Europe,No Contract
INV-2025-02277,2025-07-07,Vendor 018,Direct Materials,Raw Metals,775.23,Nordics,No Contract
INV-2025-02278,2025-11-10,Strategic Partner 01,Direct Materials,Raw Metals,81650.04,APAC,Active Contract
INV-2025-02279,2025-04-29,Strategic Partner 06,IT & Software,Cloud Infrastructure,24435.81,Central Europe,Active Contract
INV-2025-02280,2025-03-02,Vendor 063,Logistics & Freight,Ocean Freight,998.3,North America,No Contract
INV-2025-02281,2025-09-23,Strategic Partner 12,Direct Materials,Raw Metals,6866.64,Nordics,Active Contract
INV-2025-02282,2025-05-25,Strategic Partner 25,Direct Materials,Raw Metals,55511.19,APAC,Active Contract
INV-2025-02283,2025-01-16,Strategic Partner 06,Direct Materials,Electronic Components,3620.04,Nordics,Active Contract
INV-2025-02284,2025-07-01,Strategic Partner 12,Logistics & Freight,Ocean Freight,12624.99,Nordics,Active Contract
INV-2025-02285,2025-05-01,Strategic Partner 18,Facilities & MRO,Cleaning Services,65652.29,North America,No Contract
INV-2025-02286,2025-08-25,Strategic Partner 12,IT & Software,SaaS Subscriptions,22679.49,Nordics,Active Contract
INV-2025-02287,2025-09-15,Strategic Partner 26,Direct Materials,Electronic Components,20911.17,Nordics,No Contract
INV-2025-02288,2025-01-23,Strategic Partner 22,Professional Services,Management Consulting,29785.0,Nordics,Active Contract
INV-2025-02289,2025-10-20,Strategic Partner 22,Direct Materials,Raw Metals,12630.38,Central Europe,No Contract
INV-2025-02290,2025-09-19,Strategic Partner 30,Logistics & Freight,Warehousing,72430.04,Nordics,Active Contract
INV-2025-02291,2025-08-12,Vendor 131,Logistics & Freight,Road Transport,8199.22,North America,No Contract
INV-2025-02292,2025-01-31,Strategic Partner 02,IT & Software,Cloud Infrastructure,42685.22,APAC,Active Contract
INV-2025-02293,2025-07-21,Strategic Partner 23,Direct Materials,Raw Metals,8826.24,Central Europe,No Contract
INV-2025-02294,2025-12-18,Vendor 230,Direct Materials,Raw Metals,3129.91,North America,No Contract
INV-2025-02295,2025-02-27,Strategic Partner 22,Logistics & Freight,Ocean Freight,7462.26,North America,Active Contract
INV-2025-02296,2025-04-22,Strategic Partner 16,Professional Services,Management Consulting,37688.62,APAC,Active Contract
INV-2025-02297,2025-11-01,Strategic Partner 07,Professional Services,Audit,59451.13,Nordics,Active Contract
INV-2025-02298,2025-09-12,Strategic Partner 27,Direct Materials,Raw Metals,10376.16,Nordics,Active Contract
INV-2025-02299,2025-10-19,Strategic Partner 01,Facilities & MRO,Cleaning Services,35275.22,Central Europe,Active Contract
INV-2025-02300,2025-11-12,Vendor 032,Facilities & MRO,Cleaning Services,473.69,Nordics,Active Contract
INV-2025-02301,2025-02-11,Strategic Partner 06,Direct Materials,Raw Metals,26620.43,Central Europe,Active Contract
INV-2025-02302,2025-07-26,Vendor 101,Logistics & Freight,Ocean Freight,919.4,Central Europe,Active Contract
INV-2025-02303,2025-10-21,Strategic Partner 10,Direct Materials,Raw Metals,58377.55,Nordics,Active Contract
INV-2025-02304,2025-03-10,Strategic Partner 06,IT & Software,Cloud Infrastructure,76049.83,Nordics,Active Contract
INV-2025-02305,2025-02-11,Strategic Partner 28,Professional Services,Management Consulting,17453.22,Central Europe,Active Contract
INV-2025-02306,2025-10-10,Strategic Partner 15,Direct Materials,Electronic Components,24098.51,North America,Active Contract
INV-2025-02307,2025-01-29,Vendor 051,IT & Software,SaaS Subscriptions,1418.58,Central Europe,Active Contract
INV-2025-02308,2025-02-24,Strategic Partner 13,Direct Materials,Raw Metals,11812.7,Central Europe,Active Contract
INV-2025-02309,2025-08-28,Strategic Partner 20,Facilities & MRO,Maintenance,21776.83,Central Europe,Active Contract
INV-2025-02310,2025-10-03,Strategic Partner 10,Logistics & Freight,Road Transport,11582.66,APAC,Active Contract
INV-2025-02311,2025-09-26,Strategic Partner 07,Direct Materials,Polymers,16740.17,Nordics,Active Contract
INV-2025-02312,2025-12-21,Strategic Partner 15,Logistics & Freight,Road Transport,5745.66,Nordics,Active Contract
INV-2025-02313,2025-03-05,Vendor 105,Facilities & MRO,Maintenance,665.44,Nordics,Active Contract
INV-2025-02314,2025-02-06,Strategic Partner 06,Direct Materials,Electronic Components,40615.86,Central Europe,Active Contract
INV-2025-02315,2025-08-05,Strategic Partner 10,Logistics & Freight,Warehousing,28310.03,Central Europe,Active Contract
INV-2025-02316,2025-06-04,Strategic Partner 21,Direct Materials,Polymers,9135.18,Central Europe,Active Contract
INV-2025-02317,2025-01-13,Vendor 017,Facilities & MRO,Cleaning Services,4997.45,North America,Active Contract
INV-2025-02318,2025-06-29,Strategic Partner 05,Direct Materials,Polymers,6285.64,Nordics,Active Contract
INV-2025-02319,2025-10-30,Strategic Partner 05,Professional Services,Management Consulting,31226.95,Central Europe,No Contract
INV-2025-02320,2025-01-02,Strategic Partner 14,Logistics & Freight,Road Transport,40684.93,Central Europe,Active Contract
INV-2025-02321,2025-11-18,Strategic Partner 08,Direct Materials,Polymers,11542.87,Central Europe,No Contract
INV-2025-02322,2025-02-10,Vendor 132,Facilities & MRO,Maintenance,1907.44,Nordics,Active Contract
INV-2025-02323,2025-12-09,Strategic Partner 24,IT & Software,SaaS Subscriptions,75673.87,Central Europe,Active Contract
INV-2025-02324,2025-08-14,Vendor 002,Direct Materials,Polymers,2493.34,Nordics,No Contract
INV-2025-02325,2025-02-07,Strategic Partner 30,Direct Materials,Polymers,18051.34,Nordics,No Contract
INV-2025-02326,2025-05-13,Strategic Partner 05,Facilities & MRO,Cleaning Services,103335.79,Central Europe,Active Contract
INV-2025-02327,2025-01-15,Strategic Partner 27,IT & Software,Cloud Infrastructure,5547.83,Nordics,Active Contract
INV-2025-02328,2025-03-23,Strategic Partner 08,Direct Materials,Polymers,34760.63,Nordics,Active Contract
INV-2025-02329,2025-01-23,Strategic Partner 22,IT & Software,Hardware,23786.34,Central Europe,Active Contract
INV-2025-02330,2025-06-28,Strategic Partner 25,IT & Software,SaaS Subscriptions,10923.89,North America,No Contract
INV-2025-02331,2025-04-12,Strategic Partner 13,Direct Materials,Raw Metals,62551.34,Central Europe,Active Contract
INV-2025-02332,2025-03-10,Vendor 075,Logistics & Freight,Road Transport,1115.49,North America,Active Contract
INV-2025-02333,2025-11-10,Strategic Partner 01,IT & Software,Cloud Infrastructure,20461.5,APAC,Active Contract
INV-2025-02334,2025-08-14,Strategic Partner 23,Direct Materials,Polymers,56558.1,Central Europe,Active Contract
INV-2025-02335,2025-11-10,Vendor 156,Direct Materials,Electronic Components,1088.59,Central Europe,No Contract
INV-2025-02336,2025-03-03,Strategic Partner 19,IT & Software,Cloud Infrastructure,42824.8,Nordics,No Contract
INV-2025-02337,2025-04-10,Vendor 110,Direct Materials,Polymers,207.94,Nordics,No Contract
INV-2025-02338,2025-07-06,Strategic Partner 22,Logistics & Freight,Road Transport,58029.56,APAC,Active Contract
INV-2025-02339,2025-02-22,Strategic Partner 24,Direct Materials,Polymers,13578.79,Nordics,Active Contract
INV-2025-02340,2025-12-03,Strategic Partner 01,Logistics & Freight,Road Transport,38213.4,Nordics,Active Contract
INV-2025-02341,2025-06-12,Strategic Partner 07,Facilities & MRO,Cleaning Services,5569.13,APAC,Active Contract
INV-2025-02342,2025-12-24,Strategic Partner 18,Direct Materials,Raw Metals,15369.26,Nordics,Active Contract
INV-2025-02343,2025-12-19,Strategic Partner 20,Professional Services,Management Consulting,16331.58,Nordics,Active Contract
INV-2025-02344,2025-11-13,Vendor 041,Direct Materials,Polymers,7586.89,Nordics,No Contract
INV-2025-02345,2025-07-29,Strategic Partner 20,Direct Materials,Polymers,4040.7,Nordics,Active Contract
INV-2025-02346,2025-03-09,Strategic Partner 22,Direct Materials,Polymers,7736.25,Nordics,Active Contract
INV-2025-02347,2025-01-21,Strategic Partner 26,Direct Materials,Polymers,33176.85,APAC,Active Contract
INV-2025-02348,2025-01-22,Strategic Partner 13,Direct Materials,Electronic Components,20141.14,North America,Active Contract
INV-2025-02349,2025-02-07,Vendor 267,Direct Materials,Electronic Components,1911.95,Central Europe,No Contract
INV-2025-02350,2025-10-21,Strategic Partner 15,Facilities & MRO,Office Supplies,10453.33,North America,Active Contract
INV-2025-02351,2025-07-29,Strategic Partner 29,Direct Materials,Raw Metals,25718.0,Nordics,Active Contract
INV-2025-02352,2025-01-09,Strategic Partner 24,IT & Software,SaaS Subscriptions,73002.44,North America,Active Contract
INV-2025-02353,2025-04-13,Strategic Partner 20,Facilities & MRO,Office Supplies,54771.7,Nordics,Active Contract
INV-2025-02354,2025-04-30,Vendor 140,Direct Materials,Electronic Components,4436.72,North America,No Contract
INV-2025-02355,2025-05-10,Vendor 116,Logistics & Freight,Road Transport,855.26,Nordics,No Contract
INV-2025-02356,2025-11-19,Strategic Partner 30,Direct Materials,Raw Metals,51406.57,North America,Active Contract
INV-2025-02357,2025-12-23,Strategic Partner 28,Logistics & Freight,Warehousing,5159.07,North America,Active Contract
INV-2025-02358,2025-03-23,Vendor 187,Direct Materials,Polymers,6675.53,Nordics,No Contract
INV-2025-02359,2025-04-18,Strategic Partner 26,IT & Software,Hardware,87738.82,Nordics,Active Contract
INV-2025-02360,2025-04-10,Strategic Partner 26,Logistics & Freight,Warehousing,12507.14,Nordics,Active Contract
INV-2025-02361,2025-01-17,Strategic Partner 26,Facilities & MRO,Office Supplies,11990.15,Central Europe,Active Contract
INV-2025-02362,2025-03-16,Strategic Partner 20,Professional Services,Legal,67588.7,Central Europe,Active Contract
INV-2025-02363,2025-11-17,Strategic Partner 04,Direct Materials,Electronic Components,19853.74,Central Europe,Active Contract
INV-2025-02364,2025-08-15,Vendor 193,Logistics & Freight,Warehousing,639.14,Central Europe,Active Contract
INV-2025-02365,2025-03-26,Vendor 044,Direct Materials,Electronic Components,7251.14,Central Europe,No Contract
INV-2025-02366,2025-04-22,Strategic Partner 03,Facilities & MRO,Office Supplies,16162.99,Nordics,Active Contract
INV-2025-02367,2025-06-07,Strategic Partner 12,Logistics & Freight,Warehousing,17974.17,Central Europe,Active Contract
INV-2025-02368,2025-09-06,Strategic Partner 10,Direct Materials,Polymers,19884.88,Nordics,Active Contract
INV-2025-02369,2025-10-24,Strategic Partner 05,Logistics & Freight,Warehousing,35336.33,Nordics,Active Contract
INV-2025-02370,2025-04-16,Strategic Partner 02,Logistics & Freight,Road Transport,39010.78,Nordics,Active Contract
INV-2025-02371,2025-04-06,Vendor 278,Direct Materials,Electronic Components,1037.48,APAC,No Contract
INV-2025-02372,2025-10-21,Strategic Partner 02,Facilities & MRO,Cleaning Services,35218.67,North America,Active Contract
INV-2025-02373,2025-02-26,Strategic Partner 21,Logistics & Freight,Ocean Freight,14723.59,North America,Active Contract
INV-2025-02374,2025-07-25,Strategic Partner 21,Direct Materials,Raw Metals,43903.61,North America,Active Contract
INV-2025-02375,2025-03-26,Strategic Partner 19,IT & Software,Hardware,11597.73,Nordics,Active Contract
INV-2025-02376,2025-01-23,Vendor 080,Direct Materials,Polymers,2641.79,Central Europe,Active Contract
INV-2025-02377,2025-02-08,Vendor 088,Facilities & MRO,Office Supplies,810.33,Central Europe,No Contract
INV-2025-02378,2025-10-19,Strategic Partner 09,Direct Materials,Polymers,30998.35,Nordics,Active Contract
INV-2025-02379,2025-01-31,Vendor 040,IT & Software,Hardware,532.88,Central Europe,No Contract
INV-2025-02380,2025-03-22,Strategic Partner 30,Professional Services,Audit,5522.48,Central Europe,Active Contract
INV-2025-02381,2025-10-19,Strategic Partner 15,IT & Software,Cloud Infrastructure,61379.86,Nordics,Active Contract
INV-2025-02382,2025-04-02,Strategic Partner 22,Professional Services,Management Consulting,14099.93,Central Europe,No Contract
INV-2025-02383,2025-04-11,Strategic Partner 13,Direct Materials,Raw Metals,26246.16,Nordics,Active Contract
INV-2025-02384,2025-05-16,Strategic Partner 04,Logistics & Freight,Ocean Freight,38115.48,Central Europe,Active Contract
INV-2025-02385,2025-09-07,Strategic Partner 02,Professional Services,Audit,60774.75,Central Europe,Active Contract
INV-2025-02386,2025-05-31,Vendor 207,Logistics & Freight,Warehousing,4342.5,Nordics,No Contract
INV-2025-02387,2025-01-23,Strategic Partner 07,Logistics & Freight,Ocean Freight,27607.62,North America,No Contract
INV-2025-02388,2025-09-01,Strategic Partner 11,IT & Software,Cloud Infrastructure,22669.31,Nordics,Active Contract
INV-2025-02389,2025-07-11,Vendor 163,IT & Software,SaaS Subscriptions,2875.2,Nordics,No Contract
INV-2025-02390,2025-06-01,Strategic Partner 25,Logistics & Freight,Ocean Freight,7025.99,Nordics,Active Contract
INV-2025-02391,2025-11-17,Strategic Partner 10,IT & Software,Cloud Infrastructure,19408.01,North America,Active Contract
INV-2025-02392,2025-01-15,Vendor 210,Direct Materials,Polymers,922.7,APAC,No Contract
INV-2025-02393,2025-04-25,Strategic Partner 26,Direct Materials,Electronic Components,36253.35,Nordics,Active Contract
INV-2025-02394,2025-01-05,Vendor 150,Professional Services,Management Consulting,3132.92,Nordics,No Contract
INV-2025-02395,2025-06-21,Strategic Partner 20,Direct Materials,Electronic Components,22712.52,Central Europe,Active Contract
INV-2025-02396,2025-03-20,Strategic Partner 04,Logistics & Freight,Ocean Freight,9155.41,APAC,Active Contract
INV-2025-02397,2025-07-22,Vendor 173,Direct Materials,Polymers,2516.88,Nordics,No Contract
INV-2025-02398,2025-02-12,Strategic Partner 02,Logistics & Freight,Warehousing,21310.89,Nordics,Active Contract
INV-2025-02399,2025-08-21,Strategic Partner 17,Logistics & Freight,Ocean Freight,38097.13,APAC,Active Contract
INV-2025-02400,2025-03-18,Strategic Partner 27,Direct Materials,Raw Metals,29155.25,Central Europe,Active Contract
INV-2025-02401,2025-10-11,Strategic Partner 24,Logistics & Freight,Warehousing,12436.89,Nordics,Active Contract
INV-2025-02402,2025-04-17,Strategic Partner 28,Direct Materials,Raw Metals,26003.37,Nordics,Active Contract
INV-2025-02403,2025-04-03,Strategic Partner 04,Logistics & Freight,Warehousing,90035.25,North America,Active Contract
INV-2025-02404,2025-03-15,Strategic Partner 07,Direct Materials,Polymers,12285.21,Nordics,Active Contract
INV-2025-02405,2025-04-28,Strategic Partner 14,Logistics & Freight,Warehousing,88474.84,Nordics,Active Contract
INV-2025-02406,2025-06-05,Strategic Partner 27,Direct Materials,Electronic Components,47581.72,North America,Active Contract
INV-2025-02407,2025-04-03,Strategic Partner 22,Direct Materials,Raw Metals,21446.97,Central Europe,Active Contract
INV-2025-02408,2025-11-01,Strategic Partner 02,Direct Materials,Raw Metals,5061.42,North America,Active Contract
INV-2025-02409,2025-01-28,Strategic Partner 04,Direct Materials,Electronic Components,40126.01,Central Europe,Active Contract
INV-2025-02410,2025-05-12,Strategic Partner 28,Direct Materials,Electronic Components,36755.1,Central Europe,Active Contract
INV-2025-02411,2025-04-27,Strategic Partner 14,Professional Services,Legal,44048.42,Nordics,Active Contract
INV-2025-02412,2025-07-28,Strategic Partner 16,Direct Materials,Electronic Components,33623.8,Nordics,No Contract
INV-2025-02413,2025-01-14,Vendor 103,Professional Services,Audit,5455.16,Nordics,No Contract
INV-2025-02414,2025-06-07,Vendor 155,Direct Materials,Electronic Components,2187.22,Central Europe,Active Contract
INV-2025-02415,2025-05-31,Strategic Partner 19,Direct Materials,Electronic Components,5395.47,North America,Active Contract
INV-2025-02416,2025-02-27,Strategic Partner 07,Direct Materials,Raw Metals,24319.36,Nordics,Active Contract
INV-2025-02417,2025-02-18,Strategic Partner 26,Logistics & Freight,Road Transport,9537.07,Nordics,Active Contract
INV-2025-02418,2025-02-16,Strategic Partner 20,Logistics & Freight,Ocean Freight,4781.51,Central Europe,Active Contract
INV-2025-02419,2025-11-01,Strategic Partner 08,Logistics & Freight,Road Transport,11328.42,North America,Active Contract
INV-2025-02420,2025-02-19,Vendor 021,IT & Software,SaaS Subscriptions,2265.79,Central Europe,No Contract
INV-2025-02421,2025-06-01,Strategic Partner 14,Professional Services,Audit,13067.68,Central Europe,Active Contract
INV-2025-02422,2025-05-19,Vendor 240,Professional Services,Audit,1922.43,Nordics,No Contract
INV-2025-02423,2025-05-16,Strategic Partner 06,Direct Materials,Electronic Components,12456.23,Nordics,Active Contract
INV-2025-02424,2025-10-19,Strategic Partner 14,IT & Software,Hardware,17828.54,Nordics,Active Contract
INV-2025-02425,2025-01-27,Strategic Partner 12,Direct Materials,Polymers,39441.1,Nordics,Active Contract
INV-2025-02426,2025-09-04,Strategic Partner 15,Professional Services,Management Consulting,55507.8,Nordics,Active Contract
INV-2025-02427,2025-11-02,Vendor 291,Facilities & MRO,Office Supplies,5659.14,Nordics,Active Contract
INV-2025-02428,2025-07-06,Strategic Partner 10,Logistics & Freight,Warehousing,31911.86,Central Europe,Active Contract
INV-2025-02429,2025-01-24,Strategic Partner 06,Direct Materials,Electronic Components,72250.63,Central Europe,Active Contract
INV-2025-02430,2025-02-28,Vendor 139,Direct Materials,Raw Metals,4064.58,Nordics,No Contract
INV-2025-02431,2025-12-02,Strategic Partner 28,Direct Materials,Polymers,7762.73,North America,Active Contract
INV-2025-02432,2025-04-08,Strategic Partner 18,Logistics & Freight,Road Transport,5313.25,Nordics,Active Contract
INV-2025-02433,2025-12-18,Vendor 143,Direct Materials,Polymers,2079.55,Central Europe,No Contract
INV-2025-02434,2025-09-19,Strategic Partner 04,Professional Services,Management Consulting,14997.04,Nordics,Active Contract
INV-2025-02435,2025-06-18,Vendor 161,Direct Materials,Electronic Components,1943.27,APAC,No Contract
INV-2025-02436,2025-09-11,Vendor 273,Facilities & MRO,Cleaning Services,677.19,Nordics,No Contract
INV-2025-02437,2025-03-11,Vendor 197,IT & Software,SaaS Subscriptions,2126.18,North America,Active Contract
INV-2025-02438,2025-05-15,Vendor 049,Direct Materials,Raw Metals,427.94,North America,No Contract
INV-2025-02439,2025-11-24,Strategic Partner 07,IT & Software,Cloud Infrastructure,38681.64,Central Europe,Active Contract
INV-2025-02440,2025-09-03,Strategic Partner 14,Direct Materials,Electronic Components,6685.33,Nordics,Active Contract
INV-2025-02441,2025-10-24,Strategic Partner 25,Direct Materials,Polymers,18843.41,Nordics,Active Contract
INV-2025-02442,2025-03-30,Strategic Partner 17,Facilities & MRO,Office Supplies,3608.28,Nordics,Active Contract
INV-2025-02443,2025-07-21,Vendor 237,Professional Services,Audit,2170.63,Central Europe,No Contract
INV-2025-02444,2025-03-03,Strategic Partner 12,Direct Materials,Raw Metals,36608.63,North America,Active Contract
INV-2025-02445,2025-07-12,Strategic Partner 16,Logistics & Freight,Road Transport,40891.66,APAC,Active Contract
INV-2025-02446,2025-11-20,Strategic Partner 16,Direct Materials,Raw Metals,11558.58,APAC,Active Contract
INV-2025-02447,2025-03-28,Strategic Partner 02,Logistics & Freight,Road Transport,3985.77,Nordics,Active Contract
INV-2025-02448,2025-04-19,Strategic Partner 30,Logistics & Freight,Warehousing,63932.22,Nordics,Active Contract
INV-2025-02449,2025-04-08,Strategic Partner 11,Professional Services,Management Consulting,15702.21,Central Europe,Active Contract
INV-2025-02450,2025-04-16,Strategic Partner 24,Direct Materials,Polymers,9301.66,Central Europe,Active Contract
INV-2025-02451,2025-05-09,Strategic Partner 11,Direct Materials,Polymers,23727.13,Central Europe,Active Contract
INV-2025-02452,2025-03-21,Strategic Partner 15,IT & Software,SaaS Subscriptions,32873.21,Central Europe,No Contract
INV-2025-02453,2025-05-30,Vendor 102,IT & Software,Cloud Infrastructure,2418.68,Nordics,No Contract
INV-2025-02454,2025-11-22,Strategic Partner 06,Facilities & MRO,Office Supplies,79330.24,North America,Active Contract
INV-2025-02455,2025-01-19,Vendor 091,Logistics & Freight,Warehousing,4602.72,Nordics,No Contract
INV-2025-02456,2025-12-01,Strategic Partner 20,IT & Software,SaaS Subscriptions,86808.79,Nordics,Active Contract
INV-2025-02457,2025-06-02,Vendor 101,Direct Materials,Electronic Components,1544.08,Central Europe,No Contract
INV-2025-02458,2025-12-19,Strategic Partner 13,Facilities & MRO,Office Supplies,27601.86,Nordics,Active Contract
INV-2025-02459,2025-05-27,Strategic Partner 20,IT & Software,SaaS Subscriptions,3031.44,APAC,Active Contract
INV-2025-02460,2025-08-08,Strategic Partner 19,Direct Materials,Raw Metals,4796.85,APAC,Active Contract
INV-2025-02461,2025-08-29,Strategic Partner 16,Direct Materials,Electronic Components,22037.97,Nordics,Active Contract
INV-2025-02462,2025-09-15,Vendor 237,Professional Services,Management Consulting,408.43,Central Europe,No Contract
INV-2025-02463,2025-06-16,Vendor 058,Direct Materials,Raw Metals,1334.82,Central Europe,Active Contract
INV-2025-02464,2025-07-28,Strategic Partner 18,Logistics & Freight,Warehousing,52521.75,North America,Active Contract
INV-2025-02465,2025-06-03,Strategic Partner 15,Direct Materials,Electronic Components,7668.23,Nordics,Active Contract
INV-2025-02466,2025-12-23,Strategic Partner 02,Direct Materials,Electronic Components,24859.89,APAC,Active Contract
INV-2025-02467,2025-09-13,Vendor 013,Professional Services,Legal,1444.78,North America,Active Contract
INV-2025-02468,2025-02-12,Strategic Partner 25,Logistics & Freight,Ocean Freight,15782.19,Nordics,Active Contract
INV-2025-02469,2025-04-09,Strategic Partner 25,Logistics & Freight,Warehousing,7980.91,Central Europe,No Contract
INV-2025-02470,2025-08-02,Vendor 181,Direct Materials,Electronic Components,8866.9,Central Europe,Active Contract
INV-2025-02471,2025-04-06,Strategic Partner 28,Direct Materials,Electronic Components,29734.23,North America,Active Contract
INV-2025-02472,2025-11-13,Strategic Partner 27,Direct Materials,Electronic Components,19952.66,Nordics,Active Contract
INV-2025-02473,2025-09-16,Strategic Partner 14,Professional Services,Legal,8024.39,Nordics,Active Contract
INV-2025-02474,2025-09-20,Strategic Partner 25,Direct Materials,Polymers,42438.95,North America,Active Contract
INV-2025-02475,2025-05-06,Strategic Partner 08,Logistics & Freight,Ocean Freight,11858.14,Central Europe,No Contract
INV-2025-02476,2025-11-02,Strategic Partner 23,Direct Materials,Raw Metals,26005.09,Central Europe,Active Contract
INV-2025-02477,2025-07-24,Strategic Partner 12,Direct Materials,Raw Metals,11752.1,Central Europe,Active Contract
INV-2025-02478,2025-04-17,Strategic Partner 05,Direct Materials,Polymers,40531.74,Nordics,Active Contract
INV-2025-02479,2025-01-07,Strategic Partner 12,Direct Materials,Raw Metals,32975.45,North America,Active Contract
INV-2025-02480,2025-04-03,Strategic Partner 02,Direct Materials,Electronic Components,43770.85,Central Europe,Active Contract
INV-2025-02481,2025-05-14,Strategic Partner 10,IT & Software,Cloud Infrastructure,13708.98,North America,Active Contract
INV-2025-02482,2025-12-23,Strategic Partner 01,Professional Services,Audit,3442.58,APAC,Active Contract
INV-2025-02483,2025-10-29,Strategic Partner 18,IT & Software,Hardware,29905.14,Central Europe,Active Contract
INV-2025-02484,2025-10-27,Strategic Partner 14,Direct Materials,Electronic Components,22451.83,Central Europe,Active Contract
INV-2025-02485,2025-02-21,Vendor 128,Direct Materials,Raw Metals,3301.24,Central Europe,No Contract
INV-2025-02486,2025-09-18,Strategic Partner 17,Logistics & Freight,Road Transport,88034.43,Central Europe,Active Contract
INV-2025-02487,2025-12-15,Strategic Partner 26,Facilities & MRO,Cleaning Services,3178.89,North America,Active Contract
INV-2025-02488,2025-04-13,Strategic Partner 16,Professional Services,Management Consulting,13218.55,North America,Active Contract
INV-2025-02489,2025-03-27,Strategic Partner 17,Direct Materials,Raw Metals,42984.29,Central Europe,Active Contract
INV-2025-02490,2025-09-20,Strategic Partner 02,IT & Software,Hardware,41274.17,Nordics,Active Contract
INV-2025-02491,2025-12-08,Strategic Partner 06,Direct Materials,Raw Metals,96940.35,Central Europe,Active Contract
INV-2025-02492,2025-12-20,Strategic Partner 03,IT & Software,SaaS Subscriptions,16197.78,Central Europe,Active Contract
INV-2025-02493,2025-06-25,Strategic Partner 23,Direct Materials,Raw Metals,66112.41,Nordics,Active Contract
INV-2025-02494,2025-06-25,Strategic Partner 18,Direct Materials,Raw Metals,11758.54,Nordics,Active Contract
INV-2025-02495,2025-04-25,Strategic Partner 09,IT & Software,SaaS Subscriptions,4823.16,Nordics,Active Contract
INV-2025-02496,2025-10-02,Vendor 219,Facilities & MRO,Cleaning Services,1792.47,Nordics,Active Contract
INV-2025-02497,2025-04-06,Strategic Partner 17,Logistics & Freight,Ocean Freight,59701.03,APAC,Active Contract
INV-2025-02498,2025-10-24,Strategic Partner 23,Logistics & Freight,Ocean Freight,16755.32,North America,Active Contract
INV-2025-02499,2025-03-02,Vendor 072,Direct Materials,Raw Metals,7476.35,Central Europe,No Contract
INV-2025-02500,2025-04-06,Strategic Partner 25,Facilities & MRO,Cleaning Services,6750.5,Nordics,Active Contract
INV-2025-02501,2025-07-31,Strategic Partner 19,IT & Software,Hardware,8748.64,Central Europe,No Contract
INV-2025-02502,2025-11-08,Strategic Partner 03,Direct Materials,Polymers,14158.0,North America,Active Contract
INV-2025-02503,2025-07-25,Strategic Partner 15,IT & Software,Cloud Infrastructure,7024.31,North America,Active Contract
INV-2025-02504,2025-10-16,Strategic Partner 09,Facilities & MRO,Cleaning Services,15213.97,Central Europe,Active Contract
INV-2025-02505,2025-07-29,Strategic Partner 15,Direct Materials,Electronic Components,19344.59,Nordics,Active Contract
INV-2025-02506,2025-07-29,Strategic Partner 18,Logistics & Freight,Warehousing,44800.41,APAC,Active Contract
INV-2025-02507,2025-07-04,Strategic Partner 12,Logistics & Freight,Ocean Freight,50870.6,Central Europe,Active Contract
INV-2025-02508,2025-10-29,Strategic Partner 30,Professional Services,Legal,16061.28,Nordics,Active Contract
INV-2025-02509,2025-08-23,Strategic Partner 14,Logistics & Freight,Road Transport,16189.96,Nordics,Active Contract
INV-2025-02510,2025-10-17,Vendor 091,IT & Software,SaaS Subscriptions,1926.96,Nordics,No Contract
INV-2025-02511,2025-05-12,Strategic Partner 20,IT & Software,Cloud Infrastructure,6723.26,Central Europe,Active Contract
INV-2025-02512,2025-10-16,Strategic Partner 13,Facilities & MRO,Office Supplies,24838.73,Nordics,Active Contract
INV-2025-02513,2025-06-09,Strategic Partner 17,Logistics & Freight,Ocean Freight,22749.97,Central Europe,Active Contract
INV-2025-02514,2025-03-12,Vendor 298,IT & Software,Hardware,3829.91,Nordics,Active Contract
INV-2025-02515,2025-05-29,Strategic Partner 25,Direct Materials,Polymers,74462.88,APAC,Active Contract
INV-2025-02516,2025-11-20,Vendor 137,Direct Materials,Electronic Components,6699.54,Nordics,No Contract
INV-2025-02517,2025-05-12,Strategic Partner 12,Direct Materials,Raw Metals,5567.37,Nordics,Active Contract
INV-2025-02518,2025-06-01,Strategic Partner 09,Facilities & MRO,Office Supplies,35992.63,Central Europe,Active Contract
INV-2025-02519,2025-10-28,Strategic Partner 22,Professional Services,Audit,10214.13,Central Europe,Active Contract
INV-2025-02520,2025-02-13,Vendor 068,Direct Materials,Raw Metals,4706.56,Central Europe,Active Contract
INV-2025-02521,2025-04-12,Strategic Partner 18,Professional Services,Audit,10030.11,Central Europe,Active Contract
INV-2025-02522,2025-02-26,Strategic Partner 27,Logistics & Freight,Warehousing,36155.41,Central Europe,Active Contract
INV-2025-02523,2025-12-11,Vendor 102,Direct Materials,Raw Metals,7673.66,Central Europe,No Contract
INV-2025-02524,2025-10-31,Vendor 221,Professional Services,Legal,915.58,Central Europe,Active Contract
INV-2025-02525,2025-04-18,Vendor 093,Facilities & MRO,Office Supplies,2701.36,Central Europe,No Contract
INV-2025-02526,2025-08-03,Strategic Partner 12,Direct Materials,Electronic Components,8737.89,Nordics,Active Contract
INV-2025-02527,2025-10-20,Vendor 044,Logistics & Freight,Ocean Freight,5392.18,Nordics,Active Contract
INV-2025-02528,2025-01-27,Strategic Partner 25,Direct Materials,Electronic Components,48064.37,North America,Active Contract
INV-2025-02529,2025-06-10,Vendor 190,Logistics & Freight,Road Transport,1837.32,Nordics,No Contract
INV-2025-02530,2025-12-26,Strategic Partner 21,Direct Materials,Raw Metals,21831.09,APAC,Active Contract
INV-2025-02531,2025-07-24,Vendor 245,IT & Software,Cloud Infrastructure,2261.32,Central Europe,Active Contract
INV-2025-02532,2025-04-02,Strategic Partner 29,Logistics & Freight,Warehousing,19042.43,Nordics,No Contract
INV-2025-02533,2025-02-14,Vendor 192,IT & Software,Hardware,1931.34,Central Europe,No Contract
INV-2025-02534,2025-08-08,Vendor 212,Direct Materials,Raw Metals,16808.6,Nordics,No Contract
INV-2025-02535,2025-04-12,Strategic Partner 26,IT & Software,Cloud Infrastructure,14994.1,Central Europe,Active Contract
INV-2025-02536,2025-05-15,Vendor 001,Facilities & MRO,Office Supplies,697.21,APAC,Active Contract
INV-2025-02537,2025-05-15,Strategic Partner 20,IT & Software,Cloud Infrastructure,13497.57,North America,Active Contract
INV-2025-02538,2025-10-08,Strategic Partner 28,Professional Services,Management Consulting,48593.28,Nordics,Active Contract
INV-2025-02539,2025-11-15,Strategic Partner 29,Direct Materials,Raw Metals,7320.25,Nordics,Active Contract
INV-2025-02540,2025-02-22,Strategic Partner 29,Logistics & Freight,Warehousing,31442.72,North America,Active Contract
INV-2025-02541,2025-07-01,Strategic Partner 30,Direct Materials,Polymers,13948.17,North America,Active Contract
INV-2025-02542,2025-11-23,Strategic Partner 12,IT & Software,Cloud Infrastructure,51473.49,Nordics,No Contract
INV-2025-02543,2025-06-30,Strategic Partner 27,Direct Materials,Raw Metals,28592.26,Nordics,Active Contract
INV-2025-02544,2025-01-13,Vendor 103,Professional Services,Management Consulting,4383.76,Central Europe,No Contract
INV-2025-02545,2025-08-01,Strategic Partner 21,Direct Materials,Raw Metals,44242.62,Nordics,Active Contract
INV-2025-02546,2025-01-06,Strategic Partner 27,Direct Materials,Polymers,17012.34,Nordics,Active Contract
INV-2025-02547,2025-03-24,Vendor 043,Direct Materials,Polymers,963.01,North America,Active Contract
INV-2025-02548,2025-09-11,Vendor 147,Professional Services,Management Consulting,1636.6,Nordics,Active Contract
INV-2025-02549,2025-06-30,Vendor 170,Professional Services,Audit,478.82,North America,No Contract
INV-2025-02550,2025-07-13,Vendor 289,Facilities & MRO,Cleaning Services,4287.52,Nordics,No Contract
INV-2025-02551,2025-05-06,Strategic Partner 13,Direct Materials,Polymers,27677.03,Nordics,Active Contract
INV-2025-02552,2025-09-06,Strategic Partner 04,Direct Materials,Raw Metals,6045.19,Central Europe,Active Contract
INV-2025-02553,2025-04-07,Strategic Partner 16,Direct Materials,Raw Metals,8073.16,APAC,Active Contract
INV-2025-02554,2025-02-09,Strategic Partner 23,Direct Materials,Polymers,9176.5,Central Europe,Active Contract
INV-2025-02555,2025-07-24,Vendor 258,Logistics & Freight,Road Transport,169.25,Nordics,No Contract
INV-2025-02556,2025-01-11,Vendor 244,Logistics & Freight,Road Transport,4288.51,Nordics,No Contract
INV-2025-02557,2025-06-13,Strategic Partner 22,Direct Materials,Polymers,74433.08,Nordics,Active Contract
INV-2025-02558,2025-08-12,Vendor 180,Professional Services,Audit,2294.69,Nordics,No Contract
INV-2025-02559,2025-03-26,Strategic Partner 02,Logistics & Freight,Road Transport,11190.26,Central Europe,No Contract
INV-2025-02560,2025-11-22,Strategic Partner 05,Direct Materials,Polymers,41017.89,Nordics,Active Contract
INV-2025-02561,2025-08-26,Strategic Partner 26,Professional Services,Audit,12567.26,APAC,Active Contract
INV-2025-02562,2025-08-08,Strategic Partner 27,IT & Software,Hardware,21936.95,North America,Active Contract
INV-2025-02563,2025-04-24,Strategic Partner 10,Direct Materials,Polymers,15159.05,APAC,Active Contract
INV-2025-02564,2025-09-09,Strategic Partner 13,IT & Software,Hardware,16973.09,Nordics,Active Contract
INV-2025-02565,2025-10-04,Strategic Partner 13,Direct Materials,Raw Metals,3906.82,Nordics,Active Contract
INV-2025-02566,2025-05-28,Strategic Partner 11,Direct Materials,Raw Metals,4847.64,Central Europe,Active Contract
INV-2025-02567,2025-02-04,Strategic Partner 17,Logistics & Freight,Road Transport,4253.71,Nordics,Active Contract
INV-2025-02568,2025-10-30,Strategic Partner 26,Logistics & Freight,Ocean Freight,3743.9,North America,Active Contract
INV-2025-02569,2025-08-31,Vendor 222,IT & Software,Cloud Infrastructure,2735.09,North America,No Contract
INV-2025-02570,2025-04-16,Vendor 238,Logistics & Freight,Ocean Freight,2282.77,North America,No Contract
INV-2025-02571,2025-08-07,Strategic Partner 02,Direct Materials,Polymers,24101.45,North America,Active Contract
INV-2025-02572,2025-04-23,Vendor 263,Direct Materials,Raw Metals,277.26,Nordics,Active Contract
INV-2025-02573,2025-06-13,Strategic Partner 28,Logistics & Freight,Warehousing,4217.88,North America,Active Contract
INV-2025-02574,2025-04-25,Strategic Partner 23,Direct Materials,Raw Metals,31653.62,North America,Active Contract
INV-2025-02575,2025-02-04,Strategic Partner 19,Direct Materials,Polymers,8168.48,Nordics,Active Contract
INV-2025-02576,2025-08-11,Vendor 108,Direct Materials,Raw Metals,1402.03,Central Europe,Active Contract
INV-2025-02577,2025-05-01,Vendor 281,Professional Services,Audit,675.13,North America,Active Contract
INV-2025-02578,2025-12-18,Strategic Partner 28,Professional Services,Legal,10943.87,Nordics,Active Contract
INV-2025-02579,2025-03-18,Strategic Partner 30,Direct Materials,Raw Metals,20573.79,Central Europe,Active Contract
INV-2025-02580,2025-04-03,Strategic Partner 17,IT & Software,SaaS Subscriptions,59723.64,North America,Active Contract
INV-2025-02581,2025-10-08,Strategic Partner 05,Logistics & Freight,Ocean Freight,57494.57,Nordics,Active Contract
INV-2025-02582,2025-12-12,Strategic Partner 28,Logistics & Freight,Warehousing,16111.5,North America,Active Contract
INV-2025-02583,2025-12-29,Vendor 221,Professional Services,Management Consulting,713.82,Central Europe,No Contract
INV-2025-02584,2025-02-27,Vendor 079,Direct Materials,Electronic Components,4230.91,Nordics,No Contract
INV-2025-02585,2025-05-29,Vendor 093,Professional Services,Audit,3033.22,North America,No Contract
INV-2025-02586,2025-11-27,Vendor 085,Direct Materials,Polymers,4099.64,North America,No Contract
INV-2025-02587,2025-09-12,Strategic Partner 20,Logistics & Freight,Road Transport,53755.6,APAC,Active Contract
INV-2025-02588,2025-01-19,Vendor 173,Direct Materials,Raw Metals,1144.49,APAC,No Contract
INV-2025-02589,2025-04-05,Strategic Partner 08,IT & Software,SaaS Subscriptions,9853.68,Nordics,Active Contract
INV-2025-02590,2025-01-13,Strategic Partner 24,Direct Materials,Raw Metals,114455.04,APAC,Active Contract
INV-2025-02591,2025-07-20,Strategic Partner 19,Logistics & Freight,Road Transport,4988.1,Central Europe,Active Contract
INV-2025-02592,2025-11-03,Vendor 146,IT & Software,Hardware,3620.89,North America,No Contract
INV-2025-02593,2025-03-28,Strategic Partner 30,Direct Materials,Raw Metals,10122.05,North America,Active Contract
INV-2025-02594,2025-09-09,Vendor 105,Professional Services,Audit,2334.29,APAC,Active Contract
INV-2025-02595,2025-06-18,Strategic Partner 25,Direct Materials,Electronic Components,26599.17,Nordics,Active Contract
INV-2025-02596,2025-05-13,Strategic Partner 01,IT & Software,Cloud Infrastructure,7022.62,Central Europe,Active Contract
INV-2025-02597,2025-10-24,Strategic Partner 08,Professional Services,Management Consulting,47928.67,North America,Active Contract
INV-2025-02598,2025-07-20,Strategic Partner 02,Logistics & Freight,Road Transport,3444.43,North America,Active Contract
INV-2025-02599,2025-03-10,Strategic Partner 17,Direct Materials,Polymers,12487.09,Nordics,Active Contract
INV-2025-02600,2025-12-30,Vendor 197,Direct Materials,Raw Metals,2710.19,North America,No Contract
INV-2025-02601,2025-06-16,Strategic Partner 08,Facilities & MRO,Maintenance,17175.2,Nordics,Active Contract
INV-2025-02602,2025-09-05,Vendor 174,Logistics & Freight,Ocean Freight,4129.85,North America,Active Contract
INV-2025-02603,2025-01-12,Strategic Partner 16,Direct Materials,Electronic Components,7883.53,Nordics,Active Contract
INV-2025-02604,2025-02-08,Vendor 239,Direct Materials,Electronic Components,2206.11,Nordics,No Contract
INV-2025-02605,2025-03-30,Strategic Partner 04,Direct Materials,Electronic Components,18366.39,Central Europe,Active Contract
INV-2025-02606,2025-04-11,Strategic Partner 12,Direct Materials,Raw Metals,14356.6,Nordics,Active Contract
INV-2025-02607,2025-03-17,Vendor 233,Direct Materials,Polymers,199.5,Central Europe,Active Contract
INV-2025-02608,2025-11-06,Strategic Partner 28,Direct Materials,Raw Metals,5456.46,North America,Active Contract
INV-2025-02609,2025-01-21,Strategic Partner 25,Direct Materials,Electronic Components,9474.69,Central Europe,Active Contract
INV-2025-02610,2025-03-05,Strategic Partner 03,IT & Software,SaaS Subscriptions,11906.08,Nordics,Active Contract
INV-2025-02611,2025-11-17,Strategic Partner 09,Professional Services,Management Consulting,40530.69,Nordics,Active Contract
INV-2025-02612,2025-01-02,Strategic Partner 12,Direct Materials,Electronic Components,8944.23,North America,Active Contract
INV-2025-02613,2025-01-09,Strategic Partner 23,Facilities & MRO,Office Supplies,52592.04,Central Europe,Active Contract
INV-2025-02614,2025-06-03,Strategic Partner 29,Direct Materials,Raw Metals,5090.64,North America,Active Contract
INV-2025-02615,2025-08-09,Strategic Partner 20,Logistics & Freight,Road Transport,52121.21,North America,No Contract
INV-2025-02616,2025-03-07,Vendor 235,Direct Materials,Raw Metals,2121.58,Central Europe,Active Contract
INV-2025-02617,2025-02-04,Vendor 257,Direct Materials,Polymers,296.3,North America,No Contract
INV-2025-02618,2025-03-07,Vendor 045,Professional Services,Audit,502.74,Central Europe,No Contract
INV-2025-02619,2025-01-17,Strategic Partner 21,Logistics & Freight,Road Transport,5134.14,Nordics,Active Contract
INV-2025-02620,2025-07-18,Vendor 052,Direct Materials,Electronic Components,5256.86,Central Europe,Active Contract
INV-2025-02621,2025-04-19,Vendor 214,Direct Materials,Polymers,1036.1,Central Europe,No Contract
INV-2025-02622,2025-02-19,Strategic Partner 12,Professional Services,Legal,4431.89,Nordics,Active Contract
INV-2025-02623,2025-11-28,Strategic Partner 12,Direct Materials,Raw Metals,8575.59,Nordics,Active Contract
INV-2025-02624,2025-02-28,Strategic Partner 21,Professional Services,Management Consulting,22916.99,Nordics,Active Contract
INV-2025-02625,2025-10-21,Strategic Partner 23,Direct Materials,Electronic Components,15120.39,APAC,Active Contract
INV-2025-02626,2025-02-14,Vendor 105,IT & Software,Hardware,1043.7,Nordics,Active Contract
INV-2025-02627,2025-06-20,Strategic Partner 19,Facilities & MRO,Office Supplies,68277.24,Central Europe,Active Contract
INV-2025-02628,2025-03-11,Strategic Partner 25,IT & Software,Hardware,3306.07,APAC,Active Contract
INV-2025-02629,2025-06-14,Strategic Partner 13,Logistics & Freight,Road Transport,38009.38,Nordics,Active Contract
INV-2025-02630,2025-08-11,Strategic Partner 10,Direct Materials,Raw Metals,76060.32,Nordics,Active Contract
INV-2025-02631,2025-08-27,Strategic Partner 05,Facilities & MRO,Office Supplies,21193.39,Central Europe,Active Contract
INV-2025-02632,2025-07-01,Vendor 173,IT & Software,SaaS Subscriptions,1879.29,Nordics,No Contract
INV-2025-02633,2025-02-23,Strategic Partner 16,Direct Materials,Raw Metals,26113.26,Central Europe,Active Contract
INV-2025-02634,2025-05-09,Strategic Partner 28,Direct Materials,Polymers,109893.99,Central Europe,Active Contract
INV-2025-02635,2025-02-13,Strategic Partner 27,Professional Services,Audit,19813.59,Nordics,Active Contract
INV-2025-02636,2025-03-09,Vendor 033,Direct Materials,Raw Metals,4594.74,APAC,Active Contract
INV-2025-02637,2025-08-18,Strategic Partner 08,Direct Materials,Raw Metals,10097.19,Central Europe,Active Contract
INV-2025-02638,2025-05-08,Strategic Partner 17,Direct Materials,Raw Metals,73648.35,Central Europe,Active Contract
INV-2025-02639,2025-04-08,Strategic Partner 16,Direct Materials,Raw Metals,26332.6,Central Europe,Active Contract
INV-2025-02640,2025-11-11,Strategic Partner 16,Direct Materials,Electronic Components,6862.49,Nordics,Active Contract
INV-2025-02641,2025-01-23,Strategic Partner 06,Direct Materials,Raw Metals,30244.78,North America,Active Contract
INV-2025-02642,2025-06-17,Strategic Partner 11,Professional Services,Audit,32599.28,Nordics,Active Contract
INV-2025-02643,2025-01-20,Strategic Partner 27,Professional Services,Legal,90382.0,Nordics,No Contract
INV-2025-02644,2025-06-18,Vendor 141,Direct Materials,Raw Metals,1570.0,North America,No Contract
INV-2025-02645,2025-09-20,Strategic Partner 20,Logistics & Freight,Ocean Freight,15639.79,Nordics,Active Contract
INV-2025-02646,2025-12-29,Strategic Partner 02,Facilities & MRO,Cleaning Services,11916.01,North America,Active Contract
INV-2025-02647,2025-02-14,Vendor 274,IT & Software,SaaS Subscriptions,2752.98,Central Europe,No Contract
INV-2025-02648,2025-02-23,Strategic Partner 02,Logistics & Freight,Road Transport,16863.06,APAC,No Contract
INV-2025-02649,2025-03-12,Strategic Partner 17,Direct Materials,Raw Metals,102823.29,Central Europe,Active Contract
INV-2025-02650,2025-02-15,Strategic Partner 15,Direct Materials,Raw Metals,62253.04,Nordics,Active Contract
INV-2025-02651,2025-07-31,Strategic Partner 13,Direct Materials,Polymers,4840.21,Central Europe,Active Contract
INV-2025-02652,2025-08-27,Strategic Partner 11,Logistics & Freight,Warehousing,45188.65,APAC,Active Contract
INV-2025-02653,2025-10-16,Vendor 193,Logistics & Freight,Ocean Freight,1154.94,Nordics,No Contract
INV-2025-02654,2025-11-28,Vendor 222,Professional Services,Audit,2134.64,Nordics,Active Contract
INV-2025-02655,2025-11-01,Strategic Partner 22,Direct Materials,Raw Metals,4286.78,APAC,Active Contract
INV-2025-02656,2025-02-08,Strategic Partner 03,Direct Materials,Polymers,23335.89,Central Europe,Active Contract
INV-2025-02657,2025-11-14,Vendor 144,Logistics & Freight,Warehousing,460.54,Nordics,No Contract
INV-2025-02658,2025-07-31,Strategic Partner 13,Direct Materials,Electronic Components,20683.36,North America,Active Contract
INV-2025-02659,2025-07-28,Vendor 214,Professional Services,Management Consulting,1893.18,Nordics,No Contract
INV-2025-02660,2025-09-16,Strategic Partner 11,Logistics & Freight,Warehousing,6018.71,North America,Active Contract
INV-2025-02661,2025-02-05,Strategic Partner 12,IT & Software,SaaS Subscriptions,8234.98,Nordics,Active Contract
INV-2025-02662,2025-08-08,Vendor 287,Facilities & MRO,Office Supplies,301.05,Nordics,No Contract
INV-2025-02663,2025-02-13,Strategic Partner 02,IT & Software,Cloud Infrastructure,28729.1,Nordics,Active Contract
INV-2025-02664,2025-08-27,Strategic Partner 17,Logistics & Freight,Road Transport,67075.3,Nordics,Active Contract
INV-2025-02665,2025-04-08,Vendor 117,IT & Software,Cloud Infrastructure,6254.2,Central Europe,No Contract
INV-2025-02666,2025-04-16,Strategic Partner 30,Logistics & Freight,Ocean Freight,19636.82,Central Europe,Active Contract
INV-2025-02667,2025-03-17,Strategic Partner 30,IT & Software,Cloud Infrastructure,64640.88,North America,Active Contract
INV-2025-02668,2025-10-21,Strategic Partner 14,IT & Software,SaaS Subscriptions,19402.63,Nordics,Active Contract
INV-2025-02669,2025-10-23,Strategic Partner 04,Direct Materials,Polymers,3753.96,Central Europe,Active Contract
INV-2025-02670,2025-01-03,Strategic Partner 22,Direct Materials,Electronic Components,35896.46,Central Europe,Active Contract
INV-2025-02671,2025-10-18,Strategic Partner 13,IT & Software,SaaS Subscriptions,84184.71,Central Europe,Active Contract
INV-2025-02672,2025-03-08,Strategic Partner 16,Facilities & MRO,Cleaning Services,24254.76,Central Europe,Active Contract
INV-2025-02673,2025-10-13,Vendor 288,Facilities & MRO,Office Supplies,4923.59,North America,No Contract
INV-2025-02674,2025-07-28,Vendor 135,IT & Software,Hardware,635.26,APAC,No Contract
INV-2025-02675,2025-12-16,Strategic Partner 27,Professional Services,Audit,4385.3,Nordics,No Contract
INV-2025-02676,2025-11-17,Strategic Partner 13,IT & Software,Hardware,39434.35,North America,Active Contract
INV-2025-02677,2025-05-07,Vendor 186,Professional Services,Audit,1143.33,Nordics,No Contract
INV-2025-02678,2025-06-12,Vendor 287,Direct Materials,Electronic Components,4505.09,Nordics,No Contract
INV-2025-02679,2025-11-10,Strategic Partner 19,Direct Materials,Raw Metals,7022.93,North America,Active Contract
INV-2025-02680,2025-03-19,Strategic Partner 08,Direct Materials,Electronic Components,44067.79,North America,No Contract
INV-2025-02681,2025-05-10,Vendor 158,Direct Materials,Raw Metals,6224.91,Nordics,Active Contract
INV-2025-02682,2025-02-21,Strategic Partner 23,IT & Software,SaaS Subscriptions,18830.76,Central Europe,Active Contract
INV-2025-02683,2025-10-19,Strategic Partner 19,Direct Materials,Raw Metals,17904.95,APAC,Active Contract
INV-2025-02684,2025-08-22,Strategic Partner 18,Direct Materials,Raw Metals,6587.24,Nordics,Active Contract
INV-2025-02685,2025-07-26,Strategic Partner 09,Professional Services,Management Consulting,3443.98,North America,Active Contract
INV-2025-02686,2025-10-31,Vendor 181,Direct Materials,Polymers,700.63,Nordics,Active Contract
INV-2025-02687,2025-08-13,Vendor 107,Logistics & Freight,Ocean Freight,3573.91,North America,No Contract
INV-2025-02688,2025-12-10,Vendor 277,Logistics & Freight,Road Transport,412.63,North America,Active Contract
INV-2025-02689,2025-04-05,Strategic Partner 01,Direct Materials,Polymers,7112.74,Central Europe,Active Contract
INV-2025-02690,2025-10-19,Strategic Partner 30,Logistics & Freight,Warehousing,24730.7,Nordics,Active Contract
INV-2025-02691,2025-09-06,Vendor 200,Direct Materials,Raw Metals,291.38,North America,No Contract
INV-2025-02692,2025-10-09,Vendor 152,Direct Materials,Electronic Components,749.52,North America,No Contract
INV-2025-02693,2025-01-21,Strategic Partner 27,Logistics & Freight,Ocean Freight,10441.59,Central Europe,Active Contract
INV-2025-02694,2025-08-28,Vendor 142,Facilities & MRO,Maintenance,1689.75,Central Europe,No Contract
INV-2025-02695,2025-03-14,Strategic Partner 28,Professional Services,Audit,11118.71,Nordics,Active Contract
INV-2025-02696,2025-10-08,Strategic Partner 14,Direct Materials,Polymers,7110.33,APAC,Active Contract
INV-2025-02697,2025-10-23,Strategic Partner 09,Facilities & MRO,Cleaning Services,38899.83,North America,Active Contract
INV-2025-02698,2025-09-26,Strategic Partner 24,Logistics & Freight,Road Transport,6740.37,Nordics,Active Contract
INV-2025-02699,2025-05-23,Vendor 228,Logistics & Freight,Warehousing,1550.58,Nordics,No Contract
INV-2025-02700,2025-07-31,Strategic Partner 16,Direct Materials,Polymers,24407.38,Nordics,Active Contract
INV-2025-02701,2025-07-15,Strategic Partner 23,IT & Software,Cloud Infrastructure,33014.58,Nordics,Active Contract
INV-2025-02702,2025-03-01,Strategic Partner 16,Logistics & Freight,Road Transport,30686.07,APAC,Active Contract
INV-2025-02703,2025-06-20,Strategic Partner 07,Direct Materials,Electronic Components,34522.95,APAC,Active Contract
INV-2025-02704,2025-09-18,Strategic Partner 26,IT & Software,Cloud Infrastructure,20228.39,Nordics,Active Contract
INV-2025-02705,2025-05-09,Strategic Partner 07,Direct Materials,Electronic Components,30857.04,Central Europe,Active Contract
INV-2025-02706,2025-05-05,Strategic Partner 03,IT & Software,Cloud Infrastructure,9006.07,Central Europe,No Contract
INV-2025-02707,2025-02-11,Strategic Partner 22,Direct Materials,Electronic Components,32272.56,Central Europe,Active Contract
INV-2025-02708,2025-08-31,Strategic Partner 14,Logistics & Freight,Warehousing,18271.7,Nordics,No Contract
INV-2025-02709,2025-12-30,Strategic Partner 07,Logistics & Freight,Road Transport,38202.06,Nordics,Active Contract
INV-2025-02710,2025-06-27,Strategic Partner 13,Direct Materials,Raw Metals,33858.67,Central Europe,Active Contract
INV-2025-02711,2025-08-29,Vendor 051,IT & Software,SaaS Subscriptions,2992.0,North America,No Contract
INV-2025-02712,2025-12-11,Strategic Partner 19,Logistics & Freight,Road Transport,28526.47,APAC,Active Contract
INV-2025-02713,2025-04-17,Strategic Partner 15,Logistics & Freight,Warehousing,32379.81,Nordics,Active Contract
INV-2025-02714,2025-10-05,Vendor 050,Logistics & Freight,Road Transport,1201.13,Central Europe,No Contract
INV-2025-02715,2025-03-29,Strategic Partner 15,Direct Materials,Electronic Components,3556.55,North America,Active Contract
INV-2025-02716,2025-02-12,Strategic Partner 15,Professional Services,Legal,10896.52,Central Europe,Active Contract
INV-2025-02717,2025-04-06,Strategic Partner 28,Professional Services,Audit,46208.97,Central Europe,Active Contract
INV-2025-02718,2025-09-04,Strategic Partner 13,Direct Materials,Raw Metals,87129.34,Central Europe,Active Contract
INV-2025-02719,2025-09-20,Strategic Partner 05,Direct Materials,Raw Metals,50395.06,Nordics,Active Contract
INV-2025-02720,2025-01-23,Strategic Partner 11,Professional Services,Audit,23116.04,Nordics,Active Contract
INV-2025-02721,2025-06-22,Vendor 196,Direct Materials,Electronic Components,513.61,Nordics,No Contract
INV-2025-02722,2025-12-13,Strategic Partner 05,IT & Software,Cloud Infrastructure,4657.94,Nordics,No Contract
INV-2025-02723,2025-01-27,Strategic Partner 16,Direct Materials,Electronic Components,25015.25,Nordics,Active Contract
INV-2025-02724,2025-08-24,Strategic Partner 03,Direct Materials,Electronic Components,30193.95,Nordics,Active Contract
INV-2025-02725,2025-07-22,Strategic Partner 20,Logistics & Freight,Ocean Freight,23856.75,Central Europe,Active Contract
INV-2025-02726,2025-10-27,Vendor 212,Direct Materials,Polymers,1908.32,North America,No Contract
INV-2025-02727,2025-06-22,Strategic Partner 29,Facilities & MRO,Maintenance,74837.53,Nordics,No Contract
INV-2025-02728,2025-08-30,Strategic Partner 10,Direct Materials,Raw Metals,4556.08,Central Europe,Active Contract
INV-2025-02729,2025-09-28,Strategic Partner 17,Professional Services,Management Consulting,16213.41,APAC,Active Contract
INV-2025-02730,2025-12-21,Strategic Partner 16,Direct Materials,Polymers,28854.21,Central Europe,Active Contract
INV-2025-02731,2025-07-21,Strategic Partner 19,Direct Materials,Raw Metals,47132.21,North America,Active Contract
INV-2025-02732,2025-03-31,Vendor 092,Professional Services,Legal,243.55,North America,No Contract
INV-2025-02733,2025-07-14,Strategic Partner 20,Professional Services,Legal,30570.11,Nordics,Active Contract
INV-2025-02734,2025-12-05,Strategic Partner 28,Direct Materials,Polymers,13682.6,Nordics,Active Contract
INV-2025-02735,2025-02-03,Strategic Partner 27,Direct Materials,Polymers,16134.09,APAC,Active Contract
INV-2025-02736,2025-04-01,Vendor 298,Direct Materials,Polymers,2183.24,Nordics,Active Contract
INV-2025-02737,2025-08-16,Strategic Partner 18,Direct Materials,Polymers,25650.22,North America,Active Contract
INV-2025-02738,2025-03-09,Strategic Partner 03,Direct Materials,Electronic Components,14876.57,Central Europe,Active Contract
INV-2025-02739,2025-09-01,Strategic Partner 26,Direct Materials,Electronic Components,56683.42,Central Europe,Active Contract
INV-2025-02740,2025-02-19,Strategic Partner 18,Facilities & MRO,Office Supplies,19980.35,Central Europe,No Contract
INV-2025-02741,2025-09-24,Vendor 240,Logistics & Freight,Road Transport,283.8,Central Europe,No Contract
INV-2025-02742,2025-08-25,Strategic Partner 01,Direct Materials,Electronic Components,43501.91,Nordics,Active Contract
INV-2025-02743,2025-02-20,Vendor 225,Direct Materials,Electronic Components,5956.67,Central Europe,No Contract
INV-2025-02744,2025-03-19,Strategic Partner 11,Direct Materials,Polymers,17700.81,Nordics,Active Contract
INV-2025-02745,2025-09-11,Strategic Partner 14,Logistics & Freight,Warehousing,65924.93,North America,No Contract
INV-2025-02746,2025-01-22,Strategic Partner 08,IT & Software,Cloud Infrastructure,23619.2,Central Europe,Active Contract
INV-2025-02747,2025-01-14,Strategic Partner 10,Logistics & Freight,Road Transport,12863.05,Central Europe,Active Contract
INV-2025-02748,2025-10-18,Vendor 262,Direct Materials,Electronic Components,3740.82,Nordics,No Contract
INV-2025-02749,2025-03-10,Vendor 285,Logistics & Freight,Warehousing,4322.35,Central Europe,No Contract
INV-2025-02750,2025-08-15,Vendor 105,Direct Materials,Raw Metals,727.2,Nordics,Active Contract
INV-2025-02751,2025-03-15,Strategic Partner 05,Direct Materials,Polymers,8471.93,APAC,Active Contract
INV-2025-02752,2025-12-20,Vendor 292,Logistics & Freight,Ocean Freight,3390.87,North America,No Contract
INV-2025-02753,2025-12-25,Vendor 058,Professional Services,Legal,4863.46,APAC,Active Contract
INV-2025-02754,2025-11-30,Vendor 023,Facilities & MRO,Office Supplies,3323.26,Nordics,No Contract
INV-2025-02755,2025-04-04,Strategic Partner 15,Direct Materials,Polymers,3967.23,North America,Active Contract
INV-2025-02756,2025-05-11,Strategic Partner 07,Direct Materials,Electronic Components,56437.47,APAC,Active Contract
INV-2025-02757,2025-08-16,Strategic Partner 28,IT & Software,Cloud Infrastructure,9565.27,North America,Active Contract
INV-2025-02758,2025-12-02,Strategic Partner 02,Direct Materials,Raw Metals,16467.36,Central Europe,Active Contract
INV-2025-02759,2025-01-06,Vendor 244,Direct Materials,Raw Metals,5998.93,Central Europe,No Contract
INV-2025-02760,2025-01-22,Vendor 047,Direct Materials,Raw Metals,3380.06,APAC,No Contract
INV-2025-02761,2025-05-25,Strategic Partner 30,Logistics & Freight,Ocean Freight,149505.99,Nordics,Active Contract
INV-2025-02762,2025-11-23,Strategic Partner 18,Logistics & Freight,Ocean Freight,7452.11,Central Europe,No Contract
INV-2025-02763,2025-11-05,Strategic Partner 26,Direct Materials,Raw Metals,3667.66,Nordics,Active Contract
INV-2025-02764,2025-04-12,Vendor 262,Facilities & MRO,Office Supplies,1408.79,Nordics,No Contract
INV-2025-02765,2025-10-12,Vendor 045,Direct Materials,Raw Metals,314.08,Nordics,No Contract
INV-2025-02766,2025-07-20,Strategic Partner 06,Professional Services,Management Consulting,28451.9,Nordics,Active Contract
INV-2025-02767,2025-07-27,Strategic Partner 24,Logistics & Freight,Warehousing,8300.3,Nordics,Active Contract
INV-2025-02768,2025-01-15,Vendor 239,Direct Materials,Electronic Components,1420.25,Central Europe,Active Contract
INV-2025-02769,2025-12-19,Vendor 286,Direct Materials,Electronic Components,315.86,North America,Active Contract
INV-2025-02770,2025-07-02,Strategic Partner 28,Logistics & Freight,Road Transport,3376.04,Central Europe,Active Contract
INV-2025-02771,2025-10-27,Strategic Partner 27,IT & Software,Cloud Infrastructure,35016.62,Nordics,Active Contract
INV-2025-02772,2025-04-17,Strategic Partner 17,Logistics & Freight,Ocean Freight,43099.11,North America,Active Contract
INV-2025-02773,2025-12-08,Vendor 064,Direct Materials,Electronic Components,1621.82,Nordics,No Contract
INV-2025-02774,2025-11-02,Strategic Partner 10,Direct Materials,Electronic Components,24260.7,North America,Active Contract
INV-2025-02775,2025-04-20,Strategic Partner 14,IT & Software,Hardware,20327.86,Central Europe,Active Contract
INV-2025-02776,2025-01-13,Strategic Partner 17,Direct Materials,Raw Metals,21654.26,North America,Active Contract
INV-2025-02777,2025-06-11,Strategic Partner 13,Direct Materials,Raw Metals,5053.46,Nordics,Active Contract
INV-2025-02778,2025-04-17,Strategic Partner 12,Professional Services,Legal,6505.43,Nordics,Active Contract
INV-2025-02779,2025-02-22,Vendor 068,IT & Software,SaaS Subscriptions,7114.89,North America,No Contract
INV-2025-02780,2025-06-10,Strategic Partner 25,Direct Materials,Electronic Components,3688.42,Nordics,Active Contract
INV-2025-02781,2025-09-10,Strategic Partner 28,Direct Materials,Raw Metals,17085.54,Central Europe,Active Contract
INV-2025-02782,2025-07-18,Strategic Partner 09,Professional Services,Audit,30952.12,Nordics,Active Contract
INV-2025-02783,2025-03-28,Strategic Partner 26,Direct Materials,Raw Metals,40062.81,North America,Active Contract
INV-2025-02784,2025-06-28,Vendor 243,Logistics & Freight,Ocean Freight,1449.46,Nordics,No Contract
INV-2025-02785,2025-03-28,Strategic Partner 09,Facilities & MRO,Office Supplies,43359.68,Nordics,Active Contract
INV-2025-02786,2025-02-18,Strategic Partner 13,Direct Materials,Electronic Components,145106.2,Nordics,Active Contract
INV-2025-02787,2025-04-09,Strategic Partner 28,Direct Materials,Raw Metals,43712.21,APAC,Active Contract
INV-2025-02788,2025-03-23,Strategic Partner 24,Facilities & MRO,Maintenance,21867.36,Nordics,Active Contract
INV-2025-02789,2025-09-16,Strategic Partner 15,Facilities & MRO,Office Supplies,54298.44,Central Europe,No Contract
INV-2025-02790,2025-05-26,Vendor 296,Professional Services,Audit,1574.21,APAC,No Contract
INV-2025-02791,2025-10-14,Vendor 091,Direct Materials,Raw Metals,7340.44,Central Europe,Active Contract
INV-2025-02792,2025-12-21,Strategic Partner 29,Direct Materials,Electronic Components,27039.15,Central Europe,Active Contract
INV-2025-02793,2025-03-18,Vendor 032,Direct Materials,Raw Metals,11045.2,North America,Active Contract
INV-2025-02794,2025-03-04,Strategic Partner 07,Direct Materials,Electronic Components,9181.64,Nordics,Active Contract
INV-2025-02795,2025-06-29,Strategic Partner 08,Direct Materials,Polymers,4370.11,Nordics,Active Contract
INV-2025-02796,2025-04-29,Strategic Partner 30,Direct Materials,Electronic Components,51286.01,North America,Active Contract
INV-2025-02797,2025-12-24,Vendor 228,Logistics & Freight,Warehousing,1232.19,Central Europe,No Contract
INV-2025-02798,2025-06-11,Strategic Partner 15,Professional Services,Legal,35216.74,Central Europe,Active Contract
INV-2025-02799,2025-06-19,Vendor 129,Facilities & MRO,Maintenance,3025.86,Central Europe,No Contract
INV-2025-02800,2025-01-20,Strategic Partner 09,Direct Materials,Polymers,34726.99,Nordics,Active Contract
INV-2025-02801,2025-02-15,Strategic Partner 16,Logistics & Freight,Warehousing,24215.33,Nordics,Active Contract
INV-2025-02802,2025-03-19,Strategic Partner 24,IT & Software,SaaS Subscriptions,10688.69,Nordics,Active Contract
INV-2025-02803,2025-02-01,Strategic Partner 11,Facilities & MRO,Cleaning Services,4507.21,Nordics,Active Contract
INV-2025-02804,2025-10-28,Vendor 292,IT & Software,Cloud Infrastructure,422.7,Nordics,Active Contract
INV-2025-02805,2025-11-03,Strategic Partner 08,Direct Materials,Polymers,26275.78,APAC,Active Contract
INV-2025-02806,2025-01-12,Strategic Partner 06,Direct Materials,Raw Metals,44445.23,Nordics,Active Contract
INV-2025-02807,2025-12-17,Strategic Partner 16,Logistics & Freight,Warehousing,35653.31,Nordics,Active Contract
INV-2025-02808,2025-08-18,Strategic Partner 25,Direct Materials,Electronic Components,8354.3,Central Europe,Active Contract
INV-2025-02809,2025-12-20,Strategic Partner 02,Direct Materials,Polymers,32237.64,Nordics,Active Contract
INV-2025-02810,2025-02-18,Strategic Partner 11,Professional Services,Management Consulting,19461.95,North America,Active Contract
INV-2025-02811,2025-02-04,Strategic Partner 24,Facilities & MRO,Maintenance,33652.59,Central Europe,Active Contract
INV-2025-02812,2025-02-17,Strategic Partner 05,Professional Services,Legal,57047.71,Nordics,Active Contract
INV-2025-02813,2025-09-19,Vendor 147,Logistics & Freight,Ocean Freight,2804.65,Nordics,Active Contract
INV-2025-02814,2025-06-14,Strategic Partner 06,Logistics & Freight,Ocean Freight,3468.88,Nordics,Active Contract
INV-2025-02815,2025-05-09,Strategic Partner 16,Direct Materials,Raw Metals,20480.61,North America,Active Contract
INV-2025-02816,2025-04-09,Vendor 281,Professional Services,Audit,1319.46,APAC,No Contract
INV-2025-02817,2025-09-06,Strategic Partner 18,Logistics & Freight,Road Transport,18712.73,Central Europe,Active Contract
INV-2025-02818,2025-10-09,Strategic Partner 14,IT & Software,SaaS Subscriptions,47186.03,APAC,Active Contract
INV-2025-02819,2025-05-22,Strategic Partner 04,Logistics & Freight,Ocean Freight,15845.14,Central Europe,Active Contract
INV-2025-02820,2025-12-31,Vendor 117,Direct Materials,Raw Metals,3047.33,North America,No Contract
INV-2025-02821,2025-09-09,Strategic Partner 10,Logistics & Freight,Warehousing,4363.33,North America,Active Contract
INV-2025-02822,2025-05-22,Strategic Partner 09,Logistics & Freight,Warehousing,15476.23,Central Europe,Active Contract
INV-2025-02823,2025-10-18,Vendor 183,Direct Materials,Raw Metals,1421.09,Central Europe,Active Contract
INV-2025-02824,2025-06-09,Strategic Partner 23,Logistics & Freight,Warehousing,50074.07,North America,Active Contract
INV-2025-02825,2025-10-16,Strategic Partner 05,Facilities & MRO,Office Supplies,16515.17,Nordics,No Contract
INV-2025-02826,2025-11-28,Strategic Partner 26,Direct Materials,Polymers,31138.08,Central Europe,Active Contract
INV-2025-02827,2025-07-22,Strategic Partner 24,Direct Materials,Electronic Components,4444.71,Nordics,Active Contract
INV-2025-02828,2025-09-20,Vendor 184,Professional Services,Management Consulting,841.49,Nordics,No Contract
INV-2025-02829,2025-06-24,Strategic Partner 30,IT & Software,Hardware,3444.8,Central Europe,Active Contract
INV-2025-02830,2025-01-17,Strategic Partner 27,Direct Materials,Polymers,6074.35,Central Europe,Active Contract
INV-2025-02831,2025-07-05,Strategic Partner 03,Direct Materials,Polymers,11736.51,Nordics,Active Contract
INV-2025-02832,2025-02-20,Strategic Partner 01,Professional Services,Management Consulting,25728.18,Nordics,Active Contract
INV-2025-02833,2025-10-24,Strategic Partner 25,Logistics & Freight,Ocean Freight,108151.94,Central Europe,Active Contract
INV-2025-02834,2025-06-01,Strategic Partner 24,Facilities & MRO,Cleaning Services,40346.52,Central Europe,Active Contract
INV-2025-02835,2025-09-19,Strategic Partner 28,Direct Materials,Raw Metals,31518.35,Central Europe,Active Contract
INV-2025-02836,2025-02-07,Strategic Partner 04,IT & Software,Hardware,46809.21,APAC,Active Contract
INV-2025-02837,2025-05-17,Strategic Partner 19,IT & Software,Hardware,11594.1,APAC,Active Contract
INV-2025-02838,2025-05-03,Strategic Partner 01,Direct Materials,Electronic Components,9382.91,APAC,Active Contract
INV-2025-02839,2025-12-01,Vendor 157,Direct Materials,Polymers,1395.42,Central Europe,No Contract
INV-2025-02840,2025-09-10,Strategic Partner 09,Direct Materials,Electronic Components,49212.54,Nordics,Active Contract
INV-2025-02841,2025-07-03,Vendor 007,Logistics & Freight,Ocean Freight,6225.6,North America,No Contract
INV-2025-02842,2025-02-20,Strategic Partner 11,IT & Software,SaaS Subscriptions,33518.2,Nordics,Active Contract
INV-2025-02843,2025-02-16,Strategic Partner 24,Professional Services,Management Consulting,14407.78,Nordics,Active Contract
INV-2025-02844,2025-11-27,Vendor 089,IT & Software,Hardware,860.06,North America,No Contract
INV-2025-02845,2025-12-16,Vendor 099,Facilities & MRO,Office Supplies,188.33,Nordics,Active Contract
INV-2025-02846,2025-10-01,Strategic Partner 08,Direct Materials,Raw Metals,65345.74,North America,Active Contract
INV-2025-02847,2025-04-28,Strategic Partner 23,Logistics & Freight,Warehousing,15585.45,Nordics,No Contract
INV-2025-02848,2025-01-12,Strategic Partner 19,Professional Services,Management Consulting,5247.53,Central Europe,Active Contract
INV-2025-02849,2025-09-13,Strategic Partner 02,Professional Services,Management Consulting,13348.93,Central Europe,Active Contract
INV-2025-02850,2025-01-01,Strategic Partner 08,Direct Materials,Electronic Components,57160.29,North America,Active Contract
INV-2025-02851,2025-03-21,Strategic Partner 23,Professional Services,Management Consulting,36448.19,APAC,Active Contract
INV-2025-02852,2025-10-09,Strategic Partner 06,Professional Services,Management Consulting,5411.8,Central Europe,Active Contract
INV-2025-02853,2025-10-03,Strategic Partner 04,Facilities & MRO,Office Supplies,32491.66,North America,Active Contract
INV-2025-02854,2025-05-12,Vendor 265,Logistics & Freight,Ocean Freight,492.49,Central Europe,No Contract
INV-2025-02855,2025-08-13,Strategic Partner 13,Logistics & Freight,Road Transport,32388.39,North America,Active Contract
INV-2025-02856,2025-11-15,Vendor 026,IT & Software,SaaS Subscriptions,505.6,Nordics,No Contract
INV-2025-02857,2025-05-06,Strategic Partner 21,Direct Materials,Polymers,53733.09,North America,Active Contract
INV-2025-02858,2025-10-09,Strategic Partner 15,Direct Materials,Raw Metals,13371.61,North America,Active Contract
INV-2025-02859,2025-05-17,Strategic Partner 24,IT & Software,Hardware,38607.55,Central Europe,Active Contract
INV-2025-02860,2025-02-20,Vendor 219,Professional Services,Legal,1614.41,APAC,No Contract
INV-2025-02861,2025-12-08,Strategic Partner 22,IT & Software,Cloud Infrastructure,39979.51,Nordics,Active Contract
INV-2025-02862,2025-08-23,Strategic Partner 14,Logistics & Freight,Road Transport,8645.64,Nordics,Active Contract
INV-2025-02863,2025-03-04,Strategic Partner 03,Professional Services,Audit,31788.85,APAC,No Contract
INV-2025-02864,2025-07-29,Strategic Partner 22,Direct Materials,Polymers,3559.7,Nordics,Active Contract
INV-2025-02865,2025-06-18,Strategic Partner 29,Direct Materials,Electronic Components,4905.25,Central Europe,Active Contract
INV-2025-02866,2025-12-14,Strategic Partner 20,Logistics & Freight,Warehousing,37862.89,Central Europe,Active Contract
INV-2025-02867,2025-07-13,Strategic Partner 08,Direct Materials,Raw Metals,21144.95,North America,Active Contract
INV-2025-02868,2025-03-09,Strategic Partner 27,IT & Software,Hardware,29751.51,North America,Active Contract
INV-2025-02869,2025-01-31,Strategic Partner 21,Professional Services,Legal,4952.51,APAC,Active Contract
INV-2025-02870,2025-06-24,Strategic Partner 08,IT & Software,SaaS Subscriptions,16434.71,APAC,Active Contract
INV-2025-02871,2025-07-08,Strategic Partner 19,Logistics & Freight,Warehousing,32469.08,Nordics,Active Contract
INV-2025-02872,2025-12-12,Strategic Partner 14,Direct Materials,Raw Metals,9901.19,Central Europe,Active Contract
INV-2025-02873,2025-10-06,Strategic Partner 16,Direct Materials,Electronic Components,14527.43,Central Europe,Active Contract
INV-2025-02874,2025-09-17,Strategic Partner 06,Facilities & MRO,Cleaning Services,29108.86,North America,Active Contract
INV-2025-02875,2025-03-06,Vendor 163,Facilities & MRO,Maintenance,1859.82,Nordics,No Contract
INV-2025-02876,2025-08-21,Vendor 281,Logistics & Freight,Ocean Freight,10992.24,North America,No Contract
INV-2025-02877,2025-05-19,Vendor 116,Professional Services,Audit,1154.84,North America,No Contract
INV-2025-02878,2025-10-18,Strategic Partner 26,IT & Software,Hardware,23282.67,Central Europe,No Contract
INV-2025-02879,2025-05-23,Strategic Partner 23,Direct Materials,Electronic Components,78463.27,Central Europe,No Contract
INV-2025-02880,2025-01-19,Strategic Partner 25,Direct Materials,Polymers,10250.75,Nordics,Active Contract
INV-2025-02881,2025-03-28,Strategic Partner 22,Logistics & Freight,Road Transport,49629.8,North America,Active Contract
INV-2025-02882,2025-03-23,Vendor 153,Facilities & MRO,Office Supplies,1372.59,Nordics,Active Contract
INV-2025-02883,2025-07-30,Vendor 150,Logistics & Freight,Road Transport,864.4,Nordics,No Contract
INV-2025-02884,2025-08-22,Strategic Partner 15,Professional Services,Management Consulting,21639.65,APAC,Active Contract
INV-2025-02885,2025-01-02,Vendor 279,Direct Materials,Raw Metals,1554.16,Central Europe,No Contract
INV-2025-02886,2025-01-31,Strategic Partner 02,Direct Materials,Polymers,12487.36,Central Europe,Active Contract
INV-2025-02887,2025-05-10,Vendor 130,Direct Materials,Raw Metals,1074.74,APAC,No Contract
INV-2025-02888,2025-10-25,Vendor 047,Direct Materials,Raw Metals,1312.56,North America,No Contract
INV-2025-02889,2025-02-03,Vendor 059,Logistics & Freight,Ocean Freight,2038.36,Nordics,No Contract
INV-2025-02890,2025-07-18,Strategic Partner 28,Professional Services,Audit,8334.25,North America,Active Contract
INV-2025-02891,2025-07-06,Strategic Partner 12,Direct Materials,Polymers,11293.37,Nordics,Active Contract
INV-2025-02892,2025-04-24,Strategic Partner 08,Direct Materials,Polymers,27309.9,Central Europe,Active Contract
INV-2025-02893,2025-03-11,Strategic Partner 12,Professional Services,Legal,9796.06,Nordics,Active Contract
INV-2025-02894,2025-03-22,Strategic Partner 11,Professional Services,Audit,27455.48,Nordics,Active Contract
INV-2025-02895,2025-10-30,Strategic Partner 02,Direct Materials,Polymers,9948.95,Nordics,Active Contract
INV-2025-02896,2025-03-13,Strategic Partner 25,Logistics & Freight,Warehousing,9259.6,North America,Active Contract
INV-2025-02897,2025-08-16,Vendor 037,Professional Services,Legal,2470.44,Nordics,No Contract
INV-2025-02898,2025-05-26,Strategic Partner 24,Professional Services,Legal,25707.33,APAC,Active Contract
INV-2025-02899,2025-06-28,Vendor 127,Logistics & Freight,Ocean Freight,1590.7,Nordics,Active Contract
INV-2025-02900,2025-09-28,Strategic Partner 16,Direct Materials,Electronic Components,61825.5,Central Europe,Active Contract
INV-2025-02901,2025-06-26,Vendor 219,Professional Services,Legal,410.89,Nordics,Active Contract
INV-2025-02902,2025-04-26,Strategic Partner 20,Professional Services,Legal,30539.65,North America,Active Contract
INV-2025-02903,2025-12-08,Strategic Partner 21,IT & Software,Hardware,45217.13,North America,No Contract
INV-2025-02904,2025-10-27,Vendor 145,Logistics & Freight,Road Transport,1127.23,Central Europe,No Contract
INV-2025-02905,2025-08-27,Strategic Partner 22,Direct Materials,Electronic Components,11128.75,Nordics,Active Contract
INV-2025-02906,2025-09-14,Strategic Partner 26,Facilities & MRO,Office Supplies,9991.64,Central Europe,Active Contract
INV-2025-02907,2025-05-21,Strategic Partner 27,Logistics & Freight,Road Transport,39253.06,Nordics,Active Contract
INV-2025-02908,2025-10-28,Vendor 300,Logistics & Freight,Ocean Freight,8877.25,Nordics,No Contract
INV-2025-02909,2025-05-26,Vendor 191,Professional Services,Management Consulting,1365.74,Nordics,No Contract
INV-2025-02910,2025-01-01,Strategic Partner 20,Direct Materials,Electronic Components,25868.27,Central Europe,Active Contract
INV-2025-02911,2025-08-22,Strategic Partner 13,Professional Services,Audit,18033.26,North America,Active Contract
INV-2025-02912,2025-11-18,Vendor 294,IT & Software,Hardware,487.57,North America,No Contract
INV-2025-02913,2025-07-02,Strategic Partner 26,Direct Materials,Raw Metals,23342.76,Nordics,Active Contract
INV-2025-02914,2025-05-31,Vendor 162,IT & Software,SaaS Subscriptions,1265.32,Nordics,No Contract
INV-2025-02915,2025-08-28,Strategic Partner 07,Direct Materials,Raw Metals,66148.15,Nordics,Active Contract
INV-2025-02916,2025-01-03,Strategic Partner 24,Direct Materials,Polymers,17324.05,Nordics,Active Contract
INV-2025-02917,2025-03-05,Vendor 298,Direct Materials,Electronic Components,7778.01,Central Europe,Active Contract
INV-2025-02918,2025-12-26,Strategic Partner 09,Direct Materials,Polymers,16490.71,Central Europe,Active Contract
INV-2025-02919,2025-06-05,Strategic Partner 14,Direct Materials,Polymers,18587.38,Central Europe,Active Contract
INV-2025-02920,2025-09-02,Strategic Partner 10,Direct Materials,Polymers,23062.27,North America,Active Contract
INV-2025-02921,2025-12-10,Strategic Partner 25,Logistics & Freight,Road Transport,29466.83,North America,Active Contract
INV-2025-02922,2025-12-24,Strategic Partner 13,Direct Materials,Polymers,4365.35,Central Europe,Active Contract
INV-2025-02923,2025-08-25,Strategic Partner 01,Direct Materials,Polymers,9832.75,Central Europe,Active Contract
INV-2025-02924,2025-11-27,Vendor 243,IT & Software,Cloud Infrastructure,2587.57,North America,No Contract
INV-2025-02925,2025-06-28,Strategic Partner 08,Logistics & Freight,Ocean Freight,14137.18,North America,Active Contract
INV-2025-02926,2025-09-02,Vendor 190,Professional Services,Audit,201.47,Nordics,No Contract
INV-2025-02927,2025-05-30,Strategic Partner 17,Direct Materials,Polymers,26307.03,North America,Active Contract
INV-2025-02928,2025-08-23,Strategic Partner 15,Direct Materials,Raw Metals,48372.75,North America,Active Contract
INV-2025-02929,2025-05-04,Strategic Partner 16,Direct Materials,Polymers,47331.9,North America,Active Contract
INV-2025-02930,2025-08-09,Strategic Partner 29,IT & Software,Cloud Infrastructure,60568.01,APAC,Active Contract
INV-2025-02931,2025-03-25,Strategic Partner 16,Direct Materials,Raw Metals,28937.88,Nordics,Active Contract
INV-2025-02932,2025-01-26,Strategic Partner 13,Professional Services,Legal,29396.6,Nordics,No Contract
INV-2025-02933,2025-12-02,Vendor 115,IT & Software,Cloud Infrastructure,1006.93,Nordics,No Contract
INV-2025-02934,2025-05-19,Vendor 123,Facilities & MRO,Maintenance,6243.66,North America,No Contract
INV-2025-02935,2025-10-13,Strategic Partner 18,Direct Materials,Polymers,7919.28,Nordics,Active Contract
INV-2025-02936,2025-01-21,Strategic Partner 30,IT & Software,Cloud Infrastructure,28589.33,Central Europe,Active Contract
INV-2025-02937,2025-04-28,Vendor 107,Direct Materials,Electronic Components,3028.92,Central Europe,No Contract
INV-2025-02938,2025-04-07,Strategic Partner 21,Logistics & Freight,Ocean Freight,15932.98,APAC,Active Contract
INV-2025-02939,2025-12-06,Strategic Partner 26,Direct Materials,Polymers,25413.72,Nordics,Active Contract
INV-2025-02940,2025-05-27,Strategic Partner 27,Professional Services,Legal,23612.68,Central Europe,Active Contract
INV-2025-02941,2025-04-22,Strategic Partner 29,Direct Materials,Polymers,41187.42,Central Europe,Active Contract
INV-2025-02942,2025-10-05,Vendor 291,Direct Materials,Electronic Components,783.12,North America,No Contract
INV-2025-02943,2025-12-18,Strategic Partner 01,IT & Software,Hardware,36876.76,Nordics,Active Contract
INV-2025-02944,2025-11-23,Strategic Partner 29,Professional Services,Management Consulting,65345.59,Central Europe,Active Contract
INV-2025-02945,2025-01-15,Strategic Partner 16,Facilities & MRO,Cleaning Services,31051.89,North America,No Contract
INV-2025-02946,2025-08-04,Strategic Partner 05,Direct Materials,Electronic Components,20362.03,Nordics,Active Contract
INV-2025-02947,2025-12-04,Strategic Partner 04,Professional Services,Legal,17378.02,Nordics,No Contract
INV-2025-02948,2025-05-31,Strategic Partner 26,Professional Services,Audit,3737.98,Nordics,Active Contract
INV-2025-02949,2025-11-20,Vendor 027,Facilities & MRO,Office Supplies,916.95,Nordics,No Contract
INV-2025-02950,2025-01-09,Vendor 218,Direct Materials,Raw Metals,282.45,North America,No Contract
INV-2025-02951,2025-11-25,Strategic Partner 15,Direct Materials,Electronic Components,35726.45,North America,Active Contract
INV-2025-02952,2025-04-20,Vendor 162,Logistics & Freight,Ocean Freight,4316.58,North America,No Contract
INV-2025-02953,2025-11-30,Strategic Partner 25,Direct Materials,Polymers,6279.12,Nordics,Active Contract
INV-2025-02954,2025-10-23,Vendor 065,Direct Materials,Polymers,2947.21,North America,No Contract
INV-2025-02955,2025-02-27,Strategic Partner 11,Direct Materials,Electronic Components,7095.35,Central Europe,Active Contract
INV-2025-02956,2025-01-26,Strategic Partner 25,Direct Materials,Electronic Components,18912.51,Central Europe,Active Contract
INV-2025-02957,2025-09-25,Strategic Partner 04,Logistics & Freight,Warehousing,47328.4,Central Europe,Active Contract
INV-2025-02958,2025-09-17,Vendor 252,Direct Materials,Raw Metals,1337.93,APAC,No Contract
INV-2025-02959,2025-01-04,Strategic Partner 07,Logistics & Freight,Ocean Freight,16062.07,APAC,Active Contract
INV-2025-02960,2025-12-08,Vendor 227,IT & Software,Cloud Infrastructure,1543.06,Central Europe,Active Contract
INV-2025-02961,2025-09-10,Strategic Partner 08,Direct Materials,Electronic Components,19481.59,Central Europe,Active Contract
INV-2025-02962,2025-12-25,Vendor 030,Professional Services,Management Consulting,737.62,Central Europe,No Contract
INV-2025-02963,2025-01-22,Vendor 060,Professional Services,Management Consulting,2176.84,Nordics,No Contract
INV-2025-02964,2025-08-08,Strategic Partner 09,Logistics & Freight,Ocean Freight,11615.47,Nordics,Active Contract
INV-2025-02965,2025-11-02,Vendor 200,Direct Materials,Polymers,2732.34,North America,No Contract
INV-2025-02966,2025-01-23,Strategic Partner 17,Logistics & Freight,Ocean Freight,3511.41,Nordics,Active Contract
INV-2025-02967,2025-03-06,Strategic Partner 01,IT & Software,SaaS Subscriptions,11178.52,Nordics,Active Contract
INV-2025-02968,2025-01-09,Vendor 003,Direct Materials,Polymers,11753.74,Central Europe,Active Contract
INV-2025-02969,2025-12-19,Strategic Partner 26,Logistics & Freight,Ocean Freight,6070.09,Central Europe,Active Contract
INV-2025-02970,2025-05-24,Strategic Partner 29,Direct Materials,Raw Metals,11824.68,Nordics,Active Contract
INV-2025-02971,2025-03-15,Strategic Partner 13,Direct Materials,Polymers,20432.12,Nordics,Active Contract
INV-2025-02972,2025-04-09,Strategic Partner 05,Direct Materials,Polymers,12465.69,APAC,Active Contract
INV-2025-02973,2025-09-29,Strategic Partner 24,IT & Software,SaaS Subscriptions,22741.07,APAC,Active Contract
INV-2025-02974,2025-12-09,Vendor 024,Professional Services,Audit,6111.29,North America,Active Contract
INV-2025-02975,2025-11-01,Strategic Partner 04,Direct Materials,Raw Metals,14669.64,North America,Active Contract
INV-2025-02976,2025-09-21,Strategic Partner 24,Direct Materials,Raw Metals,8881.35,North America,Active Contract
INV-2025-02977,2025-03-15,Vendor 022,Direct Materials,Raw Metals,977.7,Nordics,No Contract
INV-2025-02978,2025-11-25,Strategic Partner 19,Professional Services,Legal,8851.97,Nordics,Active Contract
INV-2025-02979,2025-11-11,Vendor 098,Professional Services,Management Consulting,5398.06,Nordics,Active Contract
INV-2025-02980,2025-09-06,Vendor 268,IT & Software,SaaS Subscriptions,541.86,APAC,Active Contract
INV-2025-02981,2025-10-30,Strategic Partner 10,IT & Software,Hardware,21111.94,Central Europe,Active Contract
INV-2025-02982,2025-02-26,Vendor 044,Direct Materials,Polymers,8155.98,Nordics,No Contract
INV-2025-02983,2025-09-27,Vendor 230,Direct Materials,Raw Metals,2965.29,North America,No Contract
INV-2025-02984,2025-11-02,Vendor 037,Direct Materials,Raw Metals,1056.18,Nordics,No Contract
INV-2025-02985,2025-06-09,Strategic Partner 30,IT & Software,Cloud Infrastructure,14485.82,Nordics,Active Contract
INV-2025-02986,2025-04-06,Strategic Partner 22,Facilities & MRO,Maintenance,30843.06,North America,Active Contract
INV-2025-02987,2025-08-12,Strategic Partner 12,Direct Materials,Electronic Components,45718.63,Nordics,Active Contract
INV-2025-02988,2025-12-31,Strategic Partner 16,Logistics & Freight,Warehousing,41900.32,Nordics,Active Contract
INV-2025-02989,2025-07-25,Strategic Partner 27,IT & Software,SaaS Subscriptions,126125.11,Nordics,Active Contract
INV-2025-02990,2025-10-28,Strategic Partner 17,Direct Materials,Electronic Components,23417.27,North America,Active Contract
INV-2025-02991,2025-05-26,Strategic Partner 11,Direct Materials,Polymers,15501.86,Nordics,Active Contract
INV-2025-02992,2025-02-02,Strategic Partner 05,Direct Materials,Polymers,20675.27,Nordics,Active Contract
INV-2025-02993,2025-08-05,Strategic Partner 03,Direct Materials,Polymers,28608.34,North America,Active Contract
INV-2025-02994,2025-02-04,Strategic Partner 23,Logistics & Freight,Warehousing,25465.15,North America,Active Contract
INV-2025-02995,2025-12-16,Vendor 138,Direct Materials,Raw Metals,4110.57,Central Europe,No Contract
INV-2025-02996,2025-10-16,Strategic Partner 25,IT & Software,SaaS Subscriptions,5702.73,APAC,Active Contract
INV-2025-02997,2025-04-13,Vendor 142,Professional Services,Management Consulting,3296.59,Nordics,No Contract
INV-2025-02998,2025-02-24,Vendor 132,IT & Software,SaaS Subscriptions,2937.87,Central Europe,No Contract
INV-2025-02999,2025-03-11,Vendor 261,Direct Materials,Electronic Components,4243.65,Central Europe,No Contract
INV-2025-03000,2025-10-24,Strategic Partner 20,IT & Software,Cloud Infrastructure,30655.84,Nordics,Active Contract
INV-2025-03001,2025-10-25,Strategic Partner 13,IT & Software,Cloud Infrastructure,7091.37,Central Europe,Active Contract
INV-2025-03002,2025-05-04,Strategic Partner 10,Direct Materials,Raw Metals,41892.49,North America,Active Contract
INV-2025-03003,2025-02-27,Vendor 136,Professional Services,Audit,2473.66,Central Europe,No Contract
INV-2025-03004,2025-06-04,Strategic Partner 17,Direct Materials,Raw Metals,19420.63,North America,Active Contract
INV-2025-03005,2025-02-14,Vendor 102,IT & Software,Cloud Infrastructure,780.01,North America,No Contract
INV-2025-03006,2025-11-28,Strategic Partner 11,Professional Services,Legal,10779.84,Nordics,Active Contract
INV-2025-03007,2025-11-10,Strategic Partner 28,Facilities & MRO,Office Supplies,6000.25,Nordics,Active Contract
INV-2025-03008,2025-03-12,Vendor 193,IT & Software,Hardware,1262.44,Central Europe,No Contract
INV-2025-03009,2025-10-21,Vendor 182,IT & Software,Cloud Infrastructure,6413.03,North America,Active Contract
INV-2025-03010,2025-10-21,Vendor 300,Logistics & Freight,Warehousing,9311.03,Central Europe,No Contract
INV-2025-03011,2025-06-22,Strategic Partner 20,Direct Materials,Raw Metals,33461.43,Central Europe,Active Contract
INV-2025-03012,2025-08-02,Vendor 069,Logistics & Freight,Road Transport,879.33,Nordics,Active Contract
INV-2025-03013,2025-02-09,Strategic Partner 13,Direct Materials,Polymers,9756.47,Nordics,No Contract
INV-2025-03014,2025-07-17,Strategic Partner 25,Professional Services,Legal,4881.98,APAC,Active Contract
INV-2025-03015,2025-09-30,Strategic Partner 18,Professional Services,Audit,3797.23,Central Europe,Active Contract
INV-2025-03016,2025-09-24,Strategic Partner 23,Professional Services,Audit,28394.0,North America,Active Contract
INV-2025-03017,2025-05-28,Strategic Partner 10,Logistics & Freight,Ocean Freight,18009.18,Central Europe,No Contract
INV-2025-03018,2025-10-11,Vendor 073,Logistics & Freight,Ocean Freight,183.57,Central Europe,Active Contract
INV-2025-03019,2025-05-23,Strategic Partner 21,Direct Materials,Raw Metals,27565.65,Nordics,Active Contract
INV-2025-03020,2025-07-01,Strategic Partner 28,Direct Materials,Electronic Components,13333.32,Nordics,Active Contract
INV-2025-03021,2025-09-08,Vendor 099,Direct Materials,Electronic Components,2758.68,Nordics,No Contract
INV-2025-03022,2025-11-23,Vendor 267,Direct Materials,Electronic Components,3972.69,Central Europe,Active Contract
INV-2025-03023,2025-01-18,Strategic Partner 29,Direct Materials,Raw Metals,40169.3,Nordics,Active Contract
INV-2025-03024,2025-07-06,Vendor 212,Logistics & Freight,Road Transport,783.27,North America,No Contract
INV-2025-03025,2025-08-16,Vendor 257,IT & Software,SaaS Subscriptions,352.89,North America,Active Contract
INV-2025-03026,2025-09-28,Strategic Partner 18,Logistics & Freight,Road Transport,52912.16,Nordics,Active Contract
INV-2025-03027,2025-05-25,Strategic Partner 29,Facilities & MRO,Cleaning Services,35326.04,Nordics,No Contract
INV-2025-03028,2025-02-21,Vendor 180,Professional Services,Legal,314.93,North America,No Contract
INV-2025-03029,2025-02-20,Strategic Partner 03,Direct Materials,Electronic Components,52515.1,Nordics,No Contract
INV-2025-03030,2025-11-24,Strategic Partner 28,Direct Materials,Raw Metals,7423.85,Central Europe,No Contract
INV-2025-03031,2025-03-14,Strategic Partner 13,IT & Software,Hardware,52718.82,Nordics,Active Contract
INV-2025-03032,2025-06-11,Strategic Partner 23,Logistics & Freight,Warehousing,54826.5,Nordics,Active Contract
INV-2025-03033,2025-07-19,Strategic Partner 18,Direct Materials,Polymers,14366.88,Nordics,Active Contract
INV-2025-03034,2025-08-27,Strategic Partner 15,Facilities & MRO,Office Supplies,50612.59,Central Europe,Active Contract
INV-2025-03035,2025-11-28,Strategic Partner 05,Direct Materials,Raw Metals,12354.2,Central Europe,Active Contract
INV-2025-03036,2025-10-31,Vendor 114,Direct Materials,Electronic Components,2058.69,North America,No Contract
INV-2025-03037,2025-01-02,Vendor 297,Direct Materials,Electronic Components,1877.49,North America,No Contract
INV-2025-03038,2025-03-28,Strategic Partner 10,Direct Materials,Polymers,13311.88,Nordics,Active Contract
INV-2025-03039,2025-05-19,Strategic Partner 03,Direct Materials,Raw Metals,37808.55,Nordics,Active Contract
INV-2025-03040,2025-09-09,Strategic Partner 03,Direct Materials,Raw Metals,33012.24,Central Europe,Active Contract
INV-2025-03041,2025-01-12,Strategic Partner 27,IT & Software,Hardware,22878.75,APAC,Active Contract
INV-2025-03042,2025-08-31,Strategic Partner 22,Logistics & Freight,Road Transport,8815.02,Nordics,Active Contract
INV-2025-03043,2025-11-27,Strategic Partner 29,IT & Software,Hardware,40459.2,North America,Active Contract
INV-2025-03044,2025-08-06,Strategic Partner 03,IT & Software,Hardware,13008.24,Nordics,Active Contract
INV-2025-03045,2025-05-04,Strategic Partner 25,Logistics & Freight,Warehousing,11236.8,Nordics,Active Contract
INV-2025-03046,2025-05-29,Vendor 288,Logistics & Freight,Ocean Freight,4169.58,Nordics,Active Contract
INV-2025-03047,2025-03-09,Strategic Partner 14,Direct Materials,Polymers,116589.28,Central Europe,Active Contract
INV-2025-03048,2025-12-21,Strategic Partner 09,IT & Software,SaaS Subscriptions,83732.11,Nordics,Active Contract
INV-2025-03049,2025-04-09,Strategic Partner 29,Direct Materials,Raw Metals,89742.1,Central Europe,Active Contract
INV-2025-03050,2025-06-08,Strategic Partner 12,Direct Materials,Electronic Components,10133.54,APAC,Active Contract
INV-2025-03051,2025-04-03,Strategic Partner 18,Logistics & Freight,Road Transport,22018.4,Central Europe,Active Contract
INV-2025-03052,2025-12-26,Strategic Partner 21,IT & Software,SaaS Subscriptions,32132.67,Central Europe,Active Contract
INV-2025-03053,2025-01-14,Strategic Partner 12,Facilities & MRO,Cleaning Services,37477.11,Central Europe,Active Contract
INV-2025-03054,2025-08-20,Strategic Partner 26,Direct Materials,Electronic Components,91897.86,North America,Active Contract
INV-2025-03055,2025-10-07,Strategic Partner 20,Direct Materials,Polymers,22848.86,Central Europe,Active Contract
INV-2025-03056,2025-01-06,Strategic Partner 03,Direct Materials,Polymers,52622.07,Nordics,Active Contract
INV-2025-03057,2025-03-24,Strategic Partner 24,Logistics & Freight,Road Transport,67192.84,Central Europe,Active Contract
INV-2025-03058,2025-10-22,Strategic Partner 21,Direct Materials,Polymers,11270.45,Nordics,Active Contract
INV-2025-03059,2025-11-18,Vendor 238,Direct Materials,Raw Metals,4701.82,Nordics,No Contract
INV-2025-03060,2025-08-21,Strategic Partner 23,Professional Services,Audit,21937.01,Central Europe,Active Contract
INV-2025-03061,2025-03-13,Strategic Partner 21,Direct Materials,Electronic Components,83949.1,Central Europe,Active Contract
INV-2025-03062,2025-12-31,Strategic Partner 14,Direct Materials,Electronic Components,3463.01,Nordics,Active Contract
INV-2025-03063,2025-05-09,Strategic Partner 22,Direct Materials,Electronic Components,9306.16,APAC,Active Contract
INV-2025-03064,2025-07-05,Strategic Partner 13,Direct Materials,Polymers,16204.11,APAC,Active Contract
INV-2025-03065,2025-01-31,Strategic Partner 19,Logistics & Freight,Warehousing,25013.94,Central Europe,Active Contract
INV-2025-03066,2025-02-12,Vendor 158,Professional Services,Management Consulting,8362.06,APAC,No Contract
INV-2025-03067,2025-03-16,Strategic Partner 30,Professional Services,Legal,35618.92,Central Europe,Active Contract
INV-2025-03068,2025-08-07,Strategic Partner 27,Direct Materials,Electronic Components,20697.6,Central Europe,Active Contract
INV-2025-03069,2025-12-11,Vendor 273,IT & Software,Hardware,859.44,Nordics,No Contract
INV-2025-03070,2025-07-20,Vendor 196,Direct Materials,Electronic Components,320.65,Nordics,Active Contract
INV-2025-03071,2025-11-03,Strategic Partner 27,Facilities & MRO,Maintenance,4153.51,Central Europe,Active Contract
INV-2025-03072,2025-03-29,Strategic Partner 15,Direct Materials,Raw Metals,72141.18,Nordics,Active Contract
INV-2025-03073,2025-02-05,Vendor 246,Direct Materials,Raw Metals,1123.39,APAC,No Contract
INV-2025-03074,2025-08-10,Strategic Partner 05,IT & Software,Hardware,12373.25,North America,Active Contract
INV-2025-03075,2025-07-03,Vendor 122,Professional Services,Legal,534.42,Nordics,No Contract
INV-2025-03076,2025-05-03,Strategic Partner 20,Direct Materials,Electronic Components,56678.77,Nordics,Active Contract
INV-2025-03077,2025-04-29,Strategic Partner 21,Direct Materials,Electronic Components,97322.03,APAC,Active Contract
INV-2025-03078,2025-06-14,Strategic Partner 10,IT & Software,SaaS Subscriptions,28760.72,Central Europe,Active Contract
INV-2025-03079,2025-12-03,Strategic Partner 21,IT & Software,Cloud Infrastructure,5930.37,North America,Active Contract
INV-2025-03080,2025-01-21,Strategic Partner 01,Direct Materials,Raw Metals,9346.08,Nordics,Active Contract
INV-2025-03081,2025-08-12,Vendor 058,Professional Services,Audit,917.84,APAC,No Contract
INV-2025-03082,2025-01-25,Vendor 228,Direct Materials,Raw Metals,398.21,North America,No Contract
INV-2025-03083,2025-04-21,Strategic Partner 24,Direct Materials,Polymers,27021.51,Nordics,Active Contract
INV-2025-03084,2025-10-06,Strategic Partner 18,Direct Materials,Electronic Components,29388.47,Nordics,Active Contract
INV-2025-03085,2025-08-15,Strategic Partner 29,Facilities & MRO,Office Supplies,5374.93,Central Europe,Active Contract
INV-2025-03086,2025-06-10,Strategic Partner 12,Direct Materials,Polymers,54179.66,Nordics,Active Contract
INV-2025-03087,2025-10-01,Strategic Partner 09,Logistics & Freight,Ocean Freight,59421.07,Nordics,Active Contract
INV-2025-03088,2025-06-27,Vendor 120,IT & Software,SaaS Subscriptions,3849.53,Nordics,No Contract
INV-2025-03089,2025-05-10,Strategic Partner 26,IT & Software,Hardware,67559.83,North America,Active Contract
INV-2025-03090,2025-05-10,Vendor 103,Professional Services,Legal,3248.88,Nordics,Active Contract
INV-2025-03091,2025-06-05,Strategic Partner 07,Direct Materials,Electronic Components,8391.84,APAC,Active Contract
INV-2025-03092,2025-02-27,Vendor 035,IT & Software,Cloud Infrastructure,2621.29,Nordics,Active Contract
INV-2025-03093,2025-03-15,Strategic Partner 14,Logistics & Freight,Road Transport,88315.35,North America,Active Contract
INV-2025-03094,2025-06-02,Vendor 026,Direct Materials,Polymers,583.04,Nordics,No Contract
INV-2025-03095,2025-02-25,Strategic Partner 14,Direct Materials,Polymers,34919.42,Nordics,No Contract
INV-2025-03096,2025-01-02,Vendor 222,Logistics & Freight,Road Transport,174.93,Nordics,No Contract
INV-2025-03097,2025-01-01,Strategic Partner 21,IT & Software,Hardware,11231.99,Nordics,Active Contract
INV-2025-03098,2025-08-30,Strategic Partner 03,Professional Services,Management Consulting,9131.66,Nordics,Active Contract
INV-2025-03099,2025-03-04,Strategic Partner 13,Logistics & Freight,Road Transport,22185.58,North America,Active Contract
INV-2025-03100,2025-09-26,Strategic Partner 01,IT & Software,SaaS Subscriptions,13468.06,Central Europe,Active Contract
INV-2025-03101,2025-02-08,Strategic Partner 17,Logistics & Freight,Road Transport,46385.32,Central Europe,No Contract
INV-2025-03102,2025-09-29,Vendor 152,Direct Materials,Electronic Components,1213.53,Nordics,No Contract
INV-2025-03103,2025-02-23,Strategic Partner 04,Direct Materials,Electronic Components,37884.18,Nordics,Active Contract
INV-2025-03104,2025-05-05,Vendor 047,Direct Materials,Raw Metals,949.6,Central Europe,Active Contract
INV-2025-03105,2025-05-05,Vendor 297,Direct Materials,Electronic Components,3340.87,Nordics,Active Contract
INV-2025-03106,2025-12-07,Vendor 105,Direct Materials,Raw Metals,6159.83,Central Europe,No Contract
INV-2025-03107,2025-06-18,Vendor 033,Direct Materials,Polymers,2131.47,North America,No Contract
INV-2025-03108,2025-07-15,Strategic Partner 09,IT & Software,Hardware,3662.61,Central Europe,Active Contract
INV-2025-03109,2025-09-02,Strategic Partner 09,Direct Materials,Raw Metals,17539.04,North America,Active Contract
INV-2025-03110,2025-05-11,Strategic Partner 19,Direct Materials,Raw Metals,27687.21,Nordics,Active Contract
INV-2025-03111,2025-11-15,Strategic Partner 21,Direct Materials,Raw Metals,80687.06,APAC,Active Contract
INV-2025-03112,2025-05-18,Strategic Partner 08,IT & Software,Cloud Infrastructure,32405.57,Nordics,Active Contract
INV-2025-03113,2025-12-30,Strategic Partner 01,Direct Materials,Polymers,17897.4,Central Europe,Active Contract
INV-2025-03114,2025-05-29,Strategic Partner 28,Direct Materials,Raw Metals,22381.15,APAC,Active Contract
INV-2025-03115,2025-12-10,Vendor 281,Professional Services,Management Consulting,2029.6,APAC,No Contract
INV-2025-03116,2025-10-06,Strategic Partner 04,IT & Software,SaaS Subscriptions,48197.68,North America,Active Contract
INV-2025-03117,2025-10-02,Vendor 219,Direct Materials,Raw Metals,4584.25,Nordics,Active Contract
INV-2025-03118,2025-06-11,Strategic Partner 04,Direct Materials,Raw Metals,44978.06,Nordics,Active Contract
INV-2025-03119,2025-07-23,Strategic Partner 20,IT & Software,Hardware,20976.26,Nordics,Active Contract
INV-2025-03120,2025-03-07,Vendor 029,Logistics & Freight,Ocean Freight,1079.11,Nordics,No Contract
INV-2025-03121,2025-04-06,Strategic Partner 20,Direct Materials,Electronic Components,12706.74,APAC,Active Contract
INV-2025-03122,2025-05-11,Vendor 114,Direct Materials,Polymers,1384.69,APAC,No Contract
INV-2025-03123,2025-12-27,Strategic Partner 13,Direct Materials,Raw Metals,41073.95,North America,Active Contract
INV-2025-03124,2025-12-31,Strategic Partner 05,Direct Materials,Polymers,26728.41,APAC,Active Contract
INV-2025-03125,2025-10-31,Strategic Partner 02,Professional Services,Management Consulting,3553.61,Nordics,Active Contract
INV-2025-03126,2025-10-07,Strategic Partner 24,Logistics & Freight,Ocean Freight,20794.43,APAC,No Contract
INV-2025-03127,2025-06-29,Strategic Partner 05,Direct Materials,Raw Metals,46306.09,Nordics,Active Contract
INV-2025-03128,2025-09-16,Vendor 110,Logistics & Freight,Ocean Freight,552.78,Central Europe,No Contract
INV-2025-03129,2025-08-18,Strategic Partner 27,IT & Software,Hardware,12353.93,APAC,Active Contract
INV-2025-03130,2025-07-20,Strategic Partner 21,IT & Software,Hardware,106010.23,Nordics,Active Contract
INV-2025-03131,2025-10-03,Strategic Partner 23,IT & Software,Cloud Infrastructure,49243.45,Nordics,Active Contract
INV-2025-03132,2025-12-22,Strategic Partner 11,Direct Materials,Polymers,12636.16,Nordics,Active Contract
INV-2025-03133,2025-09-06,Strategic Partner 13,Direct Materials,Raw Metals,15373.81,APAC,Active Contract
INV-2025-03134,2025-01-17,Vendor 037,Direct Materials,Polymers,7961.45,APAC,No Contract
INV-2025-03135,2025-03-05,Vendor 206,Direct Materials,Raw Metals,9388.59,North America,Active Contract
INV-2025-03136,2025-11-12,Vendor 143,IT & Software,Hardware,739.08,Nordics,No Contract
INV-2025-03137,2025-07-20,Strategic Partner 22,Direct Materials,Raw Metals,39913.16,Central Europe,Active Contract
INV-2025-03138,2025-06-06,Strategic Partner 22,Direct Materials,Raw Metals,14911.82,APAC,No Contract
INV-2025-03139,2025-10-16,Strategic Partner 16,Professional Services,Management Consulting,64208.36,Central Europe,Active Contract
INV-2025-03140,2025-09-27,Strategic Partner 20,IT & Software,Cloud Infrastructure,27885.14,Central Europe,Active Contract
INV-2025-03141,2025-08-02,Strategic Partner 01,Logistics & Freight,Road Transport,6112.35,APAC,Active Contract
INV-2025-03142,2025-04-16,Strategic Partner 11,Logistics & Freight,Ocean Freight,6632.45,Central Europe,No Contract
INV-2025-03143,2025-06-16,Strategic Partner 28,Logistics & Freight,Ocean Freight,19938.6,Central Europe,Active Contract
INV-2025-03144,2025-04-03,Vendor 167,Direct Materials,Raw Metals,820.96,APAC,No Contract
INV-2025-03145,2025-03-27,Vendor 211,Direct Materials,Polymers,166.34,North America,No Contract
INV-2025-03146,2025-07-04,Strategic Partner 19,IT & Software,SaaS Subscriptions,23889.77,APAC,Active Contract
INV-2025-03147,2025-12-22,Strategic Partner 15,Facilities & MRO,Maintenance,23835.69,Nordics,Active Contract
INV-2025-03148,2025-07-27,Strategic Partner 15,Professional Services,Legal,38850.59,APAC,Active Contract
INV-2025-03149,2025-10-21,Strategic Partner 03,Professional Services,Audit,42884.4,Central Europe,Active Contract
INV-2025-03150,2025-04-15,Strategic Partner 17,Professional Services,Management Consulting,34159.03,North America,No Contract
INV-2025-03151,2025-09-28,Vendor 066,Direct Materials,Polymers,3837.67,Central Europe,Active Contract
INV-2025-03152,2025-08-24,Strategic Partner 04,Direct Materials,Polymers,18798.01,Central Europe,Active Contract
INV-2025-03153,2025-01-22,Strategic Partner 05,Direct Materials,Raw Metals,18401.51,Central Europe,Active Contract
INV-2025-03154,2025-03-20,Strategic Partner 23,Direct Materials,Raw Metals,5098.58,North America,Active Contract
INV-2025-03155,2025-05-27,Vendor 125,Direct Materials,Polymers,1488.21,Central Europe,No Contract
INV-2025-03156,2025-03-19,Vendor 292,Professional Services,Management Consulting,425.55,Nordics,No Contract
INV-2025-03157,2025-03-02,Strategic Partner 30,Logistics & Freight,Warehousing,16477.34,North America,Active Contract
INV-2025-03158,2025-02-17,Strategic Partner 10,Direct Materials,Raw Metals,26592.97,Nordics,Active Contract
INV-2025-03159,2025-11-10,Strategic Partner 15,Direct Materials,Polymers,12486.44,North America,Active Contract
INV-2025-03160,2025-10-13,Vendor 101,Direct Materials,Raw Metals,1610.23,Central Europe,No Contract
INV-2025-03161,2025-07-27,Vendor 300,Direct Materials,Electronic Components,2349.69,APAC,No Contract
INV-2025-03162,2025-11-24,Strategic Partner 14,Direct Materials,Raw Metals,9617.65,Nordics,Active Contract
INV-2025-03163,2025-12-22,Strategic Partner 09,Direct Materials,Raw Metals,13799.31,North America,Active Contract
INV-2025-03164,2025-02-19,Strategic Partner 10,Direct Materials,Polymers,20775.23,Central Europe,Active Contract
INV-2025-03165,2025-09-13,Strategic Partner 25,Direct Materials,Electronic Components,23315.59,Nordics,Active Contract
INV-2025-03166,2025-12-04,Vendor 225,Logistics & Freight,Road Transport,930.67,North America,No Contract
INV-2025-03167,2025-10-13,Strategic Partner 23,IT & Software,Hardware,6370.02,Nordics,Active Contract
INV-2025-03168,2025-04-27,Strategic Partner 10,Logistics & Freight,Road Transport,7208.39,Nordics,Active Contract
INV-2025-03169,2025-01-21,Strategic Partner 01,Logistics & Freight,Ocean Freight,33545.7,Central Europe,Active Contract
INV-2025-03170,2025-07-13,Strategic Partner 20,Direct Materials,Raw Metals,19280.72,APAC,No Contract
INV-2025-03171,2025-12-11,Strategic Partner 16,Professional Services,Management Consulting,4688.41,North America,No Contract
INV-2025-03172,2025-06-09,Strategic Partner 15,IT & Software,Cloud Infrastructure,9532.74,Nordics,Active Contract
INV-2025-03173,2025-05-01,Vendor 227,Direct Materials,Raw Metals,486.59,Central Europe,Active Contract
INV-2025-03174,2025-08-18,Strategic Partner 07,IT & Software,Cloud Infrastructure,19141.52,Nordics,No Contract
INV-2025-03175,2025-07-10,Vendor 262,Logistics & Freight,Road Transport,6671.52,Nordics,No Contract
INV-2025-03176,2025-03-21,Strategic Partner 17,Direct Materials,Electronic Components,14444.35,APAC,Active Contract
INV-2025-03177,2025-01-25,Vendor 276,Direct Materials,Electronic Components,462.22,Nordics,No Contract
INV-2025-03178,2025-02-16,Vendor 021,IT & Software,Hardware,5671.43,Nordics,No Contract
INV-2025-03179,2025-01-01,Vendor 058,Direct Materials,Polymers,3995.91,Central Europe,No Contract
INV-2025-03180,2025-02-21,Strategic Partner 03,Logistics & Freight,Ocean Freight,12577.55,North America,Active Contract
INV-2025-03181,2025-03-30,Vendor 061,Logistics & Freight,Road Transport,1626.3,Nordics,No Contract
INV-2025-03182,2025-11-21,Strategic Partner 30,Professional Services,Audit,22970.45,APAC,Active Contract
INV-2025-03183,2025-02-26,Strategic Partner 13,IT & Software,Cloud Infrastructure,56750.91,Central Europe,No Contract
INV-2025-03184,2025-10-28,Strategic Partner 09,Direct Materials,Raw Metals,149381.64,Central Europe,Active Contract
INV-2025-03185,2025-09-10,Strategic Partner 22,Logistics & Freight,Warehousing,48842.1,Central Europe,Active Contract
INV-2025-03186,2025-12-06,Strategic Partner 04,IT & Software,SaaS Subscriptions,64602.63,North America,Active Contract
INV-2025-03187,2025-09-24,Vendor 018,Direct Materials,Electronic Components,8809.61,Nordics,Active Contract
INV-2025-03188,2025-04-25,Strategic Partner 11,Direct Materials,Electronic Components,43653.51,North America,Active Contract
INV-2025-03189,2025-11-17,Vendor 189,Facilities & MRO,Maintenance,10665.23,Central Europe,No Contract
INV-2025-03190,2025-03-04,Strategic Partner 11,Direct Materials,Raw Metals,4827.55,Central Europe,Active Contract
INV-2025-03191,2025-08-13,Strategic Partner 05,Direct Materials,Polymers,20440.83,Central Europe,Active Contract
INV-2025-03192,2025-07-24,Strategic Partner 13,Professional Services,Management Consulting,20399.11,North America,Active Contract
INV-2025-03193,2025-08-24,Strategic Partner 29,Direct Materials,Polymers,18400.44,Nordics,Active Contract
INV-2025-03194,2025-04-01,Strategic Partner 26,Direct Materials,Electronic Components,7315.63,Nordics,Active Contract
INV-2025-03195,2025-03-26,Vendor 177,Direct Materials,Raw Metals,327.65,Nordics,No Contract
INV-2025-03196,2025-03-23,Strategic Partner 18,Logistics & Freight,Ocean Freight,8114.88,Nordics,No Contract
INV-2025-03197,2025-12-09,Strategic Partner 29,IT & Software,Hardware,4024.07,Central Europe,Active Contract
INV-2025-03198,2025-06-25,Vendor 152,Direct Materials,Polymers,3538.57,North America,No Contract
INV-2025-03199,2025-07-30,Vendor 057,Professional Services,Legal,4562.52,Nordics,No Contract
INV-2025-03200,2025-11-21,Strategic Partner 28,Direct Materials,Polymers,3144.25,Nordics,Active Contract
INV-2025-03201,2025-10-30,Strategic Partner 21,Direct Materials,Electronic Components,6963.59,Central Europe,Active Contract
INV-2025-03202,2025-11-29,Vendor 059,Logistics & Freight,Ocean Freight,1045.85,Nordics,Active Contract
INV-2025-03203,2025-11-30,Strategic Partner 25,Direct Materials,Raw Metals,37733.35,Central Europe,Active Contract
INV-2025-03204,2025-04-24,Strategic Partner 29,Professional Services,Audit,11299.51,Central Europe,Active Contract
INV-2025-03205,2025-04-25,Strategic Partner 08,Logistics & Freight,Warehousing,3529.37,Nordics,Active Contract
INV-2025-03206,2025-01-09,Strategic Partner 10,IT & Software,SaaS Subscriptions,21157.35,APAC,Active Contract
INV-2025-03207,2025-09-22,Vendor 148,Direct Materials,Electronic Components,2237.27,APAC,No Contract
INV-2025-03208,2025-02-02,Vendor 006,Logistics & Freight,Warehousing,3128.64,Nordics,Active Contract
INV-2025-03209,2025-06-12,Strategic Partner 03,IT & Software,SaaS Subscriptions,15186.69,Central Europe,Active Contract
INV-2025-03210,2025-09-23,Vendor 204,Direct Materials,Electronic Components,963.0,Central Europe,Active Contract
INV-2025-03211,2025-04-25,Vendor 277,Direct Materials,Polymers,1184.66,Nordics,No Contract
INV-2025-03212,2025-12-01,Vendor 233,Logistics & Freight,Road Transport,4874.52,North America,No Contract
INV-2025-03213,2025-11-20,Strategic Partner 29,Direct Materials,Polymers,15525.75,North America,Active Contract
INV-2025-03214,2025-02-07,Strategic Partner 28,IT & Software,SaaS Subscriptions,42777.91,APAC,Active Contract
INV-2025-03215,2025-07-14,Vendor 204,Professional Services,Audit,3249.25,Nordics,No Contract
INV-2025-03216,2025-06-06,Strategic Partner 23,Direct Materials,Polymers,41189.77,Nordics,Active Contract
INV-2025-03217,2025-01-16,Strategic Partner 09,Direct Materials,Electronic Components,12089.36,APAC,Active Contract
INV-2025-03218,2025-08-06,Strategic Partner 11,Direct Materials,Raw Metals,13679.46,Nordics,Active Contract
INV-2025-03219,2025-06-04,Vendor 050,Direct Materials,Electronic Components,1436.56,Nordics,No Contract
INV-2025-03220,2025-10-02,Strategic Partner 30,Direct Materials,Raw Metals,7905.5,Nordics,Active Contract
INV-2025-03221,2025-01-30,Vendor 253,Logistics & Freight,Ocean Freight,2669.28,Central Europe,No Contract
INV-2025-03222,2025-09-11,Vendor 244,IT & Software,SaaS Subscriptions,2820.43,North America,No Contract
INV-2025-03223,2025-11-16,Vendor 121,Direct Materials,Electronic Components,3568.37,Central Europe,No Contract
INV-2025-03224,2025-09-18,Vendor 292,Logistics & Freight,Ocean Freight,3268.99,Central Europe,No Contract
INV-2025-03225,2025-02-06,Strategic Partner 28,Facilities & MRO,Maintenance,42355.48,Nordics,Active Contract
INV-2025-03226,2025-09-24,Strategic Partner 28,Facilities & MRO,Office Supplies,13216.58,Nordics,Active Contract
INV-2025-03227,2025-12-01,Vendor 212,Logistics & Freight,Warehousing,1601.7,Central Europe,No Contract
INV-2025-03228,2025-07-25,Strategic Partner 30,Direct Materials,Electronic Components,40805.64,Central Europe,Active Contract
INV-2025-03229,2025-11-02,Strategic Partner 10,Direct Materials,Electronic Components,89963.18,Central Europe,Active Contract
INV-2025-03230,2025-01-26,Strategic Partner 05,Logistics & Freight,Ocean Freight,12147.91,APAC,Active Contract
INV-2025-03231,2025-03-18,Strategic Partner 25,Professional Services,Legal,34042.83,Nordics,Active Contract
INV-2025-03232,2025-12-28,Strategic Partner 26,IT & Software,Hardware,11890.2,Central Europe,Active Contract
INV-2025-03233,2025-10-31,Strategic Partner 06,Direct Materials,Electronic Components,4795.05,Nordics,Active Contract
INV-2025-03234,2025-06-12,Strategic Partner 07,Logistics & Freight,Road Transport,7877.12,Nordics,Active Contract
INV-2025-03235,2025-06-17,Strategic Partner 26,Facilities & MRO,Office Supplies,6599.15,North America,Active Contract
INV-2025-03236,2025-05-21,Strategic Partner 05,Facilities & MRO,Maintenance,34766.69,Central Europe,Active Contract
INV-2025-03237,2025-08-13,Strategic Partner 05,IT & Software,SaaS Subscriptions,80770.64,Nordics,No Contract
INV-2025-03238,2025-04-24,Vendor 287,Logistics & Freight,Warehousing,704.87,Nordics,No Contract
INV-2025-03239,2025-07-27,Strategic Partner 21,Facilities & MRO,Office Supplies,9074.84,Central Europe,Active Contract
INV-2025-03240,2025-01-18,Strategic Partner 02,Direct Materials,Polymers,36430.15,Nordics,Active Contract
INV-2025-03241,2025-06-16,Vendor 133,Logistics & Freight,Ocean Freight,2958.0,Central Europe,No Contract
INV-2025-03242,2025-03-05,Vendor 119,Logistics & Freight,Road Transport,1209.51,Nordics,No Contract
INV-2025-03243,2025-08-30,Strategic Partner 06,Logistics & Freight,Warehousing,149999.37,North America,Active Contract
INV-2025-03244,2025-06-16,Vendor 027,Direct Materials,Electronic Components,6515.28,North America,No Contract
INV-2025-03245,2025-03-05,Vendor 232,Direct Materials,Raw Metals,2361.44,North America,No Contract
INV-2025-03246,2025-07-29,Strategic Partner 11,Direct Materials,Raw Metals,63967.75,North America,Active Contract
INV-2025-03247,2025-04-30,Strategic Partner 17,Direct Materials,Electronic Components,25151.64,APAC,Active Contract
INV-2025-03248,2025-01-22,Strategic Partner 18,Facilities & MRO,Maintenance,5235.41,Nordics,Active Contract
INV-2025-03249,2025-06-22,Strategic Partner 27,Direct Materials,Polymers,5336.98,Central Europe,Active Contract
INV-2025-03250,2025-05-05,Strategic Partner 23,Direct Materials,Raw Metals,30832.58,Central Europe,Active Contract
INV-2025-03251,2025-09-30,Strategic Partner 05,IT & Software,Cloud Infrastructure,7241.51,Central Europe,Active Contract
INV-2025-03252,2025-05-04,Vendor 020,Direct Materials,Raw Metals,4145.06,APAC,No Contract
INV-2025-03253,2025-02-01,Vendor 160,Logistics & Freight,Ocean Freight,346.12,North America,No Contract
INV-2025-03254,2025-07-29,Strategic Partner 11,Direct Materials,Raw Metals,11126.6,APAC,Active Contract
INV-2025-03255,2025-05-03,Strategic Partner 06,Direct Materials,Polymers,12418.39,APAC,Active Contract
INV-2025-03256,2025-01-29,Strategic Partner 10,Direct Materials,Electronic Components,16099.43,North America,Active Contract
INV-2025-03257,2025-09-19,Vendor 083,Direct Materials,Polymers,3130.4,Central Europe,Active Contract
INV-2025-03258,2025-06-21,Strategic Partner 21,Direct Materials,Electronic Components,42319.34,Nordics,Active Contract
INV-2025-03259,2025-02-01,Vendor 137,Direct Materials,Polymers,2097.71,Central Europe,No Contract
INV-2025-03260,2025-04-14,Strategic Partner 07,Direct Materials,Electronic Components,26584.0,Central Europe,No Contract
INV-2025-03261,2025-06-14,Strategic Partner 19,Direct Materials,Raw Metals,3423.0,Nordics,Active Contract
INV-2025-03262,2025-05-05,Strategic Partner 17,Logistics & Freight,Warehousing,49944.56,Central Europe,Active Contract
INV-2025-03263,2025-09-03,Strategic Partner 16,Logistics & Freight,Road Transport,7919.9,North America,Active Contract
INV-2025-03264,2025-12-07,Strategic Partner 03,IT & Software,Hardware,92248.18,Central Europe,Active Contract
INV-2025-03265,2025-07-27,Vendor 271,Direct Materials,Polymers,1743.95,North America,Active Contract
INV-2025-03266,2025-04-16,Strategic Partner 22,Direct Materials,Polymers,26445.46,Nordics,Active Contract
INV-2025-03267,2025-07-12,Strategic Partner 23,IT & Software,Cloud Infrastructure,17967.18,Central Europe,Active Contract
INV-2025-03268,2025-07-17,Strategic Partner 04,Direct Materials,Electronic Components,28131.24,Nordics,No Contract
INV-2025-03269,2025-07-01,Strategic Partner 12,IT & Software,Cloud Infrastructure,9264.93,Central Europe,Active Contract
INV-2025-03270,2025-07-08,Vendor 016,Direct Materials,Raw Metals,3052.53,Central Europe,No Contract
INV-2025-03271,2025-01-20,Strategic Partner 16,Professional Services,Legal,35433.21,APAC,Active Contract
INV-2025-03272,2025-04-29,Strategic Partner 07,Professional Services,Management Consulting,79580.66,Nordics,Active Contract
INV-2025-03273,2025-02-28,Strategic Partner 19,IT & Software,Hardware,23949.0,Nordics,No Contract
INV-2025-03274,2025-09-14,Strategic Partner 20,Facilities & MRO,Maintenance,35286.85,North America,Active Contract
INV-2025-03275,2025-03-26,Strategic Partner 30,Direct Materials,Polymers,26059.94,Nordics,Active Contract
INV-2025-03276,2025-08-10,Strategic Partner 03,Direct Materials,Polymers,11991.23,Central Europe,Active Contract
INV-2025-03277,2025-06-08,Vendor 189,Logistics & Freight,Warehousing,2889.99,Nordics,No Contract
INV-2025-03278,2025-06-30,Vendor 047,Direct Materials,Electronic Components,864.86,Central Europe,No Contract
INV-2025-03279,2025-10-07,Vendor 011,Direct Materials,Raw Metals,1073.15,Nordics,No Contract
INV-2025-03280,2025-06-20,Strategic Partner 09,Professional Services,Legal,11702.74,APAC,Active Contract
INV-2025-03281,2025-02-28,Strategic Partner 19,Direct Materials,Electronic Components,39911.84,Nordics,Active Contract
INV-2025-03282,2025-11-11,Vendor 181,IT & Software,SaaS Subscriptions,1447.13,North America,Active Contract
INV-2025-03283,2025-09-01,Strategic Partner 06,Direct Materials,Raw Metals,15705.75,Nordics,Active Contract
INV-2025-03284,2025-09-22,Strategic Partner 26,Direct Materials,Electronic Components,61514.96,Nordics,Active Contract
INV-2025-03285,2025-11-03,Strategic Partner 11,Direct Materials,Electronic Components,5044.29,North America,Active Contract
INV-2025-03286,2025-06-11,Strategic Partner 12,Facilities & MRO,Office Supplies,9042.69,Nordics,Active Contract
INV-2025-03287,2025-08-13,Strategic Partner 12,Direct Materials,Electronic Components,36201.94,Central Europe,Active Contract
INV-2025-03288,2025-08-28,Vendor 269,Professional Services,Management Consulting,1004.64,Nordics,Active Contract
INV-2025-03289,2025-04-26,Vendor 057,IT & Software,Hardware,712.67,APAC,No Contract
INV-2025-03290,2025-12-01,Strategic Partner 11,Direct Materials,Electronic Components,9952.53,Nordics,Active Contract
INV-2025-03291,2025-08-21,Strategic Partner 20,Facilities & MRO,Office Supplies,39922.13,Nordics,Active Contract
INV-2025-03292,2025-04-09,Strategic Partner 04,Direct Materials,Raw Metals,5349.66,Nordics,Active Contract
INV-2025-03293,2025-08-20,Strategic Partner 23,Facilities & MRO,Office Supplies,47064.45,Nordics,Active Contract
INV-2025-03294,2025-02-20,Strategic Partner 24,Professional Services,Management Consulting,6661.23,North America,Active Contract
INV-2025-03295,2025-01-19,Strategic Partner 28,Direct Materials,Electronic Components,9556.73,Central Europe,Active Contract
INV-2025-03296,2025-09-22,Strategic Partner 15,Direct Materials,Raw Metals,4595.22,Nordics,Active Contract
INV-2025-03297,2025-06-17,Strategic Partner 21,Direct Materials,Electronic Components,33197.74,Central Europe,Active Contract
INV-2025-03298,2025-01-06,Vendor 145,IT & Software,Cloud Infrastructure,2540.28,APAC,No Contract
INV-2025-03299,2025-08-08,Strategic Partner 22,Facilities & MRO,Office Supplies,67109.19,Central Europe,Active Contract
INV-2025-03300,2025-05-20,Strategic Partner 25,Logistics & Freight,Road Transport,9350.18,Central Europe,Active Contract
INV-2025-03301,2025-05-12,Strategic Partner 15,Direct Materials,Polymers,10338.78,Central Europe,Active Contract
INV-2025-03302,2025-08-27,Vendor 077,Direct Materials,Polymers,1262.19,Central Europe,No Contract
INV-2025-03303,2025-10-24,Strategic Partner 21,Direct Materials,Electronic Components,22240.4,Central Europe,Active Contract
INV-2025-03304,2025-05-12,Strategic Partner 18,IT & Software,Hardware,8722.23,Central Europe,Active Contract
INV-2025-03305,2025-09-28,Strategic Partner 23,Logistics & Freight,Warehousing,14421.09,Nordics,Active Contract
INV-2025-03306,2025-07-04,Strategic Partner 28,Direct Materials,Raw Metals,48931.4,APAC,Active Contract
INV-2025-03307,2025-07-31,Strategic Partner 20,Facilities & MRO,Cleaning Services,6178.53,Nordics,Active Contract
INV-2025-03308,2025-11-18,Strategic Partner 29,Logistics & Freight,Road Transport,3985.94,Nordics,Active Contract
INV-2025-03309,2025-09-03,Vendor 300,IT & Software,Cloud Infrastructure,1799.73,North America,No Contract
INV-2025-03310,2025-12-28,Vendor 182,Facilities & MRO,Cleaning Services,2591.24,North America,No Contract
INV-2025-03311,2025-08-06,Strategic Partner 11,Facilities & MRO,Maintenance,12082.62,North America,Active Contract
INV-2025-03312,2025-07-10,Strategic Partner 18,Direct Materials,Electronic Components,25754.26,APAC,Active Contract
INV-2025-03313,2025-10-19,Strategic Partner 15,Logistics & Freight,Road Transport,3526.42,Nordics,Active Contract
INV-2025-03314,2025-05-01,Strategic Partner 08,Logistics & Freight,Ocean Freight,9146.07,North America,Active Contract
INV-2025-03315,2025-02-18,Strategic Partner 02,Direct Materials,Polymers,14366.9,North America,Active Contract
INV-2025-03316,2025-02-22,Strategic Partner 25,Facilities & MRO,Cleaning Services,61383.81,Nordics,Active Contract
INV-2025-03317,2025-07-08,Strategic Partner 08,Direct Materials,Electronic Components,6513.68,Nordics,Active Contract
INV-2025-03318,2025-01-14,Strategic Partner 05,Direct Materials,Raw Metals,13452.3,North America,Active Contract
INV-2025-03319,2025-04-24,Vendor 191,Direct Materials,Electronic Components,523.62,Nordics,Active Contract
INV-2025-03320,2025-04-02,Strategic Partner 17,Direct Materials,Polymers,70638.42,Nordics,Active Contract
INV-2025-03321,2025-08-14,Vendor 289,Professional Services,Audit,8693.58,Central Europe,No Contract
INV-2025-03322,2025-09-01,Strategic Partner 26,Professional Services,Legal,63778.51,Nordics,Active Contract
INV-2025-03323,2025-12-24,Strategic Partner 10,Direct Materials,Electronic Components,10256.81,Central Europe,Active Contract
INV-2025-03324,2025-11-14,Vendor 106,Direct Materials,Electronic Components,1753.0,Central Europe,Active Contract
INV-2025-03325,2025-07-22,Strategic Partner 29,Professional Services,Audit,80014.75,Nordics,Active Contract
INV-2025-03326,2025-12-31,Strategic Partner 08,Direct Materials,Polymers,8719.81,North America,No Contract
INV-2025-03327,2025-06-16,Strategic Partner 15,Logistics & Freight,Warehousing,9881.5,Nordics,No Contract
INV-2025-03328,2025-01-03,Strategic Partner 23,Direct Materials,Electronic Components,25967.17,Nordics,Active Contract
INV-2025-03329,2025-03-17,Strategic Partner 04,Direct Materials,Raw Metals,28519.63,Nordics,Active Contract
INV-2025-03330,2025-03-19,Strategic Partner 02,Direct Materials,Polymers,89656.23,Nordics,Active Contract
INV-2025-03331,2025-05-19,Strategic Partner 06,Logistics & Freight,Ocean Freight,12088.5,APAC,Active Contract
INV-2025-03332,2025-06-12,Vendor 269,IT & Software,Hardware,3023.99,Nordics,No Contract
INV-2025-03333,2025-07-19,Strategic Partner 05,Direct Materials,Raw Metals,22562.84,Central Europe,Active Contract
INV-2025-03334,2025-05-28,Vendor 108,Direct Materials,Electronic Components,4285.45,North America,No Contract
INV-2025-03335,2025-07-28,Vendor 191,Direct Materials,Polymers,1964.81,APAC,Active Contract
INV-2025-03336,2025-06-03,Strategic Partner 28,Logistics & Freight,Warehousing,41581.56,Central Europe,Active Contract
INV-2025-03337,2025-01-23,Strategic Partner 06,Direct Materials,Raw Metals,7199.0,Nordics,Active Contract
INV-2025-03338,2025-11-09,Strategic Partner 15,Direct Materials,Polymers,146700.73,Central Europe,Active Contract
INV-2025-03339,2025-11-09,Vendor 036,Logistics & Freight,Road Transport,923.88,Nordics,No Contract
INV-2025-03340,2025-02-06,Strategic Partner 19,Direct Materials,Electronic Components,8064.65,Central Europe,No Contract
INV-2025-03341,2025-09-13,Strategic Partner 27,Direct Materials,Polymers,15490.53,Central Europe,Active Contract
INV-2025-03342,2025-05-07,Vendor 006,Professional Services,Audit,4777.69,Central Europe,Active Contract
INV-2025-03343,2025-05-30,Vendor 040,Facilities & MRO,Maintenance,1476.8,Nordics,No Contract
INV-2025-03344,2025-02-19,Strategic Partner 05,IT & Software,SaaS Subscriptions,7579.23,Nordics,Active Contract
INV-2025-03345,2025-10-07,Vendor 162,Logistics & Freight,Ocean Freight,2870.14,Central Europe,Active Contract
INV-2025-03346,2025-12-29,Strategic Partner 16,Logistics & Freight,Ocean Freight,7584.06,Nordics,Active Contract
INV-2025-03347,2025-06-04,Strategic Partner 15,IT & Software,Hardware,36469.28,APAC,Active Contract
INV-2025-03348,2025-11-11,Vendor 009,Logistics & Freight,Ocean Freight,1107.86,North America,Active Contract
INV-2025-03349,2025-08-25,Vendor 010,IT & Software,SaaS Subscriptions,1139.94,Central Europe,No Contract
INV-2025-03350,2025-11-14,Vendor 016,Direct Materials,Raw Metals,4536.82,Central Europe,No Contract
INV-2025-03351,2025-05-17,Strategic Partner 23,Direct Materials,Electronic Components,27873.18,North America,Active Contract
INV-2025-03352,2025-11-08,Strategic Partner 27,Direct Materials,Polymers,35627.39,Central Europe,No Contract
INV-2025-03353,2025-11-18,Strategic Partner 06,IT & Software,SaaS Subscriptions,22457.71,North America,Active Contract
INV-2025-03354,2025-08-16,Strategic Partner 15,Direct Materials,Raw Metals,14949.88,Nordics,Active Contract
INV-2025-03355,2025-09-04,Strategic Partner 20,Direct Materials,Electronic Components,14691.15,Central Europe,Active Contract
INV-2025-03356,2025-10-29,Strategic Partner 22,Facilities & MRO,Maintenance,12056.84,Nordics,Active Contract
INV-2025-03357,2025-05-06,Strategic Partner 03,Logistics & Freight,Road Transport,7503.62,Nordics,Active Contract
INV-2025-03358,2025-12-03,Strategic Partner 17,Logistics & Freight,Ocean Freight,107493.3,Central Europe,Active Contract
INV-2025-03359,2025-01-20,Vendor 217,Direct Materials,Raw Metals,6804.18,Nordics,No Contract
INV-2025-03360,2025-09-21,Strategic Partner 16,Logistics & Freight,Ocean Freight,35500.3,Nordics,Active Contract
INV-2025-03361,2025-04-12,Strategic Partner 08,Direct Materials,Raw Metals,20753.09,North America,Active Contract
INV-2025-03362,2025-09-29,Strategic Partner 18,Direct Materials,Polymers,68525.53,North America,Active Contract
INV-2025-03363,2025-05-17,Strategic Partner 30,Logistics & Freight,Ocean Freight,68715.08,Central Europe,Active Contract
INV-2025-03364,2025-02-19,Strategic Partner 28,Facilities & MRO,Maintenance,9692.86,APAC,Active Contract
INV-2025-03365,2025-04-21,Vendor 072,Logistics & Freight,Warehousing,7631.51,Central Europe,No Contract
INV-2025-03366,2025-06-12,Vendor 073,Logistics & Freight,Warehousing,2428.89,Central Europe,Active Contract
INV-2025-03367,2025-08-06,Strategic Partner 23,Direct Materials,Raw Metals,8628.05,Nordics,Active Contract
INV-2025-03368,2025-01-30,Strategic Partner 28,Direct Materials,Polymers,13487.91,Nordics,Active Contract
INV-2025-03369,2025-06-30,Strategic Partner 24,Direct Materials,Electronic Components,18351.55,Nordics,Active Contract
INV-2025-03370,2025-02-04,Strategic Partner 17,Facilities & MRO,Office Supplies,21247.66,Nordics,Active Contract
INV-2025-03371,2025-09-03,Strategic Partner 18,Professional Services,Legal,20094.86,North America,Active Contract
INV-2025-03372,2025-04-07,Strategic Partner 26,Facilities & MRO,Office Supplies,4676.99,Nordics,Active Contract
INV-2025-03373,2025-06-15,Strategic Partner 09,Logistics & Freight,Road Transport,52142.51,Nordics,Active Contract
INV-2025-03374,2025-03-27,Vendor 067,Professional Services,Legal,201.99,Central Europe,No Contract
INV-2025-03375,2025-02-01,Strategic Partner 30,Direct Materials,Electronic Components,64724.54,Nordics,Active Contract
INV-2025-03376,2025-05-09,Vendor 154,Direct Materials,Electronic Components,1287.11,Central Europe,No Contract
INV-2025-03377,2025-10-06,Vendor 226,Direct Materials,Raw Metals,1475.43,Central Europe,No Contract
INV-2025-03378,2025-10-27,Vendor 173,Logistics & Freight,Warehousing,1291.39,APAC,No Contract
INV-2025-03379,2025-03-24,Strategic Partner 17,Professional Services,Legal,46558.08,Nordics,Active Contract
INV-2025-03380,2025-02-02,Vendor 215,Direct Materials,Raw Metals,5763.09,Central Europe,No Contract
INV-2025-03381,2025-09-03,Strategic Partner 09,IT & Software,Hardware,14845.92,Central Europe,Active Contract
INV-2025-03382,2025-12-03,Strategic Partner 12,IT & Software,Hardware,33691.05,Central Europe,Active Contract
INV-2025-03383,2025-06-07,Vendor 131,Professional Services,Audit,3116.01,APAC,No Contract
INV-2025-03384,2025-03-07,Strategic Partner 04,Direct Materials,Polymers,4084.17,North America,Active Contract
INV-2025-03385,2025-03-25,Strategic Partner 21,Logistics & Freight,Road Transport,35061.46,Central Europe,Active Contract
INV-2025-03386,2025-11-12,Strategic Partner 12,Direct Materials,Polymers,27552.06,North America,Active Contract
INV-2025-03387,2025-06-10,Strategic Partner 09,IT & Software,Hardware,8724.92,APAC,Active Contract
INV-2025-03388,2025-05-28,Strategic Partner 05,Professional Services,Legal,6930.72,APAC,No Contract
INV-2025-03389,2025-09-16,Strategic Partner 15,Direct Materials,Electronic Components,34134.2,Nordics,No Contract
INV-2025-03390,2025-12-14,Strategic Partner 30,Facilities & MRO,Office Supplies,20777.47,North America,Active Contract
INV-2025-03391,2025-07-24,Strategic Partner 20,Direct Materials,Electronic Components,17040.32,Nordics,Active Contract
INV-2025-03392,2025-11-20,Vendor 116,Direct Materials,Electronic Components,3968.46,Nordics,No Contract
INV-2025-03393,2025-01-23,Vendor 048,IT & Software,Cloud Infrastructure,1776.94,North America,No Contract
INV-2025-03394,2025-12-21,Strategic Partner 30,Direct Materials,Electronic Components,25093.8,APAC,No Contract
INV-2025-03395,2025-07-15,Strategic Partner 08,IT & Software,Hardware,20501.81,APAC,Active Contract
INV-2025-03396,2025-03-27,Strategic Partner 10,Direct Materials,Electronic Components,43441.39,Nordics,Active Contract
INV-2025-03397,2025-07-09,Strategic Partner 25,IT & Software,SaaS Subscriptions,9278.7,North America,Active Contract
INV-2025-03398,2025-01-30,Strategic Partner 22,Logistics & Freight,Warehousing,13671.24,Central Europe,Active Contract
INV-2025-03399,2025-03-02,Strategic Partner 02,Direct Materials,Electronic Components,49676.22,Central Europe,Active Contract
INV-2025-03400,2025-04-03,Vendor 163,Facilities & MRO,Office Supplies,1076.68,North America,Active Contract
INV-2025-03401,2025-03-14,Vendor 157,IT & Software,SaaS Subscriptions,3849.77,Central Europe,No Contract
INV-2025-03402,2025-11-27,Strategic Partner 04,Facilities & MRO,Maintenance,35338.11,Nordics,Active Contract
INV-2025-03403,2025-04-15,Strategic Partner 16,Direct Materials,Polymers,36217.33,Nordics,Active Contract
INV-2025-03404,2025-06-23,Vendor 119,IT & Software,Cloud Infrastructure,3039.37,North America,No Contract
INV-2025-03405,2025-04-29,Vendor 165,IT & Software,Hardware,2433.87,North America,No Contract
INV-2025-03406,2025-10-21,Vendor 012,IT & Software,Hardware,5145.42,North America,No Contract
INV-2025-03407,2025-02-12,Strategic Partner 19,Direct Materials,Polymers,13732.72,Central Europe,Active Contract
INV-2025-03408,2025-08-07,Strategic Partner 07,IT & Software,Hardware,12099.5,Nordics,Active Contract
INV-2025-03409,2025-04-18,Strategic Partner 15,Professional Services,Audit,170987.34,Nordics,Active Contract
INV-2025-03410,2025-06-27,Strategic Partner 09,Logistics & Freight,Road Transport,3425.28,Nordics,Active Contract
INV-2025-03411,2025-07-30,Vendor 231,Professional Services,Legal,1522.89,Nordics,Active Contract
INV-2025-03412,2025-07-19,Vendor 095,Direct Materials,Polymers,192.85,Nordics,No Contract
INV-2025-03413,2025-01-23,Strategic Partner 07,IT & Software,SaaS Subscriptions,3491.72,Central Europe,Active Contract
INV-2025-03414,2025-12-02,Strategic Partner 28,Direct Materials,Electronic Components,14789.59,Central Europe,Active Contract
INV-2025-03415,2025-09-23,Strategic Partner 14,Logistics & Freight,Ocean Freight,11441.17,Central Europe,Active Contract
INV-2025-03416,2025-07-07,Strategic Partner 19,IT & Software,Cloud Infrastructure,4583.43,APAC,Active Contract
INV-2025-03417,2025-12-17,Strategic Partner 27,Direct Materials,Polymers,3185.72,Central Europe,Active Contract
INV-2025-03418,2025-06-24,Strategic Partner 01,Facilities & MRO,Cleaning Services,9444.83,Nordics,Active Contract
INV-2025-03419,2025-09-03,Vendor 130,IT & Software,Cloud Infrastructure,881.49,Nordics,No Contract
INV-2025-03420,2025-11-27,Strategic Partner 07,IT & Software,Cloud Infrastructure,51292.43,North America,Active Contract
INV-2025-03421,2025-07-18,Strategic Partner 06,Logistics & Freight,Ocean Freight,4858.72,Central Europe,Active Contract
INV-2025-03422,2025-12-02,Vendor 131,Facilities & MRO,Office Supplies,2159.47,North America,No Contract
INV-2025-03423,2025-12-17,Vendor 234,Direct Materials,Raw Metals,1560.06,APAC,No Contract
INV-2025-03424,2025-02-23,Vendor 065,Logistics & Freight,Warehousing,2570.31,Central Europe,No Contract
INV-2025-03425,2025-08-17,Strategic Partner 21,IT & Software,SaaS Subscriptions,21155.9,North America,Active Contract
INV-2025-03426,2025-07-03,Strategic Partner 10,Professional Services,Management Consulting,46459.33,Central Europe,No Contract
INV-2025-03427,2025-07-17,Vendor 139,Direct Materials,Electronic Components,511.3,Nordics,No Contract
INV-2025-03428,2025-07-25,Vendor 093,Direct Materials,Raw Metals,1757.54,Central Europe,No Contract
INV-2025-03429,2025-05-22,Vendor 071,Direct Materials,Electronic Components,3722.14,North America,Active Contract
INV-2025-03430,2025-09-23,Vendor 263,Direct Materials,Raw Metals,1645.95,Central Europe,No Contract
INV-2025-03431,2025-04-07,Vendor 034,Direct Materials,Electronic Components,5466.8,Central Europe,No Contract
INV-2025-03432,2025-11-20,Strategic Partner 17,Direct Materials,Raw Metals,54806.89,Nordics,Active Contract
INV-2025-03433,2025-10-07,Strategic Partner 28,Direct Materials,Raw Metals,81853.46,Nordics,No Contract
INV-2025-03434,2025-05-09,Strategic Partner 03,Direct Materials,Raw Metals,81362.12,Central Europe,Active Contract
INV-2025-03435,2025-01-04,Strategic Partner 22,Direct Materials,Polymers,11292.7,Central Europe,No Contract
INV-2025-03436,2025-02-07,Vendor 118,Direct Materials,Electronic Components,1926.67,Central Europe,No Contract
INV-2025-03437,2025-12-06,Vendor 019,Direct Materials,Electronic Components,309.49,Nordics,No Contract
INV-2025-03438,2025-06-02,Vendor 235,Direct Materials,Polymers,1841.75,Central Europe,No Contract
INV-2025-03439,2025-10-03,Strategic Partner 20,Facilities & MRO,Maintenance,29209.14,APAC,Active Contract
INV-2025-03440,2025-07-14,Strategic Partner 30,Direct Materials,Electronic Components,49872.88,Nordics,Active Contract
INV-2025-03441,2025-07-22,Vendor 077,Facilities & MRO,Office Supplies,1549.5,Nordics,No Contract
INV-2025-03442,2025-07-01,Strategic Partner 29,Direct Materials,Polymers,14878.63,Central Europe,Active Contract
INV-2025-03443,2025-10-08,Strategic Partner 30,Logistics & Freight,Warehousing,4191.45,APAC,Active Contract
INV-2025-03444,2025-04-13,Strategic Partner 12,Direct Materials,Polymers,28290.17,Central Europe,Active Contract
INV-2025-03445,2025-08-15,Vendor 278,Professional Services,Audit,1229.4,Central Europe,No Contract
INV-2025-03446,2025-03-09,Strategic Partner 06,Direct Materials,Polymers,22515.32,Central Europe,Active Contract
INV-2025-03447,2025-07-16,Strategic Partner 06,Direct Materials,Electronic Components,116360.21,Nordics,Active Contract
INV-2025-03448,2025-06-19,Vendor 268,Direct Materials,Polymers,272.91,Nordics,Active Contract
INV-2025-03449,2025-11-04,Strategic Partner 25,Logistics & Freight,Road Transport,18044.33,North America,Active Contract
INV-2025-03450,2025-06-28,Vendor 019,Direct Materials,Electronic Components,430.44,Nordics,Active Contract
INV-2025-03451,2025-02-24,Strategic Partner 24,Professional Services,Audit,9544.07,Nordics,Active Contract
INV-2025-03452,2025-04-24,Vendor 037,Professional Services,Legal,5513.43,Nordics,Active Contract
INV-2025-03453,2025-02-14,Vendor 195,Direct Materials,Electronic Components,1996.27,Nordics,No Contract
INV-2025-03454,2025-05-01,Strategic Partner 27,Professional Services,Legal,3800.38,Central Europe,Active Contract
INV-2025-03455,2025-08-30,Strategic Partner 09,Logistics & Freight,Warehousing,5023.88,Central Europe,Active Contract
INV-2025-03456,2025-02-28,Vendor 042,Direct Materials,Electronic Components,3223.69,Nordics,No Contract
INV-2025-03457,2025-10-15,Strategic Partner 02,Direct Materials,Electronic Components,4405.61,Nordics,Active Contract
INV-2025-03458,2025-02-20,Vendor 068,Professional Services,Audit,8114.66,APAC,No Contract
INV-2025-03459,2025-03-27,Strategic Partner 28,Logistics & Freight,Warehousing,35279.83,North America,Active Contract
INV-2025-03460,2025-04-22,Strategic Partner 03,Direct Materials,Electronic Components,8248.42,Central Europe,Active Contract
INV-2025-03461,2025-09-26,Strategic Partner 27,Professional Services,Management Consulting,57576.11,North America,Active Contract
INV-2025-03462,2025-05-30,Strategic Partner 30,Direct Materials,Polymers,45412.68,Nordics,Active Contract
INV-2025-03463,2025-03-04,Vendor 223,Facilities & MRO,Cleaning Services,1669.49,Nordics,No Contract
INV-2025-03464,2025-07-25,Strategic Partner 04,Direct Materials,Electronic Components,13720.48,Nordics,Active Contract
INV-2025-03465,2025-08-29,Strategic Partner 20,IT & Software,Hardware,8532.04,APAC,Active Contract
INV-2025-03466,2025-02-11,Strategic Partner 02,IT & Software,Hardware,64753.48,APAC,Active Contract
INV-2025-03467,2025-02-02,Vendor 023,Direct Materials,Raw Metals,1439.07,Central Europe,No Contract
INV-2025-03468,2025-06-11,Strategic Partner 24,Direct Materials,Raw Metals,7461.76,Nordics,Active Contract
INV-2025-03469,2025-03-24,Strategic Partner 08,Professional Services,Legal,17971.15,Nordics,Active Contract
INV-2025-03470,2025-02-11,Vendor 125,Direct Materials,Polymers,2225.93,Nordics,No Contract
INV-2025-03471,2025-12-04,Strategic Partner 05,Logistics & Freight,Warehousing,19221.63,North America,Active Contract
INV-2025-03472,2025-03-20,Strategic Partner 29,Logistics & Freight,Road Transport,7243.63,APAC,Active Contract
INV-2025-03473,2025-04-16,Strategic Partner 06,Direct Materials,Raw Metals,30724.71,Central Europe,Active Contract
INV-2025-03474,2025-09-11,Strategic Partner 10,Direct Materials,Raw Metals,71506.98,Nordics,No Contract
INV-2025-03475,2025-06-21,Strategic Partner 02,IT & Software,Cloud Infrastructure,4234.65,Nordics,Active Contract
INV-2025-03476,2025-12-09,Strategic Partner 29,IT & Software,SaaS Subscriptions,29145.9,Nordics,Active Contract
INV-2025-03477,2025-08-02,Strategic Partner 05,Facilities & MRO,Maintenance,42237.63,APAC,Active Contract
INV-2025-03478,2025-12-07,Strategic Partner 15,Direct Materials,Polymers,7940.01,Central Europe,No Contract
INV-2025-03479,2025-02-15,Strategic Partner 19,Direct Materials,Electronic Components,10955.99,Nordics,Active Contract
INV-2025-03480,2025-02-11,Strategic Partner 30,Facilities & MRO,Maintenance,12731.61,Nordics,Active Contract
INV-2025-03481,2025-12-09,Strategic Partner 30,Professional Services,Management Consulting,34252.78,Central Europe,Active Contract
INV-2025-03482,2025-12-07,Strategic Partner 18,IT & Software,Hardware,46971.97,North America,Active Contract
INV-2025-03483,2025-02-22,Strategic Partner 27,IT & Software,Cloud Infrastructure,17068.31,Nordics,Active Contract
INV-2025-03484,2025-03-08,Strategic Partner 09,Logistics & Freight,Warehousing,72690.25,Nordics,Active Contract
INV-2025-03485,2025-09-30,Vendor 102,Direct Materials,Polymers,941.87,North America,Active Contract
INV-2025-03486,2025-06-06,Strategic Partner 08,Direct Materials,Raw Metals,5833.49,Central Europe,No Contract
INV-2025-03487,2025-10-26,Vendor 015,Direct Materials,Electronic Components,1469.67,Central Europe,No Contract
INV-2025-03488,2025-03-30,Strategic Partner 23,Facilities & MRO,Cleaning Services,29716.42,North America,Active Contract
INV-2025-03489,2025-06-26,Strategic Partner 10,Logistics & Freight,Warehousing,35816.25,Nordics,Active Contract
INV-2025-03490,2025-05-02,Strategic Partner 18,IT & Software,SaaS Subscriptions,8994.67,Central Europe,Active Contract
INV-2025-03491,2025-04-01,Strategic Partner 01,Direct Materials,Raw Metals,31312.95,Nordics,No Contract
INV-2025-03492,2025-07-02,Strategic Partner 11,Logistics & Freight,Road Transport,61466.6,Central Europe,Active Contract
INV-2025-03493,2025-08-01,Strategic Partner 22,Direct Materials,Polymers,17940.9,Central Europe,Active Contract
INV-2025-03494,2025-03-23,Vendor 289,Direct Materials,Raw Metals,2619.75,Central Europe,Active Contract
INV-2025-03495,2025-06-25,Vendor 234,Direct Materials,Electronic Components,7208.9,Central Europe,No Contract
INV-2025-03496,2025-03-15,Vendor 210,Direct Materials,Polymers,5364.37,North America,No Contract
INV-2025-03497,2025-06-23,Strategic Partner 13,Direct Materials,Raw Metals,20585.62,Central Europe,Active Contract
INV-2025-03498,2025-01-15,Vendor 178,Professional Services,Audit,7133.54,Nordics,No Contract
INV-2025-03499,2025-04-30,Vendor 293,Professional Services,Legal,650.07,Central Europe,No Contract
INV-2025-03500,2025-08-12,Vendor 126,Direct Materials,Polymers,764.16,Nordics,No Contract
INV-2025-03501,2025-06-23,Vendor 210,Direct Materials,Electronic Components,533.69,North America,No Contract
INV-2025-03502,2025-09-12,Strategic Partner 24,Logistics & Freight,Warehousing,81567.28,Central Europe,No Contract
INV-2025-03503,2025-09-16,Strategic Partner 28,Logistics & Freight,Ocean Freight,13952.97,North America,Active Contract
INV-2025-03504,2025-03-30,Strategic Partner 17,Facilities & MRO,Maintenance,33097.02,APAC,Active Contract
INV-2025-03505,2025-08-13,Strategic Partner 26,Facilities & MRO,Office Supplies,3610.92,North America,Active Contract
INV-2025-03506,2025-01-07,Strategic Partner 02,Professional Services,Audit,35743.84,Central Europe,Active Contract
INV-2025-03507,2025-05-20,Vendor 005,IT & Software,Cloud Infrastructure,8759.07,Nordics,No Contract
INV-2025-03508,2025-05-22,Strategic Partner 11,Direct Materials,Electronic Components,7871.58,North America,Active Contract
INV-2025-03509,2025-07-17,Strategic Partner 10,Direct Materials,Electronic Components,12233.84,Central Europe,Active Contract
INV-2025-03510,2025-12-30,Strategic Partner 10,Direct Materials,Electronic Components,4718.91,Central Europe,Active Contract
INV-2025-03511,2025-04-25,Strategic Partner 23,Direct Materials,Electronic Components,50425.42,Central Europe,Active Contract
INV-2025-03512,2025-01-21,Strategic Partner 15,Direct Materials,Raw Metals,14404.77,Central Europe,Active Contract
INV-2025-03513,2025-05-20,Vendor 266,IT & Software,SaaS Subscriptions,1466.83,APAC,No Contract
INV-2025-03514,2025-04-05,Vendor 095,Professional Services,Audit,2787.17,Nordics,Active Contract
INV-2025-03515,2025-08-15,Strategic Partner 05,Logistics & Freight,Road Transport,18107.22,Nordics,Active Contract
INV-2025-03516,2025-09-10,Vendor 196,Direct Materials,Polymers,2045.74,Central Europe,No Contract
INV-2025-03517,2025-03-31,Strategic Partner 10,Professional Services,Management Consulting,4594.92,Nordics,Active Contract
INV-2025-03518,2025-09-29,Vendor 003,Logistics & Freight,Ocean Freight,674.12,Central Europe,No Contract
INV-2025-03519,2025-01-29,Vendor 147,Facilities & MRO,Office Supplies,287.72,Central Europe,Active Contract
INV-2025-03520,2025-04-23,Strategic Partner 25,Direct Materials,Polymers,7385.73,Nordics,Active Contract
INV-2025-03521,2025-01-15,Vendor 119,Logistics & Freight,Ocean Freight,12391.21,Nordics,Active Contract
INV-2025-03522,2025-09-05,Strategic Partner 14,Direct Materials,Raw Metals,7840.47,Nordics,Active Contract
INV-2025-03523,2025-09-22,Strategic Partner 30,Direct Materials,Electronic Components,24212.95,Nordics,No Contract
INV-2025-03524,2025-04-28,Vendor 026,Direct Materials,Raw Metals,5135.66,North America,No Contract
INV-2025-03525,2025-01-24,Strategic Partner 26,Facilities & MRO,Office Supplies,18929.79,Central Europe,Active Contract
INV-2025-03526,2025-02-27,Strategic Partner 16,IT & Software,Hardware,50206.54,APAC,No Contract
INV-2025-03527,2025-03-30,Strategic Partner 28,Direct Materials,Raw Metals,26376.59,Nordics,Active Contract
INV-2025-03528,2025-11-19,Strategic Partner 09,Direct Materials,Polymers,30542.76,Nordics,Active Contract
INV-2025-03529,2025-10-08,Vendor 003,Professional Services,Management Consulting,5466.47,Nordics,No Contract
INV-2025-03530,2025-04-14,Vendor 259,IT & Software,Hardware,4059.48,North America,No Contract
INV-2025-03531,2025-09-04,Strategic Partner 01,Logistics & Freight,Road Transport,3254.35,Nordics,Active Contract
INV-2025-03532,2025-11-18,Strategic Partner 10,Logistics & Freight,Warehousing,26596.11,Central Europe,No Contract
INV-2025-03533,2025-05-23,Strategic Partner 07,Direct Materials,Polymers,21945.07,North America,Active Contract
INV-2025-03534,2025-05-20,Strategic Partner 06,Logistics & Freight,Ocean Freight,17943.14,North America,Active Contract
INV-2025-03535,2025-05-12,Strategic Partner 12,Logistics & Freight,Road Transport,26532.34,Nordics,Active Contract
INV-2025-03536,2025-08-29,Vendor 231,Logistics & Freight,Road Transport,1163.92,Central Europe,No Contract
INV-2025-03537,2025-03-21,Strategic Partner 19,Direct Materials,Raw Metals,7936.6,North America,Active Contract
INV-2025-03538,2025-08-16,Strategic Partner 22,Logistics & Freight,Warehousing,8040.63,North America,Active Contract
INV-2025-03539,2025-02-22,Strategic Partner 08,Direct Materials,Raw Metals,40731.07,APAC,Active Contract
INV-2025-03540,2025-02-28,Vendor 239,Direct Materials,Polymers,2420.21,Nordics,No Contract
INV-2025-03541,2025-03-19,Strategic Partner 04,Logistics & Freight,Road Transport,18673.95,Nordics,Active Contract
INV-2025-03542,2025-01-20,Vendor 074,Professional Services,Audit,5910.82,Nordics,No Contract
INV-2025-03543,2025-07-09,Strategic Partner 11,Direct Materials,Polymers,36919.51,North America,Active Contract
INV-2025-03544,2025-04-21,Strategic Partner 16,Logistics & Freight,Warehousing,59109.18,Nordics,Active Contract
INV-2025-03545,2025-08-12,Strategic Partner 24,Direct Materials,Electronic Components,9442.07,Nordics,Active Contract
INV-2025-03546,2025-04-25,Strategic Partner 25,Direct Materials,Polymers,66199.43,Central Europe,Active Contract
INV-2025-03547,2025-08-10,Strategic Partner 05,IT & Software,Cloud Infrastructure,20712.12,Nordics,No Contract
INV-2025-03548,2025-11-21,Vendor 198,Professional Services,Management Consulting,349.2,North America,No Contract
INV-2025-03549,2025-03-20,Strategic Partner 17,Direct Materials,Polymers,10850.81,Nordics,Active Contract
INV-2025-03550,2025-12-18,Strategic Partner 10,Professional Services,Legal,60936.78,North America,Active Contract
INV-2025-03551,2025-11-12,Strategic Partner 03,IT & Software,SaaS Subscriptions,31047.44,Nordics,Active Contract
INV-2025-03552,2025-12-05,Vendor 039,Logistics & Freight,Road Transport,819.16,Nordics,No Contract
INV-2025-03553,2025-08-26,Strategic Partner 15,Direct Materials,Polymers,43278.16,APAC,Active Contract
INV-2025-03554,2025-04-04,Strategic Partner 19,Direct Materials,Raw Metals,5780.92,Nordics,No Contract
INV-2025-03555,2025-02-23,Strategic Partner 25,Direct Materials,Raw Metals,51574.77,Nordics,Active Contract
INV-2025-03556,2025-05-01,Strategic Partner 03,Professional Services,Management Consulting,6897.77,Central Europe,Active Contract
INV-2025-03557,2025-07-30,Strategic Partner 10,Direct Materials,Electronic Components,26376.21,Central Europe,Active Contract
INV-2025-03558,2025-02-27,Vendor 089,Direct Materials,Polymers,1822.61,Central Europe,No Contract
INV-2025-03559,2025-11-26,Strategic Partner 24,Logistics & Freight,Ocean Freight,20034.05,APAC,Active Contract
INV-2025-03560,2025-01-26,Strategic Partner 04,Direct Materials,Polymers,11261.74,North America,Active Contract
INV-2025-03561,2025-08-22,Strategic Partner 24,Facilities & MRO,Maintenance,23451.49,Central Europe,Active Contract
INV-2025-03562,2025-06-25,Strategic Partner 22,IT & Software,Hardware,47164.14,North America,Active Contract
INV-2025-03563,2025-01-30,Vendor 228,Professional Services,Management Consulting,2054.01,Nordics,Active Contract
INV-2025-03564,2025-04-05,Vendor 263,Direct Materials,Electronic Components,6239.58,Nordics,Active Contract
INV-2025-03565,2025-04-19,Strategic Partner 04,Professional Services,Legal,95030.49,Nordics,Active Contract
INV-2025-03566,2025-02-22,Strategic Partner 17,IT & Software,Hardware,24834.09,Nordics,No Contract
INV-2025-03567,2025-05-02,Strategic Partner 28,IT & Software,Cloud Infrastructure,10321.68,Nordics,Active Contract
INV-2025-03568,2025-05-09,Vendor 087,Professional Services,Legal,952.81,Nordics,Active Contract
INV-2025-03569,2025-06-29,Strategic Partner 06,Logistics & Freight,Road Transport,13189.56,Central Europe,Active Contract
INV-2025-03570,2025-02-07,Strategic Partner 26,IT & Software,Cloud Infrastructure,9050.27,North America,Active Contract
INV-2025-03571,2025-07-27,Strategic Partner 05,Logistics & Freight,Ocean Freight,8318.98,Nordics,Active Contract
INV-2025-03572,2025-05-19,Strategic Partner 19,Facilities & MRO,Cleaning Services,20465.12,Nordics,No Contract
INV-2025-03573,2025-01-25,Strategic Partner 25,Logistics & Freight,Road Transport,11889.63,Nordics,Active Contract
INV-2025-03574,2025-06-09,Vendor 182,Direct Materials,Raw Metals,7069.3,Nordics,No Contract
INV-2025-03575,2025-02-09,Strategic Partner 26,Direct Materials,Raw Metals,3572.48,Central Europe,Active Contract
INV-2025-03576,2025-09-09,Strategic Partner 27,Professional Services,Legal,6087.81,Nordics,Active Contract
INV-2025-03577,2025-08-11,Strategic Partner 07,Direct Materials,Electronic Components,10407.58,Nordics,Active Contract
INV-2025-03578,2025-11-25,Strategic Partner 22,Logistics & Freight,Road Transport,22946.49,Nordics,Active Contract
INV-2025-03579,2025-06-17,Strategic Partner 13,Direct Materials,Polymers,79347.45,North America,Active Contract
INV-2025-03580,2025-10-30,Strategic Partner 13,Direct Materials,Polymers,8570.82,Central Europe,Active Contract
INV-2025-03581,2025-06-19,Strategic Partner 02,Direct Materials,Polymers,51420.72,APAC,Active Contract
INV-2025-03582,2025-03-15,Vendor 096,Direct Materials,Raw Metals,782.54,North America,No Contract
INV-2025-03583,2025-09-26,Vendor 111,Direct Materials,Electronic Components,3220.72,North America,No Contract
INV-2025-03584,2025-11-24,Vendor 283,Logistics & Freight,Ocean Freight,279.94,Central Europe,No Contract
INV-2025-03585,2025-06-27,Vendor 173,Professional Services,Legal,1874.88,APAC,Active Contract
INV-2025-03586,2025-07-04,Strategic Partner 08,Direct Materials,Polymers,76101.83,North America,Active Contract
INV-2025-03587,2025-11-28,Vendor 263,Logistics & Freight,Road Transport,174.36,North America,No Contract
INV-2025-03588,2025-05-02,Strategic Partner 25,Logistics & Freight,Ocean Freight,3112.24,Nordics,Active Contract
INV-2025-03589,2025-12-05,Strategic Partner 21,Direct Materials,Electronic Components,7935.89,Nordics,Active Contract
INV-2025-03590,2025-01-31,Strategic Partner 18,Logistics & Freight,Ocean Freight,30394.13,APAC,Active Contract
INV-2025-03591,2025-03-19,Strategic Partner 27,Logistics & Freight,Road Transport,78533.84,Central Europe,Active Contract
INV-2025-03592,2025-12-01,Strategic Partner 25,Direct Materials,Polymers,80449.7,North America,Active Contract
INV-2025-03593,2025-04-09,Strategic Partner 24,Direct Materials,Raw Metals,77329.54,Central Europe,Active Contract
INV-2025-03594,2025-10-29,Strategic Partner 03,IT & Software,Cloud Infrastructure,31193.43,North America,Active Contract
INV-2025-03595,2025-04-08,Vendor 284,Direct Materials,Raw Metals,579.27,Nordics,Active Contract
INV-2025-03596,2025-10-20,Strategic Partner 22,Professional Services,Legal,6473.82,Nordics,Active Contract
INV-2025-03597,2025-02-28,Vendor 146,Direct Materials,Electronic Components,3380.78,Central Europe,Active Contract
INV-2025-03598,2025-06-29,Vendor 278,Logistics & Freight,Warehousing,1253.0,North America,No Contract
INV-2025-03599,2025-12-03,Strategic Partner 07,Direct Materials,Electronic Components,16390.08,Nordics,Active Contract
INV-2025-03600,2025-01-16,Vendor 125,Direct Materials,Electronic Components,2315.82,Central Europe,No Contract
INV-2025-03601,2025-01-26,Strategic Partner 09,Direct Materials,Raw Metals,8598.74,Nordics,Active Contract
INV-2025-03602,2025-09-18,Strategic Partner 06,Direct Materials,Polymers,5847.21,Nordics,Active Contract
INV-2025-03603,2025-04-03,Strategic Partner 13,Facilities & MRO,Maintenance,28561.11,Nordics,Active Contract
INV-2025-03604,2025-09-12,Strategic Partner 18,Professional Services,Management Consulting,39540.23,Nordics,Active Contract
INV-2025-03605,2025-06-27,Vendor 100,Direct Materials,Raw Metals,2671.42,Central Europe,No Contract
INV-2025-03606,2025-03-15,Vendor 125,IT & Software,Cloud Infrastructure,399.81,North America,No Contract
INV-2025-03607,2025-02-13,Strategic Partner 04,IT & Software,Cloud Infrastructure,24127.5,Central Europe,Active Contract
INV-2025-03608,2025-05-26,Strategic Partner 12,Direct Materials,Raw Metals,43572.81,Central Europe,Active Contract
INV-2025-03609,2025-12-26,Strategic Partner 07,Logistics & Freight,Road Transport,33645.72,Nordics,Active Contract
INV-2025-03610,2025-05-25,Strategic Partner 01,Direct Materials,Electronic Components,48200.71,Nordics,No Contract
INV-2025-03611,2025-04-22,Vendor 243,Professional Services,Management Consulting,724.33,Nordics,No Contract
INV-2025-03612,2025-05-14,Strategic Partner 24,Direct Materials,Polymers,33104.67,North America,Active Contract
INV-2025-03613,2025-11-13,Strategic Partner 12,Logistics & Freight,Ocean Freight,26284.24,Central Europe,Active Contract
INV-2025-03614,2025-04-10,Strategic Partner 28,Facilities & MRO,Cleaning Services,23587.8,North America,Active Contract
INV-2025-03615,2025-08-13,Strategic Partner 19,Professional Services,Legal,54125.73,Nordics,Active Contract
INV-2025-03616,2025-11-05,Strategic Partner 03,Direct Materials,Raw Metals,24472.41,APAC,Active Contract
INV-2025-03617,2025-10-06,Strategic Partner 24,IT & Software,Hardware,6883.0,Nordics,Active Contract
INV-2025-03618,2025-05-17,Vendor 257,Direct Materials,Electronic Components,226.74,Central Europe,No Contract
INV-2025-03619,2025-03-04,Strategic Partner 04,Facilities & MRO,Office Supplies,17779.47,Central Europe,Active Contract
INV-2025-03620,2025-02-18,Vendor 199,Facilities & MRO,Cleaning Services,2081.5,Central Europe,No Contract
INV-2025-03621,2025-04-25,Strategic Partner 06,IT & Software,Cloud Infrastructure,13549.02,Nordics,Active Contract
INV-2025-03622,2025-08-13,Strategic Partner 12,IT & Software,SaaS Subscriptions,4785.34,Nordics,Active Contract
INV-2025-03623,2025-12-10,Strategic Partner 16,Logistics & Freight,Road Transport,11337.22,Nordics,Active Contract
INV-2025-03624,2025-07-18,Vendor 098,Professional Services,Audit,614.4,North America,No Contract
INV-2025-03625,2025-06-08,Vendor 196,Direct Materials,Polymers,2848.22,Nordics,No Contract
INV-2025-03626,2025-09-11,Strategic Partner 04,Direct Materials,Raw Metals,15990.27,Nordics,Active Contract
INV-2025-03627,2025-06-12,Strategic Partner 27,Logistics & Freight,Warehousing,17353.7,APAC,Active Contract
INV-2025-03628,2025-05-02,Strategic Partner 22,Direct Materials,Raw Metals,83098.28,Nordics,Active Contract
INV-2025-03629,2025-12-06,Strategic Partner 28,Logistics & Freight,Ocean Freight,9201.37,Nordics,Active Contract
INV-2025-03630,2025-01-22,Strategic Partner 02,Direct Materials,Electronic Components,15258.26,Central Europe,Active Contract
INV-2025-03631,2025-10-02,Vendor 104,Logistics & Freight,Road Transport,5957.46,Central Europe,No Contract
INV-2025-03632,2025-12-14,Strategic Partner 17,Direct Materials,Polymers,10810.15,APAC,Active Contract
INV-2025-03633,2025-08-23,Strategic Partner 09,Logistics & Freight,Ocean Freight,38351.84,North America,Active Contract
INV-2025-03634,2025-04-17,Vendor 234,Direct Materials,Electronic Components,1177.05,Central Europe,No Contract
INV-2025-03635,2025-12-19,Strategic Partner 03,Professional Services,Audit,23871.42,APAC,No Contract
INV-2025-03636,2025-11-11,Strategic Partner 15,Facilities & MRO,Office Supplies,3903.21,APAC,Active Contract
INV-2025-03637,2025-03-27,Vendor 118,Direct Materials,Electronic Components,1523.73,APAC,No Contract
INV-2025-03638,2025-06-02,Strategic Partner 01,Direct Materials,Polymers,12290.94,Nordics,Active Contract
INV-2025-03639,2025-01-29,Strategic Partner 02,Logistics & Freight,Road Transport,5339.08,Nordics,Active Contract
INV-2025-03640,2025-06-08,Strategic Partner 20,Logistics & Freight,Road Transport,6021.18,Nordics,Active Contract
INV-2025-03641,2025-03-30,Strategic Partner 17,Facilities & MRO,Maintenance,17716.18,Central Europe,Active Contract
INV-2025-03642,2025-07-23,Strategic Partner 17,Direct Materials,Raw Metals,43278.54,Nordics,Active Contract
INV-2025-03643,2025-01-11,Strategic Partner 20,Direct Materials,Polymers,12242.38,Nordics,Active Contract
INV-2025-03644,2025-03-04,Vendor 174,IT & Software,Hardware,3795.83,Nordics,No Contract
INV-2025-03645,2025-05-26,Vendor 090,IT & Software,Hardware,1386.22,Central Europe,No Contract
INV-2025-03646,2025-05-06,Strategic Partner 10,Direct Materials,Raw Metals,31539.55,Nordics,Active Contract
INV-2025-03647,2025-11-16,Strategic Partner 29,Direct Materials,Raw Metals,26276.66,North America,Active Contract
INV-2025-03648,2025-11-27,Strategic Partner 05,Professional Services,Management Consulting,21321.78,Central Europe,Active Contract
INV-2025-03649,2025-01-04,Strategic Partner 26,IT & Software,SaaS Subscriptions,54864.07,Nordics,Active Contract
INV-2025-03650,2025-02-18,Strategic Partner 02,IT & Software,SaaS Subscriptions,58795.25,Central Europe,Active Contract
INV-2025-03651,2025-02-26,Vendor 265,Logistics & Freight,Warehousing,343.09,Nordics,No Contract
INV-2025-03652,2025-11-11,Strategic Partner 01,Facilities & MRO,Office Supplies,20649.97,Nordics,Active Contract
INV-2025-03653,2025-03-11,Strategic Partner 02,IT & Software,Hardware,3534.82,Central Europe,Active Contract
INV-2025-03654,2025-12-02,Strategic Partner 14,Direct Materials,Electronic Components,46041.41,APAC,Active Contract
INV-2025-03655,2025-08-24,Strategic Partner 01,IT & Software,SaaS Subscriptions,5379.2,Nordics,Active Contract
INV-2025-03656,2025-01-07,Vendor 283,Direct Materials,Polymers,1642.06,North America,No Contract
INV-2025-03657,2025-08-03,Strategic Partner 27,Direct Materials,Raw Metals,77754.19,Nordics,Active Contract
INV-2025-03658,2025-08-07,Vendor 203,Direct Materials,Electronic Components,374.82,North America,Active Contract
INV-2025-03659,2025-08-03,Strategic Partner 21,Direct Materials,Electronic Components,19055.79,Nordics,Active Contract
INV-2025-03660,2025-09-09,Strategic Partner 22,Logistics & Freight,Ocean Freight,15124.1,North America,Active Contract
INV-2025-03661,2025-09-13,Strategic Partner 14,Direct Materials,Electronic Components,8388.56,Central Europe,Active Contract
INV-2025-03662,2025-11-07,Strategic Partner 20,Logistics & Freight,Warehousing,12247.97,Central Europe,Active Contract
INV-2025-03663,2025-04-10,Strategic Partner 21,Direct Materials,Raw Metals,7222.15,Nordics,Active Contract
INV-2025-03664,2025-12-17,Vendor 076,Professional Services,Legal,3992.09,Nordics,No Contract
INV-2025-03665,2025-04-09,Vendor 294,Logistics & Freight,Road Transport,3072.12,Central Europe,Active Contract
INV-2025-03666,2025-09-28,Strategic Partner 02,Direct Materials,Polymers,96124.26,Nordics,Active Contract
INV-2025-03667,2025-03-03,Strategic Partner 02,IT & Software,Cloud Infrastructure,3791.73,Central Europe,Active Contract
INV-2025-03668,2025-02-19,Vendor 037,Professional Services,Management Consulting,1512.14,North America,No Contract
INV-2025-03669,2025-07-20,Strategic Partner 15,Direct Materials,Raw Metals,3514.17,Nordics,Active Contract
INV-2025-03670,2025-04-26,Strategic Partner 29,Direct Materials,Polymers,86656.2,Nordics,Active Contract
INV-2025-03671,2025-11-13,Strategic Partner 23,IT & Software,Hardware,86246.22,Nordics,Active Contract
INV-2025-03672,2025-01-13,Strategic Partner 06,IT & Software,Cloud Infrastructure,7050.15,North America,Active Contract
INV-2025-03673,2025-07-23,Strategic Partner 30,Direct Materials,Electronic Components,7354.18,APAC,Active Contract
INV-2025-03674,2025-03-01,Strategic Partner 30,Direct Materials,Electronic Components,11065.62,Nordics,Active Contract
INV-2025-03675,2025-03-04,Strategic Partner 16,Direct Materials,Electronic Components,10943.2,Nordics,Active Contract
INV-2025-03676,2025-09-30,Strategic Partner 11,Direct Materials,Raw Metals,23168.82,Central Europe,Active Contract
INV-2025-03677,2025-11-20,Strategic Partner 26,Direct Materials,Electronic Components,45376.66,Nordics,Active Contract
INV-2025-03678,2025-09-08,Strategic Partner 17,Direct Materials,Polymers,43100.46,North America,Active Contract
INV-2025-03679,2025-10-11,Strategic Partner 22,Direct Materials,Polymers,10915.77,North America,Active Contract
INV-2025-03680,2025-08-23,Vendor 275,Direct Materials,Polymers,1138.13,Central Europe,No Contract
INV-2025-03681,2025-06-08,Strategic Partner 14,Professional Services,Management Consulting,34829.04,North America,Active Contract
INV-2025-03682,2025-05-26,Vendor 107,Direct Materials,Raw Metals,238.84,Central Europe,No Contract
INV-2025-03683,2025-10-25,Vendor 289,Logistics & Freight,Road Transport,7531.08,Nordics,Active Contract
INV-2025-03684,2025-06-26,Vendor 060,Professional Services,Management Consulting,6655.53,Central Europe,No Contract
INV-2025-03685,2025-04-01,Vendor 118,Direct Materials,Polymers,1077.05,Nordics,No Contract
INV-2025-03686,2025-01-05,Strategic Partner 30,IT & Software,SaaS Subscriptions,9354.21,North America,Active Contract
INV-2025-03687,2025-04-14,Vendor 099,Direct Materials,Polymers,1174.94,Nordics,No Contract
INV-2025-03688,2025-09-13,Vendor 222,Direct Materials,Polymers,2140.62,Nordics,No Contract
INV-2025-03689,2025-09-01,Vendor 155,Logistics & Freight,Road Transport,9483.13,Nordics,No Contract
INV-2025-03690,2025-04-23,Vendor 266,Direct Materials,Electronic Components,1392.83,Central Europe,Active Contract
INV-2025-03691,2025-07-21,Strategic Partner 04,IT & Software,Hardware,22133.71,Nordics,Active Contract
INV-2025-03692,2025-02-05,Vendor 146,Facilities & MRO,Office Supplies,4594.7,Central Europe,No Contract
INV-2025-03693,2025-09-18,Strategic Partner 24,Direct Materials,Raw Metals,15491.94,North America,Active Contract
INV-2025-03694,2025-03-15,Strategic Partner 13,Direct Materials,Polymers,4727.49,North America,No Contract
INV-2025-03695,2025-01-26,Strategic Partner 14,Direct Materials,Electronic Components,81143.27,Central Europe,Active Contract
INV-2025-03696,2025-11-04,Vendor 122,Logistics & Freight,Ocean Freight,3817.74,APAC,Active Contract
INV-2025-03697,2025-10-29,Strategic Partner 27,Direct Materials,Raw Metals,19700.75,Central Europe,Active Contract
INV-2025-03698,2025-07-23,Strategic Partner 25,Logistics & Freight,Ocean Freight,16558.55,Nordics,Active Contract
INV-2025-03699,2025-12-17,Strategic Partner 18,Professional Services,Management Consulting,15216.42,Nordics,Active Contract
INV-2025-03700,2025-07-05,Strategic Partner 14,Direct Materials,Electronic Components,3281.61,APAC,Active Contract
INV-2025-03701,2025-07-16,Vendor 286,Direct Materials,Raw Metals,654.97,North America,No Contract
INV-2025-03702,2025-03-10,Vendor 085,Direct Materials,Polymers,2398.01,North America,No Contract
INV-2025-03703,2025-03-30,Vendor 131,Facilities & MRO,Cleaning Services,4709.48,Central Europe,Active Contract
INV-2025-03704,2025-02-08,Strategic Partner 01,Direct Materials,Electronic Components,9243.02,North America,No Contract
INV-2025-03705,2025-01-12,Strategic Partner 12,Direct Materials,Raw Metals,47509.6,APAC,Active Contract
INV-2025-03706,2025-02-17,Vendor 048,Direct Materials,Electronic Components,6789.6,APAC,Active Contract
INV-2025-03707,2025-12-21,Strategic Partner 13,Direct Materials,Electronic Components,28039.57,Central Europe,Active Contract
INV-2025-03708,2025-07-07,Strategic Partner 15,Direct Materials,Raw Metals,56768.87,Central Europe,Active Contract
INV-2025-03709,2025-01-07,Vendor 242,IT & Software,Cloud Infrastructure,183.05,Nordics,No Contract
INV-2025-03710,2025-05-06,Strategic Partner 21,Facilities & MRO,Cleaning Services,25628.79,APAC,Active Contract
INV-2025-03711,2025-02-02,Vendor 228,IT & Software,Hardware,2404.74,APAC,Active Contract
INV-2025-03712,2025-01-18,Vendor 009,Facilities & MRO,Office Supplies,2508.56,APAC,No Contract
INV-2025-03713,2025-01-22,Strategic Partner 27,Professional Services,Management Consulting,13930.46,Nordics,Active Contract
INV-2025-03714,2025-09-09,Vendor 118,Logistics & Freight,Ocean Freight,1839.56,North America,Active Contract
INV-2025-03715,2025-06-10,Strategic Partner 20,Direct Materials,Polymers,3861.51,Nordics,Active Contract
INV-2025-03716,2025-06-07,Strategic Partner 01,Professional Services,Legal,20952.92,Nordics,Active Contract
INV-2025-03717,2025-07-29,Strategic Partner 27,Professional Services,Legal,27116.74,Nordics,Active Contract
INV-2025-03718,2025-04-30,Strategic Partner 04,Direct Materials,Raw Metals,58330.01,Nordics,Active Contract
INV-2025-03719,2025-11-09,Strategic Partner 29,Professional Services,Legal,8395.01,North America,Active Contract
INV-2025-03720,2025-10-21,Strategic Partner 18,Direct Materials,Electronic Components,31664.81,Nordics,Active Contract
INV-2025-03721,2025-01-18,Strategic Partner 20,Logistics & Freight,Ocean Freight,7750.85,Nordics,Active Contract
INV-2025-03722,2025-04-12,Strategic Partner 05,Direct Materials,Polymers,13919.27,North America,No Contract
INV-2025-03723,2025-04-21,Vendor 201,Direct Materials,Polymers,1294.37,Central Europe,No Contract
INV-2025-03724,2025-07-05,Vendor 177,IT & Software,Cloud Infrastructure,6833.05,Central Europe,No Contract
INV-2025-03725,2025-10-12,Vendor 029,Direct Materials,Electronic Components,4948.77,Central Europe,Active Contract
INV-2025-03726,2025-04-12,Strategic Partner 08,Professional Services,Management Consulting,44499.95,Nordics,Active Contract
INV-2025-03727,2025-08-14,Vendor 189,Logistics & Freight,Ocean Freight,1932.27,Central Europe,No Contract
INV-2025-03728,2025-07-29,Strategic Partner 19,Direct Materials,Electronic Components,6574.53,North America,Active Contract
INV-2025-03729,2025-02-07,Vendor 178,IT & Software,SaaS Subscriptions,2215.66,Central Europe,No Contract
INV-2025-03730,2025-09-18,Vendor 135,IT & Software,Hardware,743.36,Nordics,No Contract
INV-2025-03731,2025-03-18,Strategic Partner 01,Logistics & Freight,Warehousing,65748.92,Central Europe,Active Contract
INV-2025-03732,2025-11-07,Strategic Partner 01,Direct Materials,Raw Metals,45346.46,North America,Active Contract
INV-2025-03733,2025-08-24,Strategic Partner 22,Direct Materials,Raw Metals,9120.09,Central Europe,Active Contract
INV-2025-03734,2025-08-26,Vendor 114,Direct Materials,Electronic Components,826.97,Central Europe,No Contract
INV-2025-03735,2025-08-17,Vendor 284,Direct Materials,Polymers,2767.85,Central Europe,Active Contract
INV-2025-03736,2025-09-01,Vendor 104,Logistics & Freight,Ocean Freight,324.21,Nordics,No Contract
INV-2025-03737,2025-09-05,Strategic Partner 05,IT & Software,Cloud Infrastructure,24816.28,APAC,Active Contract
INV-2025-03738,2025-04-25,Vendor 294,Direct Materials,Electronic Components,3038.28,Central Europe,No Contract
INV-2025-03739,2025-10-09,Strategic Partner 20,Direct Materials,Electronic Components,36639.45,Nordics,Active Contract
INV-2025-03740,2025-06-16,Strategic Partner 29,Professional Services,Audit,37465.86,Nordics,Active Contract
INV-2025-03741,2025-12-27,Strategic Partner 05,Direct Materials,Polymers,66565.69,Nordics,Active Contract
INV-2025-03742,2025-08-09,Vendor 204,Direct Materials,Electronic Components,1223.11,Central Europe,Active Contract
INV-2025-03743,2025-02-02,Vendor 170,Professional Services,Audit,1141.36,Central Europe,No Contract
INV-2025-03744,2025-11-10,Strategic Partner 15,Direct Materials,Polymers,28432.78,Nordics,Active Contract
INV-2025-03745,2025-06-19,Strategic Partner 27,Direct Materials,Electronic Components,31261.55,Central Europe,Active Contract
INV-2025-03746,2025-03-22,Strategic Partner 26,Logistics & Freight,Warehousing,55621.79,North America,Active Contract
INV-2025-03747,2025-04-26,Strategic Partner 25,Professional Services,Management Consulting,11218.65,Central Europe,Active Contract
INV-2025-03748,2025-03-08,Vendor 080,Direct Materials,Electronic Components,3121.47,Nordics,No Contract
INV-2025-03749,2025-05-16,Vendor 013,Direct Materials,Raw Metals,1247.17,Central Europe,Active Contract
INV-2025-03750,2025-12-09,Strategic Partner 05,Logistics & Freight,Ocean Freight,13419.62,Nordics,Active Contract
INV-2025-03751,2025-04-16,Vendor 117,Logistics & Freight,Ocean Freight,4312.51,North America,Active Contract
INV-2025-03752,2025-09-20,Strategic Partner 12,IT & Software,Cloud Infrastructure,50750.86,Nordics,No Contract
INV-2025-03753,2025-10-20,Strategic Partner 09,Direct Materials,Polymers,38540.31,APAC,Active Contract
INV-2025-03754,2025-05-19,Strategic Partner 09,Professional Services,Legal,5707.82,Central Europe,Active Contract
INV-2025-03755,2025-10-13,Strategic Partner 01,IT & Software,Cloud Infrastructure,12213.71,Central Europe,Active Contract
INV-2025-03756,2025-07-26,Strategic Partner 20,Logistics & Freight,Warehousing,66187.56,North America,Active Contract
INV-2025-03757,2025-07-06,Strategic Partner 14,Direct Materials,Raw Metals,26023.01,Central Europe,Active Contract
INV-2025-03758,2025-04-18,Vendor 285,Facilities & MRO,Maintenance,3519.13,North America,No Contract
INV-2025-03759,2025-04-12,Vendor 027,Professional Services,Audit,5079.99,Nordics,No Contract
INV-2025-03760,2025-04-03,Strategic Partner 25,IT & Software,Cloud Infrastructure,14218.85,Central Europe,No Contract
INV-2025-03761,2025-05-21,Strategic Partner 26,Direct Materials,Polymers,9711.37,Nordics,Active Contract
INV-2025-03762,2025-01-24,Vendor 143,Direct Materials,Polymers,899.27,Central Europe,Active Contract
INV-2025-03763,2025-05-06,Vendor 292,Direct Materials,Raw Metals,3437.25,APAC,No Contract
INV-2025-03764,2025-01-20,Strategic Partner 01,Direct Materials,Electronic Components,3849.02,Central Europe,Active Contract
INV-2025-03765,2025-06-15,Vendor 107,Direct Materials,Polymers,1153.48,North America,No Contract
INV-2025-03766,2025-06-09,Strategic Partner 11,Logistics & Freight,Warehousing,12857.45,North America,Active Contract
INV-2025-03767,2025-06-03,Strategic Partner 13,IT & Software,Hardware,20607.88,Nordics,Active Contract
INV-2025-03768,2025-04-27,Strategic Partner 19,Direct Materials,Electronic Components,9628.28,North America,Active Contract
INV-2025-03769,2025-11-03,Strategic Partner 30,Direct Materials,Polymers,49112.13,Nordics,No Contract
INV-2025-03770,2025-01-12,Strategic Partner 08,IT & Software,Hardware,23826.67,Central Europe,Active Contract
INV-2025-03771,2025-04-05,Strategic Partner 30,Facilities & MRO,Office Supplies,5808.22,Central Europe,Active Contract
INV-2025-03772,2025-01-16,Strategic Partner 19,Logistics & Freight,Road Transport,24005.53,Central Europe,No Contract
INV-2025-03773,2025-02-13,Strategic Partner 06,Direct Materials,Raw Metals,16874.91,North America,Active Contract
INV-2025-03774,2025-11-10,Strategic Partner 08,Direct Materials,Electronic Components,16898.31,Nordics,Active Contract
INV-2025-03775,2025-09-03,Strategic Partner 14,Direct Materials,Raw Metals,5582.03,North America,Active Contract
INV-2025-03776,2025-01-22,Vendor 021,Direct Materials,Electronic Components,3167.06,Central Europe,No Contract
INV-2025-03777,2025-10-28,Strategic Partner 11,Logistics & Freight,Warehousing,8379.34,Central Europe,Active Contract
INV-2025-03778,2025-10-12,Strategic Partner 27,Facilities & MRO,Maintenance,3880.96,Central Europe,Active Contract
INV-2025-03779,2025-01-05,Strategic Partner 17,Direct Materials,Raw Metals,3107.11,North America,Active Contract
INV-2025-03780,2025-09-04,Strategic Partner 14,Direct Materials,Raw Metals,13024.73,Nordics,Active Contract
INV-2025-03781,2025-06-23,Strategic Partner 20,Direct Materials,Polymers,37629.79,Nordics,Active Contract
INV-2025-03782,2025-01-01,Strategic Partner 04,Direct Materials,Electronic Components,32313.0,APAC,No Contract
INV-2025-03783,2025-01-10,Strategic Partner 14,Direct Materials,Raw Metals,4193.93,Central Europe,Active Contract
INV-2025-03784,2025-01-30,Strategic Partner 02,IT & Software,SaaS Subscriptions,53544.42,North America,Active Contract
INV-2025-03785,2025-06-09,Vendor 103,Professional Services,Legal,3410.79,Nordics,No Contract
INV-2025-03786,2025-08-24,Strategic Partner 17,Logistics & Freight,Road Transport,13380.54,Nordics,Active Contract
INV-2025-03787,2025-06-13,Strategic Partner 16,Direct Materials,Electronic Components,33119.63,Nordics,Active Contract
INV-2025-03788,2025-02-15,Strategic Partner 27,Facilities & MRO,Maintenance,26088.38,Nordics,Active Contract
INV-2025-03789,2025-04-26,Vendor 243,Direct Materials,Raw Metals,4994.66,Central Europe,No Contract
INV-2025-03790,2025-05-15,Strategic Partner 01,Logistics & Freight,Ocean Freight,70243.7,APAC,Active Contract
INV-2025-03791,2025-12-19,Vendor 199,IT & Software,Cloud Infrastructure,5116.22,North America,No Contract
INV-2025-03792,2025-03-24,Vendor 118,Direct Materials,Raw Metals,254.86,North America,Active Contract
INV-2025-03793,2025-03-24,Strategic Partner 11,Direct Materials,Raw Metals,36132.16,Nordics,Active Contract
INV-2025-03794,2025-02-26,Strategic Partner 09,Professional Services,Audit,49411.05,Nordics,Active Contract
INV-2025-03795,2025-08-20,Strategic Partner 04,Professional Services,Legal,6454.81,Central Europe,Active Contract
INV-2025-03796,2025-06-01,Strategic Partner 20,IT & Software,SaaS Subscriptions,12806.57,APAC,Active Contract
INV-2025-03797,2025-10-25,Strategic Partner 28,Logistics & Freight,Ocean Freight,12776.41,North America,Active Contract
INV-2025-03798,2025-07-13,Vendor 101,Direct Materials,Polymers,2911.87,North America,No Contract
INV-2025-03799,2025-12-25,Strategic Partner 16,Direct Materials,Polymers,18927.02,Nordics,Active Contract
INV-2025-03800,2025-08-09,Vendor 053,Facilities & MRO,Maintenance,2355.58,APAC,Active Contract
INV-2025-03801,2025-07-31,Strategic Partner 05,Direct Materials,Polymers,49843.5,North America,Active Contract
INV-2025-03802,2025-05-08,Strategic Partner 10,Logistics & Freight,Ocean Freight,47778.07,APAC,Active Contract
INV-2025-03803,2025-08-18,Strategic Partner 16,Direct Materials,Electronic Components,33512.7,Nordics,Active Contract
INV-2025-03804,2025-01-07,Strategic Partner 18,Direct Materials,Raw Metals,12607.89,Nordics,No Contract
INV-2025-03805,2025-03-15,Strategic Partner 17,Facilities & MRO,Cleaning Services,41099.81,Nordics,Active Contract
INV-2025-03806,2025-03-25,Vendor 112,Facilities & MRO,Cleaning Services,4497.54,APAC,No Contract
INV-2025-03807,2025-01-18,Strategic Partner 26,Facilities & MRO,Cleaning Services,36898.71,Central Europe,Active Contract
INV-2025-03808,2025-12-21,Vendor 133,Direct Materials,Polymers,566.3,Nordics,No Contract
INV-2025-03809,2025-12-18,Strategic Partner 04,Direct Materials,Polymers,4089.62,Central Europe,Active Contract
INV-2025-03810,2025-04-06,Vendor 099,Direct Materials,Polymers,8686.95,Nordics,No Contract
INV-2025-03811,2025-06-13,Vendor 036,Professional Services,Legal,2837.85,Nordics,Active Contract
INV-2025-03812,2025-08-21,Strategic Partner 17,IT & Software,SaaS Subscriptions,18651.96,North America,Active Contract
INV-2025-03813,2025-03-16,Vendor 149,Direct Materials,Electronic Components,2546.54,Nordics,Active Contract
INV-2025-03814,2025-10-11,Vendor 183,Direct Materials,Polymers,488.22,Central Europe,No Contract
INV-2025-03815,2025-10-27,Strategic Partner 23,Direct Materials,Electronic Components,62127.01,Nordics,Active Contract
INV-2025-03816,2025-11-29,Vendor 008,IT & Software,Hardware,3670.14,North America,Active Contract
INV-2025-03817,2025-06-19,Strategic Partner 09,Logistics & Freight,Road Transport,7592.04,Nordics,No Contract
INV-2025-03818,2025-01-22,Strategic Partner 04,Direct Materials,Electronic Components,23834.12,Central Europe,Active Contract
INV-2025-03819,2025-10-29,Strategic Partner 14,Logistics & Freight,Warehousing,29035.59,Nordics,Active Contract
INV-2025-03820,2025-05-28,Strategic Partner 20,Facilities & MRO,Office Supplies,17604.28,Central Europe,Active Contract
INV-2025-03821,2025-03-17,Strategic Partner 17,Logistics & Freight,Road Transport,5416.15,Central Europe,Active Contract
INV-2025-03822,2025-08-11,Strategic Partner 30,Facilities & MRO,Cleaning Services,4934.97,Nordics,Active Contract
INV-2025-03823,2025-12-17,Vendor 290,IT & Software,SaaS Subscriptions,2141.59,Central Europe,No Contract
INV-2025-03824,2025-02-22,Strategic Partner 11,Direct Materials,Electronic Components,15421.29,North America,No Contract
INV-2025-03825,2025-10-18,Vendor 221,IT & Software,Hardware,2101.64,Nordics,No Contract
INV-2025-03826,2025-07-06,Strategic Partner 23,Direct Materials,Raw Metals,4030.68,North America,Active Contract
INV-2025-03827,2025-09-02,Strategic Partner 20,Direct Materials,Raw Metals,33351.12,North America,Active Contract
INV-2025-03828,2025-02-21,Strategic Partner 20,Direct Materials,Polymers,129470.58,Nordics,Active Contract
INV-2025-03829,2025-08-04,Vendor 043,IT & Software,Hardware,8047.95,North America,No Contract
INV-2025-03830,2025-05-06,Strategic Partner 11,Direct Materials,Raw Metals,42975.16,Nordics,Active Contract
INV-2025-03831,2025-12-23,Strategic Partner 28,Direct Materials,Polymers,11226.66,North America,Active Contract
INV-2025-03832,2025-01-25,Vendor 100,Logistics & Freight,Warehousing,6762.07,Nordics,No Contract
INV-2025-03833,2025-06-14,Vendor 076,Professional Services,Legal,3925.01,North America,No Contract
INV-2025-03834,2025-12-15,Vendor 278,IT & Software,SaaS Subscriptions,2878.12,Central Europe,No Contract
INV-2025-03835,2025-06-20,Vendor 020,Direct Materials,Electronic Components,342.03,Nordics,No Contract
INV-2025-03836,2025-03-30,Strategic Partner 30,Direct Materials,Electronic Components,30431.44,Central Europe,Active Contract
INV-2025-03837,2025-04-23,Strategic Partner 16,Logistics & Freight,Road Transport,9844.38,Nordics,Active Contract
INV-2025-03838,2025-12-01,Strategic Partner 18,Direct Materials,Electronic Components,46012.12,North America,Active Contract
INV-2025-03839,2025-10-06,Strategic Partner 27,Direct Materials,Raw Metals,28762.66,North America,Active Contract
INV-2025-03840,2025-05-22,Strategic Partner 25,IT & Software,Cloud Infrastructure,3446.29,Nordics,Active Contract
INV-2025-03841,2025-03-07,Strategic Partner 27,IT & Software,Cloud Infrastructure,147204.82,Central Europe,Active Contract
INV-2025-03842,2025-08-26,Strategic Partner 29,Facilities & MRO,Cleaning Services,6508.19,Nordics,Active Contract
INV-2025-03843,2025-03-07,Strategic Partner 04,Direct Materials,Raw Metals,13065.66,Central Europe,Active Contract
INV-2025-03844,2025-09-29,Strategic Partner 11,Direct Materials,Electronic Components,24083.48,Nordics,Active Contract
INV-2025-03845,2025-02-06,Strategic Partner 30,Professional Services,Legal,15840.99,North America,Active Contract
INV-2025-03846,2025-09-15,Strategic Partner 20,Professional Services,Audit,4752.1,Nordics,Active Contract
INV-2025-03847,2025-07-06,Strategic Partner 14,Direct Materials,Polymers,23861.83,North America,Active Contract
INV-2025-03848,2025-04-09,Vendor 065,Direct Materials,Raw Metals,3652.14,North America,Active Contract
INV-2025-03849,2025-07-12,Vendor 153,Direct Materials,Polymers,1634.46,Nordics,No Contract
INV-2025-03850,2025-06-17,Vendor 183,Direct Materials,Raw Metals,813.19,APAC,Active Contract
INV-2025-03851,2025-11-21,Strategic Partner 21,IT & Software,Cloud Infrastructure,7136.51,Central Europe,Active Contract
INV-2025-03852,2025-05-24,Strategic Partner 20,Direct Materials,Polymers,56198.99,North America,No Contract
INV-2025-03853,2025-02-25,Strategic Partner 21,Logistics & Freight,Road Transport,100996.83,North America,Active Contract
INV-2025-03854,2025-03-04,Vendor 158,IT & Software,Cloud Infrastructure,999.91,Central Europe,Active Contract
INV-2025-03855,2025-05-22,Vendor 095,Logistics & Freight,Ocean Freight,2853.09,Nordics,No Contract
INV-2025-03856,2025-06-25,Vendor 213,Professional Services,Management Consulting,2422.38,Central Europe,No Contract
INV-2025-03857,2025-03-05,Strategic Partner 05,Direct Materials,Electronic Components,12122.91,Nordics,Active Contract
INV-2025-03858,2025-01-12,Vendor 186,Direct Materials,Polymers,660.48,APAC,No Contract
INV-2025-03859,2025-01-04,Vendor 184,IT & Software,Cloud Infrastructure,1430.16,Central Europe,No Contract
INV-2025-03860,2025-11-18,Vendor 267,Direct Materials,Electronic Components,1166.1,APAC,No Contract
INV-2025-03861,2025-12-17,Vendor 034,Facilities & MRO,Maintenance,4955.73,Central Europe,No Contract
INV-2025-03862,2025-01-29,Strategic Partner 08,Direct Materials,Electronic Components,23365.01,Central Europe,Active Contract
INV-2025-03863,2025-01-17,Vendor 206,Direct Materials,Raw Metals,2928.92,Nordics,No Contract
INV-2025-03864,2025-11-09,Strategic Partner 28,IT & Software,Cloud Infrastructure,26045.16,Nordics,Active Contract
INV-2025-03865,2025-03-12,Strategic Partner 13,Professional Services,Audit,13199.69,North America,Active Contract
INV-2025-03866,2025-10-13,Strategic Partner 18,Direct Materials,Raw Metals,12037.49,Nordics,Active Contract
INV-2025-03867,2025-08-07,Vendor 250,Facilities & MRO,Cleaning Services,200.26,Central Europe,No Contract
INV-2025-03868,2025-10-12,Strategic Partner 18,Professional Services,Legal,10324.51,Nordics,Active Contract
INV-2025-03869,2025-07-09,Strategic Partner 03,Professional Services,Audit,67750.94,North America,Active Contract
INV-2025-03870,2025-11-05,Vendor 174,IT & Software,Cloud Infrastructure,968.39,Central Europe,No Contract
INV-2025-03871,2025-03-12,Strategic Partner 14,IT & Software,Cloud Infrastructure,50891.36,APAC,Active Contract
INV-2025-03872,2025-09-14,Vendor 020,Direct Materials,Raw Metals,2204.59,APAC,No Contract
INV-2025-03873,2025-03-13,Strategic Partner 08,IT & Software,Hardware,137230.93,North America,No Contract
INV-2025-03874,2025-11-07,Vendor 092,Facilities & MRO,Maintenance,1454.71,Central Europe,No Contract
INV-2025-03875,2025-11-03,Strategic Partner 06,Direct Materials,Raw Metals,34486.95,North America,Active Contract
INV-2025-03876,2025-11-30,Vendor 145,Facilities & MRO,Maintenance,738.92,Central Europe,No Contract
INV-2025-03877,2025-01-06,Strategic Partner 04,IT & Software,Cloud Infrastructure,6211.93,Nordics,Active Contract
INV-2025-03878,2025-07-28,Strategic Partner 11,Professional Services,Audit,56794.96,Central Europe,Active Contract
INV-2025-03879,2025-01-23,Vendor 185,Direct Materials,Raw Metals,921.35,Nordics,Active Contract
INV-2025-03880,2025-06-22,Vendor 271,Facilities & MRO,Cleaning Services,926.63,Nordics,No Contract
INV-2025-03881,2025-04-18,Strategic Partner 06,Facilities & MRO,Office Supplies,10387.3,Nordics,No Contract
INV-2025-03882,2025-04-13,Strategic Partner 17,Professional Services,Legal,5116.07,Central Europe,Active Contract
INV-2025-03883,2025-07-12,Strategic Partner 15,Direct Materials,Polymers,40655.1,Central Europe,Active Contract
INV-2025-03884,2025-03-30,Vendor 295,Direct Materials,Electronic Components,7499.29,Central Europe,No Contract
INV-2025-03885,2025-01-31,Vendor 291,Direct Materials,Electronic Components,4020.82,Nordics,Active Contract
INV-2025-03886,2025-06-17,Vendor 078,Direct Materials,Polymers,1053.71,Nordics,Active Contract
INV-2025-03887,2025-07-20,Vendor 294,Direct Materials,Polymers,1709.97,Nordics,Active Contract
INV-2025-03888,2025-09-24,Vendor 062,Direct Materials,Polymers,759.76,Central Europe,No Contract
INV-2025-03889,2025-12-12,Strategic Partner 08,Direct Materials,Raw Metals,20868.67,Nordics,Active Contract
INV-2025-03890,2025-02-08,Strategic Partner 01,Professional Services,Audit,69530.15,Nordics,Active Contract
INV-2025-03891,2025-10-19,Strategic Partner 16,Direct Materials,Polymers,3003.13,North America,Active Contract
INV-2025-03892,2025-04-14,Strategic Partner 19,Logistics & Freight,Road Transport,17551.87,APAC,Active Contract
INV-2025-03893,2025-12-19,Vendor 064,Direct Materials,Electronic Components,824.67,North America,Active Contract
INV-2025-03894,2025-03-11,Strategic Partner 07,Professional Services,Audit,11401.78,Nordics,Active Contract
INV-2025-03895,2025-10-29,Strategic Partner 16,Direct Materials,Raw Metals,40694.3,Nordics,Active Contract
INV-2025-03896,2025-06-23,Strategic Partner 13,IT & Software,SaaS Subscriptions,18526.71,Nordics,Active Contract
INV-2025-03897,2025-04-04,Vendor 131,Direct Materials,Polymers,4318.5,North America,No Contract
INV-2025-03898,2025-11-25,Strategic Partner 14,Professional Services,Legal,5078.54,APAC,Active Contract
INV-2025-03899,2025-06-28,Strategic Partner 14,Logistics & Freight,Warehousing,33063.54,Nordics,Active Contract
INV-2025-03900,2025-09-04,Strategic Partner 28,Professional Services,Audit,20351.11,Nordics,No Contract
INV-2025-03901,2025-10-06,Vendor 014,Direct Materials,Electronic Components,955.06,North America,No Contract
INV-2025-03902,2025-02-12,Vendor 224,Direct Materials,Raw Metals,4091.94,Nordics,No Contract
INV-2025-03903,2025-03-07,Strategic Partner 20,Facilities & MRO,Office Supplies,124743.55,North America,Active Contract
INV-2025-03904,2025-01-20,Strategic Partner 22,Direct Materials,Electronic Components,75827.96,APAC,Active Contract
INV-2025-03905,2025-02-05,Strategic Partner 13,Logistics & Freight,Road Transport,23538.99,North America,Active Contract
INV-2025-03906,2025-10-24,Strategic Partner 05,Direct Materials,Raw Metals,72023.68,APAC,Active Contract
INV-2025-03907,2025-08-27,Strategic Partner 09,Direct Materials,Electronic Components,78990.65,Nordics,Active Contract
INV-2025-03908,2025-05-24,Vendor 121,IT & Software,Cloud Infrastructure,1360.07,North America,No Contract
INV-2025-03909,2025-03-22,Vendor 125,Professional Services,Management Consulting,2563.11,Nordics,No Contract
INV-2025-03910,2025-01-05,Strategic Partner 06,Logistics & Freight,Ocean Freight,59992.34,Central Europe,Active Contract
INV-2025-03911,2025-11-16,Strategic Partner 30,Direct Materials,Electronic Components,77979.5,North America,Active Contract
INV-2025-03912,2025-10-15,Strategic Partner 21,Professional Services,Legal,4839.35,Nordics,No Contract
INV-2025-03913,2025-07-14,Vendor 273,Direct Materials,Polymers,2673.91,North America,No Contract
INV-2025-03914,2025-01-11,Strategic Partner 12,Direct Materials,Raw Metals,6643.22,APAC,Active Contract
INV-2025-03915,2025-01-19,Vendor 008,Professional Services,Legal,2275.03,Nordics,No Contract
INV-2025-03916,2025-03-31,Strategic Partner 20,IT & Software,Cloud Infrastructure,29174.59,North America,Active Contract
INV-2025-03917,2025-07-07,Strategic Partner 08,IT & Software,Cloud Infrastructure,19133.44,Central Europe,Active Contract
INV-2025-03918,2025-10-31,Strategic Partner 11,Direct Materials,Raw Metals,28836.29,North America,Active Contract
INV-2025-03919,2025-11-20,Strategic Partner 18,IT & Software,SaaS Subscriptions,28874.09,Nordics,Active Contract
INV-2025-03920,2025-07-27,Vendor 282,Facilities & MRO,Maintenance,3491.6,Central Europe,Active Contract
INV-2025-03921,2025-08-30,Vendor 056,Direct Materials,Raw Metals,4520.01,APAC,No Contract
INV-2025-03922,2025-03-10,Strategic Partner 11,Direct Materials,Raw Metals,8968.41,North America,No Contract
INV-2025-03923,2025-08-31,Vendor 140,Direct Materials,Polymers,670.69,North America,No Contract
INV-2025-03924,2025-11-29,Strategic Partner 04,IT & Software,SaaS Subscriptions,92212.43,Central Europe,Active Contract
INV-2025-03925,2025-04-13,Strategic Partner 09,Facilities & MRO,Cleaning Services,11597.79,North America,Active Contract
INV-2025-03926,2025-08-20,Strategic Partner 30,Direct Materials,Raw Metals,22744.89,Nordics,Active Contract
INV-2025-03927,2025-07-30,Strategic Partner 10,IT & Software,Cloud Infrastructure,9713.87,Nordics,Active Contract
INV-2025-03928,2025-10-10,Strategic Partner 26,Logistics & Freight,Warehousing,6954.37,Central Europe,Active Contract
INV-2025-03929,2025-09-24,Strategic Partner 03,Direct Materials,Electronic Components,27459.21,Nordics,Active Contract
INV-2025-03930,2025-01-30,Strategic Partner 23,Logistics & Freight,Warehousing,10390.44,Nordics,Active Contract
INV-2025-03931,2025-11-17,Strategic Partner 25,Direct Materials,Polymers,11599.07,Nordics,Active Contract
INV-2025-03932,2025-11-21,Strategic Partner 22,Logistics & Freight,Ocean Freight,13474.5,APAC,Active Contract
INV-2025-03933,2025-04-08,Strategic Partner 19,Direct Materials,Raw Metals,32325.99,APAC,Active Contract
INV-2025-03934,2025-01-29,Vendor 286,IT & Software,SaaS Subscriptions,757.76,Central Europe,No Contract
INV-2025-03935,2025-03-28,Strategic Partner 27,Direct Materials,Raw Metals,33938.22,APAC,Active Contract
INV-2025-03936,2025-11-14,Vendor 298,Direct Materials,Raw Metals,3863.26,Nordics,No Contract
INV-2025-03937,2025-05-12,Strategic Partner 23,Direct Materials,Polymers,49968.16,Central Europe,Active Contract
INV-2025-03938,2025-11-05,Strategic Partner 18,Direct Materials,Polymers,21528.97,North America,Active Contract
INV-2025-03939,2025-01-21,Strategic Partner 12,Logistics & Freight,Ocean Freight,20427.33,Central Europe,Active Contract
INV-2025-03940,2025-10-23,Strategic Partner 10,Direct Materials,Polymers,32456.51,APAC,Active Contract
INV-2025-03941,2025-05-19,Vendor 041,IT & Software,SaaS Subscriptions,5978.51,APAC,No Contract
INV-2025-03942,2025-07-18,Vendor 158,Direct Materials,Electronic Components,1617.96,Nordics,No Contract
INV-2025-03943,2025-09-21,Vendor 230,Direct Materials,Electronic Components,402.32,Central Europe,No Contract
INV-2025-03944,2025-01-31,Strategic Partner 20,Direct Materials,Electronic Components,11980.63,Central Europe,Active Contract
INV-2025-03945,2025-11-17,Strategic Partner 18,Direct Materials,Polymers,28997.71,Nordics,Active Contract
INV-2025-03946,2025-12-02,Vendor 129,Direct Materials,Electronic Components,3269.03,Nordics,No Contract
INV-2025-03947,2025-05-12,Strategic Partner 20,Direct Materials,Raw Metals,21721.18,Nordics,Active Contract
INV-2025-03948,2025-03-23,Vendor 179,Direct Materials,Polymers,783.74,Nordics,No Contract
INV-2025-03949,2025-04-10,Strategic Partner 26,Direct Materials,Raw Metals,19284.79,Central Europe,Active Contract
INV-2025-03950,2025-04-10,Strategic Partner 18,Logistics & Freight,Warehousing,4542.82,Nordics,Active Contract
INV-2025-03951,2025-03-22,Strategic Partner 10,Direct Materials,Electronic Components,6542.42,Central Europe,Active Contract
INV-2025-03952,2025-03-20,Strategic Partner 25,Professional Services,Management Consulting,24452.47,Nordics,Active Contract
INV-2025-03953,2025-03-28,Strategic Partner 24,Professional Services,Legal,7582.54,Central Europe,Active Contract
INV-2025-03954,2025-11-24,Strategic Partner 25,Logistics & Freight,Warehousing,41631.65,Central Europe,Active Contract
INV-2025-03955,2025-03-26,Strategic Partner 23,IT & Software,Cloud Infrastructure,6756.13,North America,Active Contract
INV-2025-03956,2025-02-01,Strategic Partner 14,Professional Services,Legal,70689.15,Nordics,Active Contract
INV-2025-03957,2025-06-09,Strategic Partner 10,Direct Materials,Raw Metals,7697.9,Central Europe,Active Contract
INV-2025-03958,2025-06-01,Strategic Partner 06,Direct Materials,Electronic Components,28195.56,North America,Active Contract
INV-2025-03959,2025-05-16,Vendor 054,Direct Materials,Electronic Components,421.3,Central Europe,Active Contract
INV-2025-03960,2025-07-16,Strategic Partner 29,Facilities & MRO,Office Supplies,15250.46,Central Europe,Active Contract
INV-2025-03961,2025-07-26,Strategic Partner 26,Direct Materials,Polymers,10811.87,Nordics,Active Contract
INV-2025-03962,2025-11-30,Vendor 032,Direct Materials,Raw Metals,1619.43,North America,No Contract
INV-2025-03963,2025-01-25,Strategic Partner 15,IT & Software,Hardware,6923.98,Nordics,Active Contract
INV-2025-03964,2025-10-05,Strategic Partner 15,Professional Services,Audit,69193.92,Central Europe,Active Contract
INV-2025-03965,2025-06-13,Strategic Partner 30,Direct Materials,Polymers,17903.19,Nordics,Active Contract
INV-2025-03966,2025-03-20,Vendor 017,Direct Materials,Raw Metals,3357.65,Nordics,No Contract
INV-2025-03967,2025-11-30,Strategic Partner 09,Direct Materials,Polymers,46934.28,Central Europe,Active Contract
INV-2025-03968,2025-10-08,Vendor 223,Direct Materials,Raw Metals,2766.7,Nordics,Active Contract
INV-2025-03969,2025-09-16,Strategic Partner 03,Professional Services,Audit,23539.03,Central Europe,Active Contract
INV-2025-03970,2025-12-18,Strategic Partner 20,Logistics & Freight,Ocean Freight,25077.99,Nordics,Active Contract
INV-2025-03971,2025-01-18,Vendor 282,Logistics & Freight,Ocean Freight,644.18,APAC,No Contract
INV-2025-03972,2025-01-11,Strategic Partner 24,Direct Materials,Polymers,7156.04,Nordics,Active Contract
INV-2025-03973,2025-08-19,Strategic Partner 19,IT & Software,Cloud Infrastructure,11488.1,North America,Active Contract
INV-2025-03974,2025-03-10,Strategic Partner 03,Direct Materials,Polymers,5345.01,Nordics,Active Contract
INV-2025-03975,2025-03-06,Strategic Partner 24,Facilities & MRO,Maintenance,27736.63,Nordics,Active Contract
INV-2025-03976,2025-09-16,Strategic Partner 06,Direct Materials,Electronic Components,14954.37,Nordics,Active Contract
INV-2025-03977,2025-11-13,Strategic Partner 09,Professional Services,Management Consulting,3542.22,Nordics,Active Contract
INV-2025-03978,2025-03-05,Strategic Partner 24,Direct Materials,Polymers,40158.48,North America,Active Contract
INV-2025-03979,2025-10-12,Strategic Partner 29,Professional Services,Audit,7524.77,Central Europe,Active Contract
INV-2025-03980,2025-11-23,Strategic Partner 06,Facilities & MRO,Cleaning Services,56041.56,Central Europe,Active Contract
INV-2025-03981,2025-07-28,Strategic Partner 04,Direct Materials,Polymers,52487.92,Nordics,No Contract
INV-2025-03982,2025-10-04,Strategic Partner 18,Direct Materials,Polymers,76279.32,Central Europe,Active Contract
INV-2025-03983,2025-03-24,Strategic Partner 11,Direct Materials,Electronic Components,5429.98,APAC,Active Contract
INV-2025-03984,2025-10-15,Strategic Partner 11,Direct Materials,Electronic Components,40824.0,North America,Active Contract
INV-2025-03985,2025-11-24,Vendor 278,Direct Materials,Polymers,544.59,Central Europe,No Contract
INV-2025-03986,2025-02-15,Strategic Partner 24,Facilities & MRO,Office Supplies,63292.17,Nordics,Active Contract
INV-2025-03987,2025-08-20,Vendor 018,Direct Materials,Polymers,2255.81,Central Europe,No Contract
INV-2025-03988,2025-02-11,Strategic Partner 19,Logistics & Freight,Ocean Freight,39003.26,Nordics,Active Contract
INV-2025-03989,2025-06-16,Vendor 171,Facilities & MRO,Cleaning Services,990.01,Nordics,No Contract
INV-2025-03990,2025-05-16,Vendor 236,Logistics & Freight,Warehousing,339.39,Central Europe,No Contract
INV-2025-03991,2025-03-14,Strategic Partner 05,Direct Materials,Polymers,62841.35,North America,Active Contract
INV-2025-03992,2025-07-12,Strategic Partner 29,Facilities & MRO,Maintenance,6200.93,Central Europe,Active Contract
INV-2025-03993,2025-06-05,Strategic Partner 27,Direct Materials,Polymers,8814.53,Nordics,Active Contract
INV-2025-03994,2025-04-24,Strategic Partner 14,IT & Software,SaaS Subscriptions,23917.76,Nordics,Active Contract
INV-2025-03995,2025-09-10,Strategic Partner 04,Direct Materials,Electronic Components,26952.67,APAC,Active Contract
INV-2025-03996,2025-09-09,Vendor 061,Direct Materials,Electronic Components,7743.26,Nordics,No Contract
INV-2025-03997,2025-12-02,Strategic Partner 21,Direct Materials,Polymers,23879.99,Central Europe,Active Contract
INV-2025-03998,2025-09-22,Strategic Partner 11,IT & Software,SaaS Subscriptions,36097.12,North America,Active Contract
INV-2025-03999,2025-10-05,Vendor 147,Professional Services,Management Consulting,441.15,Central Europe,Active Contract
INV-2025-04000,2025-02-15,Strategic Partner 15,Facilities & MRO,Cleaning Services,15928.1,Central Europe,Active Contract
INV-2025-04001,2025-07-08,Strategic Partner 13,Professional Services,Audit,58706.28,Nordics,Active Contract
INV-2025-04002,2025-01-31,Vendor 052,Professional Services,Legal,1619.45,Nordics,No Contract
INV-2025-04003,2025-11-14,Vendor 044,Professional Services,Audit,1131.85,Central Europe,Active Contract
INV-2025-04004,2025-08-07,Vendor 240,Logistics & Freight,Warehousing,3577.06,APAC,No Contract
INV-2025-04005,2025-03-14,Strategic Partner 25,Direct Materials,Raw Metals,3585.46,North America,No Contract
INV-2025-04006,2025-06-09,Strategic Partner 15,Direct Materials,Electronic Components,22050.82,North America,Active Contract
INV-2025-04007,2025-11-05,Vendor 055,Direct Materials,Raw Metals,163.56,Central Europe,No Contract
INV-2025-04008,2025-02-11,Strategic Partner 06,Logistics & Freight,Warehousing,6271.23,North America,Active Contract
INV-2025-04009,2025-05-30,Strategic Partner 12,Direct Materials,Electronic Components,25225.51,Central Europe,Active Contract
INV-2025-04010,2025-02-25,Vendor 053,Professional Services,Audit,5429.61,North America,No Contract
INV-2025-04011,2025-12-08,Vendor 292,Professional Services,Management Consulting,2028.13,Nordics,No Contract
INV-2025-04012,2025-08-28,Strategic Partner 24,IT & Software,Hardware,48880.51,APAC,Active Contract
INV-2025-04013,2025-12-24,Vendor 112,Direct Materials,Polymers,523.9,Nordics,No Contract
INV-2025-04014,2025-03-30,Strategic Partner 06,Logistics & Freight,Ocean Freight,27249.82,Nordics,Active Contract
INV-2025-04015,2025-01-05,Strategic Partner 22,Logistics & Freight,Warehousing,50045.8,Central Europe,Active Contract
INV-2025-04016,2025-05-10,Strategic Partner 23,Direct Materials,Polymers,23398.71,APAC,No Contract
INV-2025-04017,2025-02-19,Strategic Partner 24,IT & Software,SaaS Subscriptions,11323.38,Nordics,Active Contract
INV-2025-04018,2025-06-18,Strategic Partner 21,Logistics & Freight,Ocean Freight,13245.35,Central Europe,Active Contract
INV-2025-04019,2025-09-02,Vendor 180,Logistics & Freight,Ocean Freight,823.91,North America,No Contract
INV-2025-04020,2025-07-09,Strategic Partner 16,Direct Materials,Electronic Components,4002.69,Nordics,Active Contract
INV-2025-04021,2025-10-23,Strategic Partner 29,Facilities & MRO,Office Supplies,9010.51,Central Europe,No Contract
INV-2025-04022,2025-12-07,Vendor 119,Direct Materials,Raw Metals,3380.88,Central Europe,Active Contract
INV-2025-04023,2025-01-27,Strategic Partner 15,Direct Materials,Polymers,47876.31,Nordics,Active Contract
INV-2025-04024,2025-01-14,Strategic Partner 26,Logistics & Freight,Road Transport,6839.69,North America,Active Contract
INV-2025-04025,2025-10-20,Strategic Partner 28,IT & Software,Cloud Infrastructure,50849.0,Nordics,Active Contract
INV-2025-04026,2025-03-13,Strategic Partner 06,Direct Materials,Raw Metals,8714.98,APAC,Active Contract
INV-2025-04027,2025-02-21,Strategic Partner 02,IT & Software,Cloud Infrastructure,13253.4,Central Europe,Active Contract
INV-2025-04028,2025-06-15,Strategic Partner 27,Facilities & MRO,Office Supplies,10376.29,Central Europe,Active Contract
INV-2025-04029,2025-02-13,Strategic Partner 04,Professional Services,Legal,10510.33,Central Europe,Active Contract
INV-2025-04030,2025-01-15,Vendor 125,Direct Materials,Polymers,438.03,Central Europe,No Contract
INV-2025-04031,2025-01-10,Strategic Partner 21,Professional Services,Audit,16382.69,Nordics,Active Contract
INV-2025-04032,2025-03-17,Strategic Partner 15,Logistics & Freight,Road Transport,26192.3,North America,Active Contract
INV-2025-04033,2025-01-02,Strategic Partner 28,Direct Materials,Polymers,48599.8,Nordics,Active Contract
INV-2025-04034,2025-06-16,Vendor 026,Direct Materials,Polymers,1305.79,Nordics,Active Contract
INV-2025-04035,2025-04-26,Vendor 077,Direct Materials,Polymers,406.77,Central Europe,No Contract
INV-2025-04036,2025-09-11,Vendor 253,Professional Services,Legal,2389.47,Nordics,Active Contract
INV-2025-04037,2025-03-01,Strategic Partner 03,Direct Materials,Polymers,12890.17,Nordics,Active Contract
INV-2025-04038,2025-06-14,Vendor 085,Direct Materials,Electronic Components,9036.24,Nordics,No Contract
INV-2025-04039,2025-07-26,Vendor 266,Professional Services,Legal,2703.02,North America,Active Contract
INV-2025-04040,2025-03-23,Strategic Partner 09,Direct Materials,Raw Metals,4001.1,Central Europe,Active Contract
INV-2025-04041,2025-07-13,Strategic Partner 10,Direct Materials,Polymers,5704.53,Central Europe,Active Contract
INV-2025-04042,2025-05-20,Strategic Partner 12,Professional Services,Legal,76971.77,Central Europe,Active Contract
INV-2025-04043,2025-10-27,Vendor 210,Direct Materials,Polymers,3385.61,Central Europe,No Contract
INV-2025-04044,2025-05-13,Strategic Partner 23,Direct Materials,Polymers,3681.82,North America,Active Contract
INV-2025-04045,2025-11-08,Strategic Partner 19,Professional Services,Audit,5296.75,Nordics,No Contract
INV-2025-04046,2025-10-06,Vendor 211,Direct Materials,Electronic Components,9265.09,North America,No Contract
INV-2025-04047,2025-06-05,Strategic Partner 10,Direct Materials,Raw Metals,13465.04,Central Europe,Active Contract
INV-2025-04048,2025-08-13,Strategic Partner 02,Direct Materials,Raw Metals,22747.36,Central Europe,Active Contract
INV-2025-04049,2025-05-23,Strategic Partner 10,IT & Software,SaaS Subscriptions,16754.04,Nordics,Active Contract
INV-2025-04050,2025-04-22,Vendor 165,Logistics & Freight,Ocean Freight,2500.76,North America,No Contract
INV-2025-04051,2025-05-07,Vendor 260,IT & Software,Hardware,1935.74,Central Europe,No Contract
INV-2025-04052,2025-02-27,Vendor 068,Facilities & MRO,Office Supplies,1922.4,Central Europe,No Contract
INV-2025-04053,2025-10-01,Strategic Partner 03,Direct Materials,Raw Metals,13106.46,Nordics,Active Contract
INV-2025-04054,2025-09-06,Strategic Partner 19,Direct Materials,Electronic Components,121319.44,North America,No Contract
INV-2025-04055,2025-09-28,Strategic Partner 13,Direct Materials,Raw Metals,8758.8,North America,Active Contract
INV-2025-04056,2025-02-21,Strategic Partner 26,Direct Materials,Electronic Components,41487.51,Nordics,Active Contract
INV-2025-04057,2025-04-07,Strategic Partner 24,Facilities & MRO,Office Supplies,3028.83,APAC,Active Contract
INV-2025-04058,2025-05-08,Strategic Partner 26,Direct Materials,Electronic Components,4071.5,APAC,Active Contract
INV-2025-04059,2025-03-04,Strategic Partner 30,Professional Services,Management Consulting,29334.24,North America,Active Contract
INV-2025-04060,2025-10-31,Strategic Partner 18,Logistics & Freight,Ocean Freight,46713.15,Central Europe,Active Contract
INV-2025-04061,2025-06-13,Strategic Partner 23,Direct Materials,Raw Metals,25068.53,North America,Active Contract
INV-2025-04062,2025-08-20,Strategic Partner 23,Logistics & Freight,Road Transport,24293.36,Central Europe,Active Contract
INV-2025-04063,2025-10-23,Strategic Partner 17,IT & Software,SaaS Subscriptions,49041.82,Central Europe,Active Contract
INV-2025-04064,2025-12-25,Vendor 272,Logistics & Freight,Warehousing,2367.51,Nordics,No Contract
INV-2025-04065,2025-12-22,Strategic Partner 25,Direct Materials,Polymers,33222.55,Nordics,Active Contract
INV-2025-04066,2025-10-02,Strategic Partner 14,Logistics & Freight,Road Transport,3089.32,Nordics,Active Contract
INV-2025-04067,2025-08-10,Vendor 099,Direct Materials,Raw Metals,629.28,Central Europe,No Contract
INV-2025-04068,2025-03-06,Strategic Partner 06,IT & Software,Cloud Infrastructure,26450.13,Central Europe,Active Contract
INV-2025-04069,2025-09-23,Strategic Partner 04,Direct Materials,Raw Metals,13036.96,Nordics,Active Contract
INV-2025-04070,2025-06-13,Vendor 129,Logistics & Freight,Road Transport,1321.13,Central Europe,Active Contract
INV-2025-04071,2025-12-14,Strategic Partner 10,IT & Software,SaaS Subscriptions,40393.1,Central Europe,Active Contract
INV-2025-04072,2025-10-08,Strategic Partner 22,Direct Materials,Raw Metals,49946.43,Nordics,No Contract
INV-2025-04073,2025-10-29,Vendor 090,Direct Materials,Electronic Components,950.66,Nordics,Active Contract
INV-2025-04074,2025-11-15,Strategic Partner 28,Direct Materials,Raw Metals,33960.46,Central Europe,Active Contract
INV-2025-04075,2025-03-15,Strategic Partner 01,Direct Materials,Polymers,12892.6,APAC,Active Contract
INV-2025-04076,2025-11-19,Vendor 103,Direct Materials,Polymers,3121.09,APAC,No Contract
INV-2025-04077,2025-04-18,Strategic Partner 07,Direct Materials,Polymers,16561.86,Nordics,Active Contract
INV-2025-04078,2025-03-19,Vendor 174,Direct Materials,Electronic Components,1773.88,Central Europe,No Contract
INV-2025-04079,2025-05-05,Vendor 100,Facilities & MRO,Cleaning Services,312.59,North America,No Contract
INV-2025-04080,2025-01-14,Strategic Partner 29,IT & Software,SaaS Subscriptions,12454.38,Nordics,No Contract
INV-2025-04081,2025-05-17,Strategic Partner 13,Direct Materials,Electronic Components,27365.98,Nordics,Active Contract
INV-2025-04082,2025-01-30,Strategic Partner 28,Direct Materials,Electronic Components,14659.51,Central Europe,Active Contract
INV-2025-04083,2025-05-24,Vendor 050,Logistics & Freight,Ocean Freight,2624.56,North America,No Contract
INV-2025-04084,2025-02-06,Vendor 017,Logistics & Freight,Ocean Freight,535.61,Nordics,No Contract
INV-2025-04085,2025-08-25,Strategic Partner 02,Direct Materials,Electronic Components,8608.66,Nordics,Active Contract
INV-2025-04086,2025-06-11,Vendor 269,Direct Materials,Raw Metals,2107.22,Nordics,Active Contract
INV-2025-04087,2025-03-05,Strategic Partner 06,IT & Software,SaaS Subscriptions,35813.76,North America,Active Contract
INV-2025-04088,2025-01-10,Strategic Partner 15,Direct Materials,Electronic Components,16768.96,North America,Active Contract
INV-2025-04089,2025-03-13,Vendor 224,Facilities & MRO,Cleaning Services,1977.1,Central Europe,No Contract
INV-2025-04090,2025-11-26,Strategic Partner 21,Direct Materials,Raw Metals,15045.47,APAC,Active Contract
INV-2025-04091,2025-03-21,Vendor 103,Logistics & Freight,Ocean Freight,350.22,Central Europe,Active Contract
INV-2025-04092,2025-09-08,Strategic Partner 01,Professional Services,Audit,22978.49,Nordics,Active Contract
INV-2025-04093,2025-10-22,Vendor 189,IT & Software,SaaS Subscriptions,475.5,Nordics,No Contract
INV-2025-04094,2025-01-10,Vendor 152,Logistics & Freight,Warehousing,562.46,Nordics,No Contract
INV-2025-04095,2025-07-29,Vendor 002,Direct Materials,Polymers,206.71,Nordics,Active Contract
INV-2025-04096,2025-03-01,Strategic Partner 30,Direct Materials,Raw Metals,81390.24,Nordics,Active Contract
INV-2025-04097,2025-01-14,Strategic Partner 24,Logistics & Freight,Ocean Freight,13483.55,Central Europe,No Contract
INV-2025-04098,2025-08-28,Strategic Partner 23,Direct Materials,Electronic Components,31978.36,Nordics,Active Contract
INV-2025-04099,2025-02-27,Vendor 064,Logistics & Freight,Ocean Freight,5284.94,Central Europe,No Contract
INV-2025-04100,2025-08-27,Strategic Partner 22,Direct Materials,Raw Metals,6740.21,Nordics,Active Contract
INV-2025-04101,2025-01-07,Vendor 155,IT & Software,Cloud Infrastructure,2190.98,Nordics,Active Contract
INV-2025-04102,2025-11-18,Vendor 272,IT & Software,Hardware,1557.77,Central Europe,Active Contract
INV-2025-04103,2025-04-08,Strategic Partner 09,Professional Services,Audit,13893.23,North America,Active Contract
INV-2025-04104,2025-04-21,Vendor 030,IT & Software,Hardware,1011.33,Central Europe,No Contract
INV-2025-04105,2025-12-16,Strategic Partner 23,Direct Materials,Raw Metals,10573.29,Nordics,Active Contract
INV-2025-04106,2025-10-19,Strategic Partner 28,Professional Services,Management Consulting,7445.37,APAC,Active Contract
INV-2025-04107,2025-07-10,Vendor 095,Logistics & Freight,Ocean Freight,387.45,Nordics,No Contract
INV-2025-04108,2025-04-15,Vendor 262,Logistics & Freight,Ocean Freight,5915.51,Central Europe,No Contract
INV-2025-04109,2025-10-07,Vendor 239,Direct Materials,Electronic Components,268.69,Nordics,No Contract
INV-2025-04110,2025-05-11,Strategic Partner 15,Facilities & MRO,Office Supplies,26874.22,Central Europe,Active Contract
INV-2025-04111,2025-08-07,Vendor 198,IT & Software,Cloud Infrastructure,1466.17,North America,No Contract
INV-2025-04112,2025-07-02,Vendor 222,Logistics & Freight,Ocean Freight,2658.4,Central Europe,Active Contract
INV-2025-04113,2025-06-26,Strategic Partner 13,IT & Software,SaaS Subscriptions,6875.18,APAC,Active Contract
INV-2025-04114,2025-07-20,Strategic Partner 06,Direct Materials,Polymers,10576.69,Central Europe,Active Contract
INV-2025-04115,2025-05-25,Strategic Partner 07,Direct Materials,Electronic Components,34632.37,Central Europe,No Contract
INV-2025-04116,2025-06-15,Vendor 212,Professional Services,Legal,1640.67,North America,No Contract
INV-2025-04117,2025-06-06,Strategic Partner 20,Logistics & Freight,Warehousing,31244.11,APAC,Active Contract
INV-2025-04118,2025-05-10,Strategic Partner 13,Facilities & MRO,Maintenance,7531.57,Nordics,Active Contract
INV-2025-04119,2025-12-26,Strategic Partner 02,Professional Services,Audit,36178.47,Nordics,Active Contract
INV-2025-04120,2025-05-02,Strategic Partner 09,Direct Materials,Electronic Components,18937.09,North America,Active Contract
INV-2025-04121,2025-06-04,Vendor 126,Direct Materials,Raw Metals,2536.42,Nordics,No Contract
INV-2025-04122,2025-06-30,Strategic Partner 10,Direct Materials,Raw Metals,97280.07,Central Europe,Active Contract
INV-2025-04123,2025-05-13,Vendor 079,Direct Materials,Raw Metals,7390.03,Nordics,No Contract
INV-2025-04124,2025-09-19,Strategic Partner 29,Direct Materials,Electronic Components,35039.28,North America,Active Contract
INV-2025-04125,2025-01-31,Strategic Partner 26,IT & Software,SaaS Subscriptions,11712.59,Central Europe,Active Contract
INV-2025-04126,2025-12-30,Strategic Partner 16,Professional Services,Legal,11035.31,Nordics,Active Contract
INV-2025-04127,2025-06-20,Vendor 059,Direct Materials,Polymers,2133.34,Central Europe,No Contract
INV-2025-04128,2025-05-26,Strategic Partner 29,Direct Materials,Electronic Components,109634.51,Nordics,No Contract
INV-2025-04129,2025-09-12,Strategic Partner 18,Direct Materials,Raw Metals,34570.95,Central Europe,Active Contract
INV-2025-04130,2025-12-13,Strategic Partner 24,IT & Software,Hardware,57957.29,Nordics,Active Contract
INV-2025-04131,2025-08-08,Strategic Partner 18,Direct Materials,Electronic Components,48575.04,Nordics,Active Contract
INV-2025-04132,2025-03-05,Strategic Partner 12,Logistics & Freight,Ocean Freight,16335.27,North America,No Contract
INV-2025-04133,2025-08-14,Strategic Partner 18,Direct Materials,Raw Metals,23452.26,North America,Active Contract
INV-2025-04134,2025-08-26,Strategic Partner 25,Direct Materials,Polymers,13453.12,Central Europe,Active Contract
INV-2025-04135,2025-09-07,Strategic Partner 05,Logistics & Freight,Warehousing,5563.44,Central Europe,Active Contract
INV-2025-04136,2025-08-31,Strategic Partner 04,Logistics & Freight,Ocean Freight,4382.56,Nordics,Active Contract
INV-2025-04137,2025-02-23,Strategic Partner 19,IT & Software,Cloud Infrastructure,33112.83,North America,Active Contract
INV-2025-04138,2025-01-07,Strategic Partner 06,Logistics & Freight,Warehousing,38622.85,Central Europe,Active Contract
INV-2025-04139,2025-07-16,Strategic Partner 23,Direct Materials,Raw Metals,5033.8,Central Europe,Active Contract
INV-2025-04140,2025-10-16,Strategic Partner 25,Direct Materials,Raw Metals,8878.17,Nordics,Active Contract
INV-2025-04141,2025-01-26,Strategic Partner 10,Direct Materials,Polymers,15248.92,APAC,Active Contract
INV-2025-04142,2025-09-02,Strategic Partner 04,Facilities & MRO,Maintenance,10208.94,North America,Active Contract
INV-2025-04143,2025-08-30,Strategic Partner 03,Facilities & MRO,Office Supplies,92121.52,Nordics,Active Contract
INV-2025-04144,2025-12-29,Strategic Partner 16,IT & Software,SaaS Subscriptions,94303.2,North America,Active Contract
INV-2025-04145,2025-11-23,Strategic Partner 05,Professional Services,Audit,9436.46,Central Europe,No Contract
INV-2025-04146,2025-01-18,Strategic Partner 24,Direct Materials,Raw Metals,4387.88,North America,No Contract
INV-2025-04147,2025-10-21,Strategic Partner 28,Direct Materials,Raw Metals,35430.52,Nordics,Active Contract
INV-2025-04148,2025-09-21,Strategic Partner 11,Logistics & Freight,Warehousing,52286.07,Central Europe,Active Contract
INV-2025-04149,2025-10-12,Vendor 210,Facilities & MRO,Cleaning Services,2420.72,Central Europe,Active Contract
INV-2025-04150,2025-07-22,Strategic Partner 24,Direct Materials,Raw Metals,31748.62,North America,Active Contract
INV-2025-04151,2025-03-15,Strategic Partner 13,Logistics & Freight,Ocean Freight,17869.11,Nordics,Active Contract
INV-2025-04152,2025-11-24,Strategic Partner 12,Logistics & Freight,Road Transport,30355.45,Nordics,Active Contract
INV-2025-04153,2025-03-18,Strategic Partner 23,Logistics & Freight,Warehousing,12653.62,North America,Active Contract
INV-2025-04154,2025-06-09,Vendor 226,Direct Materials,Electronic Components,1321.43,Central Europe,No Contract
INV-2025-04155,2025-01-06,Strategic Partner 05,Direct Materials,Raw Metals,16182.88,Nordics,No Contract
INV-2025-04156,2025-07-18,Strategic Partner 11,Direct Materials,Raw Metals,70189.3,North America,Active Contract
INV-2025-04157,2025-01-17,Strategic Partner 20,Professional Services,Audit,46507.18,APAC,Active Contract
INV-2025-04158,2025-01-18,Strategic Partner 12,Professional Services,Legal,26352.45,Central Europe,Active Contract
INV-2025-04159,2025-01-14,Strategic Partner 21,Direct Materials,Polymers,31011.23,Nordics,Active Contract
INV-2025-04160,2025-11-17,Strategic Partner 04,Direct Materials,Raw Metals,33026.88,Central Europe,Active Contract
INV-2025-04161,2025-12-01,Vendor 166,IT & Software,Cloud Infrastructure,951.25,Nordics,No Contract
INV-2025-04162,2025-10-07,Strategic Partner 09,Direct Materials,Polymers,50768.33,Nordics,No Contract
INV-2025-04163,2025-11-28,Strategic Partner 16,Professional Services,Legal,12130.74,North America,Active Contract
INV-2025-04164,2025-07-30,Vendor 184,IT & Software,Hardware,1261.14,Central Europe,No Contract
INV-2025-04165,2025-12-03,Strategic Partner 10,Logistics & Freight,Warehousing,20162.54,Nordics,Active Contract
INV-2025-04166,2025-03-31,Vendor 060,Facilities & MRO,Cleaning Services,3171.19,Central Europe,No Contract
INV-2025-04167,2025-07-27,Vendor 257,Direct Materials,Polymers,996.95,Nordics,No Contract
INV-2025-04168,2025-01-30,Strategic Partner 29,Professional Services,Legal,49234.33,Central Europe,Active Contract
INV-2025-04169,2025-08-16,Strategic Partner 20,Direct Materials,Raw Metals,17578.12,North America,Active Contract
INV-2025-04170,2025-08-10,Strategic Partner 01,Logistics & Freight,Ocean Freight,15974.2,North America,Active Contract
INV-2025-04171,2025-08-03,Strategic Partner 16,Professional Services,Audit,33654.61,Nordics,Active Contract
INV-2025-04172,2025-12-08,Vendor 071,Logistics & Freight,Road Transport,1015.29,North America,No Contract
INV-2025-04173,2025-01-19,Strategic Partner 10,Logistics & Freight,Road Transport,8484.93,Nordics,Active Contract
INV-2025-04174,2025-04-23,Strategic Partner 09,Direct Materials,Raw Metals,4445.13,Nordics,Active Contract
INV-2025-04175,2025-06-01,Strategic Partner 04,IT & Software,Cloud Infrastructure,16298.07,Nordics,Active Contract
INV-2025-04176,2025-11-25,Strategic Partner 07,Direct Materials,Polymers,81663.11,Nordics,Active Contract
INV-2025-04177,2025-05-29,Strategic Partner 23,IT & Software,Cloud Infrastructure,20485.44,Central Europe,Active Contract
INV-2025-04178,2025-10-27,Strategic Partner 02,IT & Software,Hardware,12498.85,North America,Active Contract
INV-2025-04179,2025-05-01,Strategic Partner 19,Direct Materials,Raw Metals,86720.3,APAC,No Contract
INV-2025-04180,2025-11-25,Vendor 041,Logistics & Freight,Ocean Freight,832.04,Nordics,Active Contract
INV-2025-04181,2025-02-23,Vendor 189,Facilities & MRO,Maintenance,4778.16,Nordics,No Contract
INV-2025-04182,2025-09-01,Strategic Partner 14,Logistics & Freight,Warehousing,25793.06,Nordics,Active Contract
INV-2025-04183,2025-11-02,Strategic Partner 23,IT & Software,SaaS Subscriptions,52703.13,Central Europe,Active Contract
INV-2025-04184,2025-06-07,Vendor 153,Direct Materials,Polymers,2186.35,Nordics,No Contract
INV-2025-04185,2025-12-09,Vendor 224,Direct Materials,Electronic Components,1488.43,North America,No Contract
INV-2025-04186,2025-10-01,Strategic Partner 29,Logistics & Freight,Ocean Freight,19966.1,North America,Active Contract
INV-2025-04187,2025-09-30,Strategic Partner 01,Direct Materials,Electronic Components,29152.14,North America,Active Contract
INV-2025-04188,2025-05-30,Strategic Partner 24,Logistics & Freight,Road Transport,3520.71,North America,Active Contract
INV-2025-04189,2025-01-07,Strategic Partner 24,Logistics & Freight,Ocean Freight,29983.41,North America,No Contract
INV-2025-04190,2025-06-02,Vendor 111,Facilities & MRO,Cleaning Services,788.21,Nordics,No Contract
INV-2025-04191,2025-07-01,Strategic Partner 21,IT & Software,SaaS Subscriptions,101117.14,Nordics,No Contract
INV-2025-04192,2025-11-20,Vendor 220,Professional Services,Legal,379.83,Nordics,Active Contract
INV-2025-04193,2025-06-24,Vendor 026,Logistics & Freight,Ocean Freight,2942.9,Nordics,No Contract
INV-2025-04194,2025-12-28,Vendor 191,Facilities & MRO,Cleaning Services,982.38,Nordics,No Contract
INV-2025-04195,2025-08-25,Strategic Partner 05,Direct Materials,Electronic Components,37127.83,North America,Active Contract
INV-2025-04196,2025-01-18,Strategic Partner 08,Direct Materials,Raw Metals,9489.32,Central Europe,Active Contract
INV-2025-04197,2025-10-24,Strategic Partner 13,Facilities & MRO,Maintenance,3144.49,North America,Active Contract
INV-2025-04198,2025-08-17,Strategic Partner 23,Logistics & Freight,Warehousing,70530.0,Central Europe,Active Contract
INV-2025-04199,2025-09-30,Vendor 267,IT & Software,Hardware,3985.11,Nordics,No Contract
INV-2025-04200,2025-11-08,Strategic Partner 14,Direct Materials,Electronic Components,83000.07,North America,Active Contract
INV-2025-04201,2025-10-12,Strategic Partner 16,Direct Materials,Electronic Components,18078.15,Central Europe,Active Contract
INV-2025-04202,2025-12-02,Vendor 162,Logistics & Freight,Road Transport,1406.5,Nordics,No Contract
INV-2025-04203,2025-02-13,Strategic Partner 29,Professional Services,Audit,9684.44,Nordics,Active Contract
INV-2025-04204,2025-04-21,Strategic Partner 26,Logistics & Freight,Warehousing,3544.2,Central Europe,Active Contract
INV-2025-04205,2025-02-18,Strategic Partner 07,Facilities & MRO,Maintenance,29577.82,North America,No Contract
INV-2025-04206,2025-06-03,Strategic Partner 14,Direct Materials,Electronic Components,7768.92,Nordics,Active Contract
INV-2025-04207,2025-11-24,Vendor 077,IT & Software,Hardware,3836.29,Central Europe,Active Contract
INV-2025-04208,2025-12-25,Strategic Partner 16,Logistics & Freight,Ocean Freight,7572.45,North America,Active Contract
INV-2025-04209,2025-11-03,Strategic Partner 14,IT & Software,Hardware,7627.67,Nordics,Active Contract
INV-2025-04210,2025-08-30,Strategic Partner 02,IT & Software,SaaS Subscriptions,20977.78,Nordics,Active Contract
INV-2025-04211,2025-12-08,Strategic Partner 20,IT & Software,Cloud Infrastructure,48590.33,Central Europe,Active Contract
INV-2025-04212,2025-04-28,Strategic Partner 16,IT & Software,Hardware,19689.6,Nordics,Active Contract
INV-2025-04213,2025-09-10,Strategic Partner 15,Facilities & MRO,Office Supplies,24663.37,Central Europe,Active Contract
INV-2025-04214,2025-03-25,Strategic Partner 06,Direct Materials,Polymers,35754.02,Central Europe,Active Contract
INV-2025-04215,2025-04-20,Strategic Partner 19,Professional Services,Management Consulting,6560.37,North America,Active Contract
INV-2025-04216,2025-08-28,Strategic Partner 01,Professional Services,Legal,56082.62,Nordics,Active Contract
INV-2025-04217,2025-08-26,Strategic Partner 05,Direct Materials,Polymers,25710.34,North America,Active Contract
INV-2025-04218,2025-11-15,Strategic Partner 24,Direct Materials,Raw Metals,101176.3,Nordics,Active Contract
INV-2025-04219,2025-09-03,Strategic Partner 23,Direct Materials,Raw Metals,16246.26,North America,Active Contract
INV-2025-04220,2025-05-02,Strategic Partner 02,Direct Materials,Raw Metals,59780.1,North America,Active Contract
INV-2025-04221,2025-10-28,Vendor 219,Direct Materials,Raw Metals,1921.3,Nordics,No Contract
INV-2025-04222,2025-02-08,Strategic Partner 04,Direct Materials,Polymers,46173.37,Nordics,Active Contract
INV-2025-04223,2025-08-01,Strategic Partner 12,Direct Materials,Raw Metals,23465.97,North America,Active Contract
INV-2025-04224,2025-08-13,Strategic Partner 23,Facilities & MRO,Office Supplies,6261.15,Central Europe,Active Contract
INV-2025-04225,2025-09-04,Vendor 078,Direct Materials,Polymers,2864.22,Central Europe,No Contract
INV-2025-04226,2025-04-06,Strategic Partner 04,Facilities & MRO,Office Supplies,99797.04,Nordics,Active Contract
INV-2025-04227,2025-10-10,Strategic Partner 21,Direct Materials,Raw Metals,15243.45,North America,Active Contract
INV-2025-04228,2025-12-22,Strategic Partner 22,Logistics & Freight,Ocean Freight,3192.34,North America,Active Contract
INV-2025-04229,2025-04-21,Strategic Partner 26,Direct Materials,Polymers,38944.01,Central Europe,Active Contract
INV-2025-04230,2025-03-30,Strategic Partner 06,Professional Services,Audit,37583.28,North America,Active Contract
INV-2025-04231,2025-01-02,Vendor 194,Logistics & Freight,Road Transport,1416.83,Central Europe,No Contract
INV-2025-04232,2025-11-25,Vendor 021,Direct Materials,Raw Metals,2272.81,Nordics,Active Contract
INV-2025-04233,2025-03-03,Strategic Partner 24,Logistics & Freight,Warehousing,41894.06,North America,Active Contract
INV-2025-04234,2025-05-17,Vendor 127,IT & Software,Hardware,997.39,Central Europe,Active Contract
INV-2025-04235,2025-05-28,Strategic Partner 21,IT & Software,SaaS Subscriptions,12391.65,Nordics,Active Contract
INV-2025-04236,2025-03-02,Strategic Partner 29,Facilities & MRO,Cleaning Services,4198.05,APAC,Active Contract
INV-2025-04237,2025-09-12,Strategic Partner 28,Direct Materials,Electronic Components,5970.38,Nordics,Active Contract
INV-2025-04238,2025-07-23,Strategic Partner 01,Direct Materials,Polymers,4407.66,North America,Active Contract
INV-2025-04239,2025-04-20,Strategic Partner 19,Facilities & MRO,Office Supplies,47342.44,APAC,Active Contract
INV-2025-04240,2025-07-30,Strategic Partner 25,Direct Materials,Polymers,7125.94,Nordics,Active Contract
INV-2025-04241,2025-04-14,Strategic Partner 26,Direct Materials,Polymers,38029.71,Nordics,Active Contract
INV-2025-04242,2025-12-15,Vendor 208,Logistics & Freight,Road Transport,2884.73,North America,Active Contract
INV-2025-04243,2025-06-26,Strategic Partner 02,Direct Materials,Electronic Components,27214.74,Central Europe,Active Contract
INV-2025-04244,2025-07-04,Strategic Partner 24,Logistics & Freight,Ocean Freight,20823.96,Central Europe,Active Contract
INV-2025-04245,2025-09-28,Vendor 148,Professional Services,Legal,2418.66,Nordics,No Contract
INV-2025-04246,2025-09-22,Strategic Partner 30,Professional Services,Legal,7615.06,North America,Active Contract
INV-2025-04247,2025-06-18,Strategic Partner 30,Logistics & Freight,Road Transport,3403.16,Nordics,Active Contract
INV-2025-04248,2025-04-29,Strategic Partner 03,Direct Materials,Electronic Components,28037.69,APAC,Active Contract
INV-2025-04249,2025-12-02,Strategic Partner 06,Logistics & Freight,Warehousing,31944.37,Central Europe,Active Contract
INV-2025-04250,2025-05-10,Strategic Partner 06,Professional Services,Audit,9012.11,Central Europe,Active Contract
INV-2025-04251,2025-01-27,Strategic Partner 25,Direct Materials,Electronic Components,122836.61,Nordics,Active Contract
INV-2025-04252,2025-09-26,Strategic Partner 14,Direct Materials,Raw Metals,32074.03,North America,Active Contract
INV-2025-04253,2025-04-13,Vendor 039,Facilities & MRO,Cleaning Services,440.4,Central Europe,Active Contract
INV-2025-04254,2025-11-18,Strategic Partner 21,IT & Software,SaaS Subscriptions,31350.05,Central Europe,Active Contract
INV-2025-04255,2025-04-01,Vendor 053,Logistics & Freight,Ocean Freight,251.8,Central Europe,No Contract
INV-2025-04256,2025-11-06,Strategic Partner 20,Direct Materials,Polymers,38058.91,Central Europe,Active Contract
INV-2025-04257,2025-10-31,Vendor 011,Professional Services,Legal,3502.95,Central Europe,No Contract
INV-2025-04258,2025-04-16,Strategic Partner 03,Facilities & MRO,Office Supplies,75222.93,Nordics,Active Contract
INV-2025-04259,2025-09-04,Strategic Partner 05,Direct Materials,Raw Metals,52212.26,Nordics,Active Contract
INV-2025-04260,2025-08-06,Strategic Partner 23,Direct Materials,Raw Metals,12423.32,Nordics,Active Contract
INV-2025-04261,2025-03-30,Strategic Partner 28,Direct Materials,Electronic Components,30242.47,Nordics,Active Contract
INV-2025-04262,2025-02-15,Strategic Partner 20,Direct Materials,Raw Metals,15043.44,Central Europe,Active Contract
INV-2025-04263,2025-06-12,Vendor 171,Facilities & MRO,Maintenance,1677.09,Nordics,No Contract
INV-2025-04264,2025-04-01,Strategic Partner 26,Direct Materials,Raw Metals,57861.91,Nordics,Active Contract
INV-2025-04265,2025-07-07,Strategic Partner 03,Direct Materials,Electronic Components,33896.98,Nordics,Active Contract
INV-2025-04266,2025-09-29,Strategic Partner 21,Direct Materials,Polymers,6381.81,Central Europe,Active Contract
INV-2025-04267,2025-08-02,Vendor 221,Direct Materials,Raw Metals,3719.99,APAC,Active Contract
INV-2025-04268,2025-03-27,Strategic Partner 29,Direct Materials,Electronic Components,14119.57,Nordics,Active Contract
INV-2025-04269,2025-04-07,Vendor 288,IT & Software,SaaS Subscriptions,3030.15,North America,No Contract
INV-2025-04270,2025-03-26,Vendor 121,Direct Materials,Polymers,1191.3,Nordics,No Contract
INV-2025-04271,2025-05-16,Vendor 177,Facilities & MRO,Maintenance,845.82,Central Europe,No Contract
INV-2025-04272,2025-07-31,Strategic Partner 10,Direct Materials,Polymers,15518.27,APAC,Active Contract
INV-2025-04273,2025-01-03,Strategic Partner 15,Direct Materials,Electronic Components,17674.47,Nordics,Active Contract
INV-2025-04274,2025-02-25,Strategic Partner 05,Direct Materials,Raw Metals,18367.53,Central Europe,Active Contract
INV-2025-04275,2025-07-09,Strategic Partner 19,Direct Materials,Electronic Components,36926.28,Nordics,Active Contract
INV-2025-04276,2025-01-01,Strategic Partner 18,Direct Materials,Polymers,78796.77,North America,Active Contract
INV-2025-04277,2025-09-10,Strategic Partner 13,IT & Software,SaaS Subscriptions,3852.22,Nordics,Active Contract
INV-2025-04278,2025-11-26,Strategic Partner 08,Direct Materials,Polymers,62508.8,Nordics,Active Contract
INV-2025-04279,2025-11-13,Vendor 024,Direct Materials,Raw Metals,1119.79,Nordics,Active Contract
INV-2025-04280,2025-03-08,Strategic Partner 25,Professional Services,Management Consulting,9069.48,Central Europe,Active Contract
INV-2025-04281,2025-10-12,Vendor 200,Logistics & Freight,Warehousing,279.45,North America,No Contract
INV-2025-04282,2025-05-25,Strategic Partner 22,Facilities & MRO,Cleaning Services,4938.5,Nordics,Active Contract
INV-2025-04283,2025-01-18,Strategic Partner 30,Direct Materials,Electronic Components,27779.91,APAC,Active Contract
INV-2025-04284,2025-11-23,Strategic Partner 15,Direct Materials,Electronic Components,27764.63,North America,Active Contract
INV-2025-04285,2025-08-07,Strategic Partner 05,IT & Software,SaaS Subscriptions,23075.24,Nordics,No Contract
INV-2025-04286,2025-06-26,Strategic Partner 13,Direct Materials,Electronic Components,75042.61,North America,Active Contract
INV-2025-04287,2025-04-01,Strategic Partner 04,Logistics & Freight,Ocean Freight,46655.0,Central Europe,Active Contract
INV-2025-04288,2025-08-15,Vendor 297,Direct Materials,Polymers,560.91,Central Europe,Active Contract
INV-2025-04289,2025-06-16,Strategic Partner 09,Direct Materials,Polymers,31818.05,Nordics,Active Contract
INV-2025-04290,2025-10-15,Strategic Partner 16,Direct Materials,Electronic Components,4798.05,Nordics,Active Contract
INV-2025-04291,2025-04-09,Vendor 190,Direct Materials,Electronic Components,1184.6,Nordics,No Contract
INV-2025-04292,2025-07-27,Strategic Partner 04,Direct Materials,Electronic Components,43240.99,Nordics,No Contract
INV-2025-04293,2025-12-31,Strategic Partner 24,Direct Materials,Raw Metals,31364.17,Central Europe,Active Contract
INV-2025-04294,2025-04-30,Vendor 115,Logistics & Freight,Road Transport,231.27,Central Europe,No Contract
INV-2025-04295,2025-08-03,Strategic Partner 07,Direct Materials,Electronic Components,32559.14,North America,Active Contract
INV-2025-04296,2025-11-22,Strategic Partner 16,Professional Services,Audit,24994.54,Nordics,Active Contract
INV-2025-04297,2025-03-07,Strategic Partner 15,Logistics & Freight,Road Transport,29422.17,Central Europe,Active Contract
INV-2025-04298,2025-11-05,Strategic Partner 16,Direct Materials,Electronic Components,20546.37,Nordics,Active Contract
INV-2025-04299,2025-05-04,Vendor 098,Direct Materials,Raw Metals,11216.76,Central Europe,No Contract
INV-2025-04300,2025-06-21,Vendor 290,Direct Materials,Electronic Components,273.17,North America,No Contract
INV-2025-04301,2025-11-08,Strategic Partner 21,Logistics & Freight,Warehousing,19354.97,Nordics,Active Contract
INV-2025-04302,2025-09-08,Strategic Partner 14,Logistics & Freight,Ocean Freight,26027.41,Nordics,Active Contract
INV-2025-04303,2025-02-06,Strategic Partner 28,IT & Software,Cloud Infrastructure,15483.87,Central Europe,Active Contract
INV-2025-04304,2025-04-18,Strategic Partner 04,Logistics & Freight,Ocean Freight,5321.29,Nordics,Active Contract
INV-2025-04305,2025-08-10,Vendor 100,Professional Services,Audit,265.0,Nordics,Active Contract
INV-2025-04306,2025-07-16,Strategic Partner 26,Professional Services,Management Consulting,37279.62,APAC,Active Contract
INV-2025-04307,2025-01-05,Strategic Partner 05,Logistics & Freight,Ocean Freight,34756.39,Nordics,Active Contract
INV-2025-04308,2025-12-12,Vendor 268,IT & Software,SaaS Subscriptions,898.12,North America,No Contract
INV-2025-04309,2025-05-12,Vendor 198,Professional Services,Legal,1757.26,North America,No Contract
INV-2025-04310,2025-10-01,Strategic Partner 18,Logistics & Freight,Ocean Freight,24294.53,APAC,Active Contract
INV-2025-04311,2025-07-17,Vendor 066,Direct Materials,Electronic Components,7240.01,North America,No Contract
INV-2025-04312,2025-05-21,Strategic Partner 19,Logistics & Freight,Warehousing,23662.3,Central Europe,Active Contract
INV-2025-04313,2025-08-27,Strategic Partner 27,Logistics & Freight,Warehousing,5180.12,North America,Active Contract
INV-2025-04314,2025-03-30,Strategic Partner 13,Direct Materials,Electronic Components,27977.93,Nordics,Active Contract
INV-2025-04315,2025-08-29,Strategic Partner 13,Facilities & MRO,Office Supplies,13742.68,North America,Active Contract
INV-2025-04316,2025-02-25,Strategic Partner 24,Professional Services,Audit,4004.32,North America,Active Contract
INV-2025-04317,2025-12-16,Vendor 206,Professional Services,Legal,1477.31,Central Europe,Active Contract
INV-2025-04318,2025-05-08,Strategic Partner 20,IT & Software,Cloud Infrastructure,26998.26,Nordics,Active Contract
INV-2025-04319,2025-01-10,Strategic Partner 23,Logistics & Freight,Warehousing,50417.89,Nordics,Active Contract
INV-2025-04320,2025-10-01,Strategic Partner 24,Professional Services,Audit,20689.3,North America,Active Contract
INV-2025-04321,2025-05-01,Strategic Partner 07,Direct Materials,Raw Metals,19469.44,Nordics,Active Contract
INV-2025-04322,2025-10-22,Vendor 195,Professional Services,Legal,1002.74,APAC,No Contract
INV-2025-04323,2025-10-10,Strategic Partner 06,Logistics & Freight,Warehousing,15221.27,Central Europe,Active Contract
INV-2025-04324,2025-01-19,Vendor 059,Logistics & Freight,Warehousing,522.54,Nordics,No Contract
INV-2025-04325,2025-06-27,Strategic Partner 24,IT & Software,SaaS Subscriptions,9670.55,Nordics,Active Contract
INV-2025-04326,2025-05-15,Strategic Partner 19,Logistics & Freight,Warehousing,25772.48,Nordics,Active Contract
INV-2025-04327,2025-10-05,Strategic Partner 22,Logistics & Freight,Warehousing,31509.09,Nordics,Active Contract
INV-2025-04328,2025-08-17,Strategic Partner 04,Logistics & Freight,Road Transport,14780.87,North America,Active Contract
INV-2025-04329,2025-07-20,Vendor 063,Direct Materials,Electronic Components,4417.83,Central Europe,No Contract
INV-2025-04330,2025-04-09,Strategic Partner 25,Direct Materials,Electronic Components,14288.94,North America,Active Contract
INV-2025-04331,2025-05-20,Strategic Partner 30,Direct Materials,Electronic Components,27401.93,Nordics,Active Contract
INV-2025-04332,2025-10-27,Strategic Partner 22,Direct Materials,Electronic Components,43580.85,Central Europe,Active Contract
INV-2025-04333,2025-07-01,Strategic Partner 26,Facilities & MRO,Maintenance,10717.03,Nordics,Active Contract
INV-2025-04334,2025-02-13,Strategic Partner 21,Logistics & Freight,Ocean Freight,84139.6,APAC,No Contract
INV-2025-04335,2025-11-08,Vendor 208,Direct Materials,Electronic Components,9245.4,North America,No Contract
INV-2025-04336,2025-10-05,Strategic Partner 11,Logistics & Freight,Warehousing,20863.12,Central Europe,No Contract
INV-2025-04337,2025-07-17,Strategic Partner 26,Direct Materials,Raw Metals,32485.26,Central Europe,Active Contract
INV-2025-04338,2025-11-17,Strategic Partner 10,IT & Software,Cloud Infrastructure,5817.76,Central Europe,Active Contract
INV-2025-04339,2025-09-13,Strategic Partner 27,Direct Materials,Electronic Components,14829.77,Nordics,Active Contract
INV-2025-04340,2025-11-20,Vendor 148,Professional Services,Legal,3563.49,North America,No Contract
INV-2025-04341,2025-10-17,Vendor 045,Professional Services,Legal,4045.64,Central Europe,Active Contract
INV-2025-04342,2025-08-13,Strategic Partner 17,Logistics & Freight,Road Transport,14039.25,APAC,No Contract
INV-2025-04343,2025-05-18,Strategic Partner 16,Direct Materials,Raw Metals,28923.67,North America,Active Contract
INV-2025-04344,2025-06-07,Vendor 158,Logistics & Freight,Ocean Freight,2674.19,Central Europe,No Contract
INV-2025-04345,2025-02-24,Strategic Partner 21,Facilities & MRO,Maintenance,5212.97,North America,Active Contract
INV-2025-04346,2025-12-04,Strategic Partner 21,Direct Materials,Polymers,3779.49,Central Europe,Active Contract
INV-2025-04347,2025-03-09,Vendor 032,Direct Materials,Raw Metals,5610.4,Central Europe,No Contract
INV-2025-04348,2025-09-16,Vendor 210,IT & Software,Hardware,4676.48,Central Europe,No Contract
INV-2025-04349,2025-02-10,Strategic Partner 21,IT & Software,Cloud Infrastructure,3731.48,Central Europe,Active Contract
INV-2025-04350,2025-06-26,Strategic Partner 05,Facilities & MRO,Office Supplies,27432.02,North America,Active Contract
INV-2025-04351,2025-07-25,Strategic Partner 28,Facilities & MRO,Office Supplies,38585.82,Nordics,Active Contract
INV-2025-04352,2025-09-21,Strategic Partner 30,Direct Materials,Polymers,102652.61,North America,Active Contract
INV-2025-04353,2025-03-27,Vendor 275,Direct Materials,Polymers,594.26,Central Europe,No Contract
INV-2025-04354,2025-08-08,Vendor 118,Direct Materials,Raw Metals,671.45,North America,No Contract
INV-2025-04355,2025-11-25,Strategic Partner 20,Professional Services,Audit,19024.48,Central Europe,Active Contract
INV-2025-04356,2025-06-03,Strategic Partner 28,IT & Software,SaaS Subscriptions,25494.62,Central Europe,No Contract
INV-2025-04357,2025-05-14,Strategic Partner 04,Professional Services,Audit,31233.09,APAC,Active Contract
INV-2025-04358,2025-10-23,Vendor 099,Direct Materials,Polymers,1192.51,APAC,No Contract
INV-2025-04359,2025-09-30,Strategic Partner 29,Professional Services,Management Consulting,10587.5,Nordics,Active Contract
INV-2025-04360,2025-04-27,Strategic Partner 05,Direct Materials,Electronic Components,35585.05,Nordics,Active Contract
INV-2025-04361,2025-12-06,Strategic Partner 17,Direct Materials,Electronic Components,13654.11,Nordics,Active Contract
INV-2025-04362,2025-10-18,Strategic Partner 25,Facilities & MRO,Maintenance,33683.77,Central Europe,Active Contract
INV-2025-04363,2025-04-29,Strategic Partner 07,Direct Materials,Raw Metals,58752.44,Nordics,Active Contract
INV-2025-04364,2025-04-03,Strategic Partner 24,Direct Materials,Raw Metals,19595.23,Nordics,Active Contract
INV-2025-04365,2025-05-22,Vendor 039,Direct Materials,Polymers,1148.65,Nordics,No Contract
INV-2025-04366,2025-11-12,Vendor 078,IT & Software,Cloud Infrastructure,1683.6,Nordics,No Contract
INV-2025-04367,2025-06-26,Vendor 187,Logistics & Freight,Ocean Freight,3967.65,Central Europe,No Contract
INV-2025-04368,2025-11-15,Vendor 213,IT & Software,Hardware,1042.33,Nordics,No Contract
INV-2025-04369,2025-02-15,Vendor 068,Logistics & Freight,Ocean Freight,3296.41,APAC,No Contract
INV-2025-04370,2025-07-19,Vendor 145,Direct Materials,Polymers,4362.58,Central Europe,Active Contract
INV-2025-04371,2025-08-11,Strategic Partner 14,Direct Materials,Polymers,19410.43,Central Europe,No Contract
INV-2025-04372,2025-04-18,Strategic Partner 20,Professional Services,Audit,22776.15,North America,Active Contract
INV-2025-04373,2025-05-05,Vendor 091,Professional Services,Legal,1562.03,Central Europe,No Contract
INV-2025-04374,2025-09-17,Strategic Partner 21,Professional Services,Management Consulting,47968.21,Nordics,Active Contract
INV-2025-04375,2025-09-15,Strategic Partner 18,Direct Materials,Electronic Components,49417.9,Nordics,Active Contract
INV-2025-04376,2025-07-07,Vendor 194,Logistics & Freight,Warehousing,5531.88,Central Europe,Active Contract
INV-2025-04377,2025-01-20,Strategic Partner 12,Logistics & Freight,Warehousing,17688.24,Central Europe,Active Contract
INV-2025-04378,2025-10-09,Strategic Partner 08,Logistics & Freight,Warehousing,7091.07,Nordics,Active Contract
INV-2025-04379,2025-12-03,Strategic Partner 22,IT & Software,Hardware,29002.33,APAC,Active Contract
INV-2025-04380,2025-03-15,Strategic Partner 22,Direct Materials,Electronic Components,24273.06,North America,Active Contract
INV-2025-04381,2025-09-15,Strategic Partner 29,Direct Materials,Polymers,33106.52,Nordics,Active Contract
INV-2025-04382,2025-06-07,Vendor 073,Direct Materials,Raw Metals,1693.42,Nordics,No Contract
INV-2025-04383,2025-03-30,Vendor 201,Direct Materials,Electronic Components,221.44,Nordics,No Contract
INV-2025-04384,2025-06-09,Strategic Partner 26,Direct Materials,Raw Metals,100854.3,APAC,Active Contract
INV-2025-04385,2025-06-16,Strategic Partner 02,Direct Materials,Electronic Components,71674.53,North America,No Contract
INV-2025-04386,2025-07-07,Vendor 094,Direct Materials,Electronic Components,2003.0,North America,Active Contract
INV-2025-04387,2025-06-09,Strategic Partner 12,Direct Materials,Polymers,50314.71,Nordics,Active Contract
INV-2025-04388,2025-05-18,Strategic Partner 08,Direct Materials,Polymers,23271.11,APAC,Active Contract
INV-2025-04389,2025-10-31,Strategic Partner 06,Facilities & MRO,Office Supplies,45633.21,Central Europe,Active Contract
INV-2025-04390,2025-02-01,Strategic Partner 20,Logistics & Freight,Ocean Freight,21573.53,North America,Active Contract
INV-2025-04391,2025-12-03,Strategic Partner 20,Professional Services,Legal,22889.13,Nordics,Active Contract
INV-2025-04392,2025-12-14,Strategic Partner 15,Direct Materials,Electronic Components,14495.86,North America,Active Contract
INV-2025-04393,2025-01-19,Vendor 005,Direct Materials,Raw Metals,2000.18,Nordics,No Contract
INV-2025-04394,2025-10-01,Strategic Partner 04,Facilities & MRO,Office Supplies,5901.94,Nordics,Active Contract
INV-2025-04395,2025-10-12,Strategic Partner 17,Logistics & Freight,Warehousing,10014.21,Central Europe,Active Contract
INV-2025-04396,2025-05-12,Strategic Partner 02,Facilities & MRO,Office Supplies,32065.46,Nordics,Active Contract
INV-2025-04397,2025-01-02,Vendor 064,IT & Software,Cloud Infrastructure,188.68,Central Europe,No Contract
INV-2025-04398,2025-10-09,Strategic Partner 23,Professional Services,Management Consulting,13192.43,Nordics,Active Contract
INV-2025-04399,2025-05-01,Vendor 029,Professional Services,Legal,255.33,Nordics,Active Contract
INV-2025-04400,2025-11-17,Vendor 235,Direct Materials,Raw Metals,640.7,North America,No Contract
INV-2025-04401,2025-03-01,Vendor 146,Facilities & MRO,Office Supplies,3382.83,Nordics,Active Contract
INV-2025-04402,2025-02-20,Strategic Partner 27,Facilities & MRO,Maintenance,14649.25,North America,Active Contract
INV-2025-04403,2025-03-22,Vendor 156,Direct Materials,Raw Metals,1953.37,Nordics,Active Contract
INV-2025-04404,2025-11-21,Vendor 235,Direct Materials,Polymers,1174.83,Nordics,No Contract
INV-2025-04405,2025-08-12,Strategic Partner 26,Direct Materials,Electronic Components,116162.3,Central Europe,Active Contract
INV-2025-04406,2025-09-11,Strategic Partner 22,Professional Services,Management Consulting,82164.75,Nordics,Active Contract
INV-2025-04407,2025-01-04,Strategic Partner 07,Direct Materials,Raw Metals,35366.99,Nordics,Active Contract
INV-2025-04408,2025-11-24,Vendor 155,IT & Software,SaaS Subscriptions,2487.95,Nordics,No Contract
INV-2025-04409,2025-12-13,Strategic Partner 22,Direct Materials,Polymers,40145.64,Central Europe,Active Contract
INV-2025-04410,2025-01-22,Strategic Partner 10,Logistics & Freight,Warehousing,9799.12,Central Europe,Active Contract
INV-2025-04411,2025-06-18,Strategic Partner 27,Direct Materials,Electronic Components,13491.67,Central Europe,Active Contract
INV-2025-04412,2025-11-23,Strategic Partner 22,Direct Materials,Raw Metals,11076.5,Nordics,Active Contract
INV-2025-04413,2025-09-05,Vendor 160,Direct Materials,Raw Metals,831.96,APAC,No Contract
INV-2025-04414,2025-06-28,Vendor 068,Direct Materials,Polymers,1399.87,Central Europe,No Contract
INV-2025-04415,2025-12-17,Strategic Partner 13,Professional Services,Audit,40703.3,Central Europe,Active Contract
INV-2025-04416,2025-08-18,Strategic Partner 11,Direct Materials,Electronic Components,62070.32,North America,Active Contract
INV-2025-04417,2025-09-11,Vendor 057,Direct Materials,Raw Metals,21602.84,Nordics,No Contract
INV-2025-04418,2025-11-05,Strategic Partner 03,IT & Software,Cloud Infrastructure,15078.42,North America,Active Contract
INV-2025-04419,2025-06-15,Vendor 273,Direct Materials,Raw Metals,2826.13,Central Europe,No Contract
INV-2025-04420,2025-07-13,Vendor 047,Professional Services,Legal,2129.19,North America,No Contract
INV-2025-04421,2025-12-19,Strategic Partner 23,Direct Materials,Raw Metals,10450.21,Nordics,Active Contract
INV-2025-04422,2025-04-20,Strategic Partner 10,Direct Materials,Polymers,5320.37,Central Europe,Active Contract
INV-2025-04423,2025-11-10,Strategic Partner 08,Direct Materials,Electronic Components,44874.22,Central Europe,Active Contract
INV-2025-04424,2025-09-26,Strategic Partner 09,Direct Materials,Raw Metals,54936.44,Central Europe,Active Contract
INV-2025-04425,2025-11-09,Strategic Partner 04,IT & Software,SaaS Subscriptions,13984.54,Nordics,Active Contract
INV-2025-04426,2025-09-17,Strategic Partner 30,IT & Software,SaaS Subscriptions,5485.88,North America,No Contract
INV-2025-04427,2025-05-19,Vendor 044,IT & Software,Hardware,3423.01,Nordics,No Contract
INV-2025-04428,2025-01-26,Strategic Partner 08,Logistics & Freight,Road Transport,22447.88,Nordics,Active Contract
INV-2025-04429,2025-07-29,Vendor 268,Direct Materials,Polymers,6778.37,Nordics,No Contract
INV-2025-04430,2025-03-23,Strategic Partner 22,Direct Materials,Raw Metals,4313.02,Central Europe,Active Contract
INV-2025-04431,2025-11-30,Strategic Partner 09,IT & Software,Cloud Infrastructure,10115.7,Nordics,Active Contract
INV-2025-04432,2025-04-05,Strategic Partner 24,Logistics & Freight,Road Transport,28905.15,North America,Active Contract
INV-2025-04433,2025-05-27,Strategic Partner 10,Direct Materials,Raw Metals,13999.0,Nordics,Active Contract
INV-2025-04434,2025-12-15,Vendor 229,Logistics & Freight,Warehousing,1083.38,North America,No Contract
INV-2025-04435,2025-02-19,Strategic Partner 14,Direct Materials,Electronic Components,33379.64,Central Europe,Active Contract
INV-2025-04436,2025-06-21,Vendor 050,Logistics & Freight,Warehousing,699.11,Nordics,No Contract
INV-2025-04437,2025-08-15,Strategic Partner 27,Direct Materials,Raw Metals,5932.72,Nordics,Active Contract
INV-2025-04438,2025-09-22,Strategic Partner 27,Facilities & MRO,Maintenance,31505.68,Nordics,Active Contract
INV-2025-04439,2025-10-21,Vendor 268,Direct Materials,Raw Metals,7390.45,Central Europe,No Contract
INV-2025-04440,2025-02-21,Strategic Partner 16,Direct Materials,Electronic Components,41657.7,Nordics,Active Contract
INV-2025-04441,2025-05-23,Strategic Partner 05,IT & Software,Cloud Infrastructure,25855.19,Nordics,Active Contract
INV-2025-04442,2025-09-11,Strategic Partner 26,Direct Materials,Electronic Components,31936.71,Nordics,Active Contract
INV-2025-04443,2025-03-10,Strategic Partner 17,Direct Materials,Electronic Components,27040.59,North America,Active Contract
INV-2025-04444,2025-07-29,Vendor 213,Direct Materials,Polymers,323.16,Nordics,No Contract
INV-2025-04445,2025-10-16,Strategic Partner 14,Direct Materials,Electronic Components,68976.7,Nordics,Active Contract
INV-2025-04446,2025-06-11,Vendor 280,Direct Materials,Polymers,3829.73,Central Europe,No Contract
INV-2025-04447,2025-05-01,Strategic Partner 08,Professional Services,Management Consulting,59685.83,North America,Active Contract
INV-2025-04448,2025-11-02,Strategic Partner 15,Facilities & MRO,Office Supplies,26642.26,North America,Active Contract
INV-2025-04449,2025-07-29,Strategic Partner 21,Direct Materials,Electronic Components,37979.47,APAC,Active Contract
INV-2025-04450,2025-09-03,Vendor 241,IT & Software,Hardware,1047.95,Nordics,No Contract
INV-2025-04451,2025-12-29,Vendor 287,Logistics & Freight,Warehousing,10324.2,North America,No Contract
INV-2025-04452,2025-10-11,Strategic Partner 11,Professional Services,Audit,3461.11,North America,Active Contract
INV-2025-04453,2025-06-26,Vendor 058,Facilities & MRO,Office Supplies,1128.58,APAC,Active Contract
INV-2025-04454,2025-02-10,Strategic Partner 10,IT & Software,Cloud Infrastructure,11461.42,Nordics,Active Contract
INV-2025-04455,2025-11-12,Strategic Partner 09,Professional Services,Management Consulting,33927.24,Nordics,Active Contract
INV-2025-04456,2025-06-18,Strategic Partner 09,IT & Software,SaaS Subscriptions,13479.51,Central Europe,Active Contract
INV-2025-04457,2025-10-29,Strategic Partner 18,Professional Services,Management Consulting,14594.36,Central Europe,Active Contract
INV-2025-04458,2025-03-05,Vendor 057,Logistics & Freight,Warehousing,2803.97,Central Europe,No Contract
INV-2025-04459,2025-02-07,Strategic Partner 11,Facilities & MRO,Maintenance,7373.8,APAC,Active Contract
INV-2025-04460,2025-05-02,Strategic Partner 20,Direct Materials,Polymers,6133.14,Nordics,Active Contract
INV-2025-04461,2025-07-18,Strategic Partner 25,Direct Materials,Polymers,12912.26,Central Europe,Active Contract
INV-2025-04462,2025-02-26,Strategic Partner 17,Direct Materials,Raw Metals,12684.79,Nordics,Active Contract
INV-2025-04463,2025-05-26,Strategic Partner 13,Direct Materials,Raw Metals,13611.2,Central Europe,No Contract
INV-2025-04464,2025-05-31,Strategic Partner 24,Professional Services,Management Consulting,27797.9,Nordics,Active Contract
INV-2025-04465,2025-10-25,Strategic Partner 27,Facilities & MRO,Maintenance,5961.49,Nordics,Active Contract
INV-2025-04466,2025-05-13,Strategic Partner 25,Direct Materials,Raw Metals,79626.68,Nordics,Active Contract
INV-2025-04467,2025-07-08,Strategic Partner 27,Professional Services,Legal,30400.35,Nordics,Active Contract
INV-2025-04468,2025-09-07,Strategic Partner 22,IT & Software,SaaS Subscriptions,10110.37,Nordics,Active Contract
INV-2025-04469,2025-08-13,Strategic Partner 23,Logistics & Freight,Warehousing,205561.75,Central Europe,Active Contract
INV-2025-04470,2025-11-26,Vendor 015,Logistics & Freight,Warehousing,799.55,North America,No Contract
INV-2025-04471,2025-04-13,Vendor 035,IT & Software,Hardware,2105.12,Central Europe,Active Contract
INV-2025-04472,2025-09-23,Strategic Partner 17,Direct Materials,Electronic Components,15073.57,Nordics,Active Contract
INV-2025-04473,2025-12-20,Strategic Partner 07,IT & Software,Hardware,44778.11,North America,Active Contract
INV-2025-04474,2025-10-03,Strategic Partner 06,Direct Materials,Polymers,18857.05,Nordics,Active Contract
INV-2025-04475,2025-12-29,Strategic Partner 18,Facilities & MRO,Office Supplies,4750.54,Central Europe,Active Contract
INV-2025-04476,2025-03-16,Strategic Partner 02,Direct Materials,Electronic Components,28055.24,Central Europe,Active Contract
INV-2025-04477,2025-04-21,Strategic Partner 02,Direct Materials,Raw Metals,22630.26,APAC,Active Contract
INV-2025-04478,2025-10-09,Strategic Partner 28,Direct Materials,Raw Metals,61999.66,APAC,Active Contract
INV-2025-04479,2025-11-07,Strategic Partner 03,Direct Materials,Polymers,30550.49,Central Europe,Active Contract
INV-2025-04480,2025-05-14,Strategic Partner 29,Direct Materials,Raw Metals,32671.15,APAC,Active Contract
INV-2025-04481,2025-06-03,Strategic Partner 30,IT & Software,SaaS Subscriptions,58231.58,Nordics,Active Contract
INV-2025-04482,2025-05-29,Strategic Partner 07,Direct Materials,Electronic Components,14862.46,North America,Active Contract
INV-2025-04483,2025-02-28,Strategic Partner 17,Direct Materials,Electronic Components,5756.63,North America,Active Contract
INV-2025-04484,2025-08-01,Strategic Partner 11,Logistics & Freight,Warehousing,61394.46,Nordics,Active Contract
INV-2025-04485,2025-11-13,Vendor 112,IT & Software,Cloud Infrastructure,4625.25,Nordics,Active Contract
INV-2025-04486,2025-08-30,Vendor 286,Facilities & MRO,Cleaning Services,3136.76,Nordics,No Contract
INV-2025-04487,2025-01-08,Strategic Partner 24,Logistics & Freight,Ocean Freight,20946.5,Nordics,Active Contract
INV-2025-04488,2025-01-16,Strategic Partner 15,Facilities & MRO,Cleaning Services,3883.89,North America,No Contract
INV-2025-04489,2025-09-16,Vendor 041,Logistics & Freight,Warehousing,4409.72,Nordics,No Contract
INV-2025-04490,2025-07-13,Strategic Partner 26,Direct Materials,Polymers,20255.43,Nordics,Active Contract
INV-2025-04491,2025-09-07,Vendor 188,Direct Materials,Polymers,1849.71,Nordics,Active Contract
INV-2025-04492,2025-09-16,Strategic Partner 21,Direct Materials,Electronic Components,3277.44,Central Europe,Active Contract
INV-2025-04493,2025-07-06,Vendor 125,IT & Software,Hardware,1633.51,Central Europe,No Contract
INV-2025-04494,2025-11-02,Vendor 281,Professional Services,Legal,3537.79,North America,No Contract
INV-2025-04495,2025-04-09,Strategic Partner 20,Direct Materials,Electronic Components,17582.9,Nordics,Active Contract
INV-2025-04496,2025-07-12,Vendor 104,Logistics & Freight,Road Transport,1522.81,Central Europe,Active Contract
INV-2025-04497,2025-02-16,Strategic Partner 08,Logistics & Freight,Ocean Freight,46189.1,Central Europe,Active Contract
INV-2025-04498,2025-02-09,Strategic Partner 11,IT & Software,SaaS Subscriptions,3654.28,Central Europe,Active Contract
INV-2025-04499,2025-11-08,Strategic Partner 20,Facilities & MRO,Maintenance,13082.51,North America,Active Contract
INV-2025-04500,2025-10-29,Strategic Partner 14,Direct Materials,Raw Metals,20489.29,Nordics,Active Contract
INV-2025-04501,2025-06-06,Strategic Partner 09,Facilities & MRO,Office Supplies,63393.6,Nordics,Active Contract
INV-2025-04502,2025-07-29,Vendor 251,Direct Materials,Raw Metals,283.26,APAC,No Contract
INV-2025-04503,2025-01-28,Vendor 252,Direct Materials,Raw Metals,1752.77,Nordics,No Contract
INV-2025-04504,2025-05-25,Strategic Partner 22,Direct Materials,Polymers,31805.74,Nordics,Active Contract
INV-2025-04505,2025-02-05,Vendor 062,IT & Software,Hardware,1088.17,APAC,No Contract
INV-2025-04506,2025-03-01,Strategic Partner 23,Direct Materials,Polymers,3837.81,Central Europe,Active Contract
INV-2025-04507,2025-05-05,Strategic Partner 27,IT & Software,Cloud Infrastructure,26845.75,Nordics,Active Contract
INV-2025-04508,2025-03-20,Strategic Partner 23,Direct Materials,Electronic Components,4909.41,Central Europe,Active Contract
INV-2025-04509,2025-02-08,Strategic Partner 15,Professional Services,Legal,29429.86,Central Europe,Active Contract
INV-2025-04510,2025-05-29,Strategic Partner 23,Direct Materials,Electronic Components,14668.95,Nordics,Active Contract
INV-2025-04511,2025-08-26,Vendor 207,Direct Materials,Electronic Components,823.6,Nordics,Active Contract
INV-2025-04512,2025-03-14,Strategic Partner 13,Facilities & MRO,Cleaning Services,43840.06,Central Europe,Active Contract
INV-2025-04513,2025-04-20,Vendor 288,Logistics & Freight,Ocean Freight,2365.89,Central Europe,Active Contract
INV-2025-04514,2025-10-10,Vendor 281,IT & Software,Hardware,5131.96,North America,No Contract
INV-2025-04515,2025-07-02,Strategic Partner 23,Direct Materials,Raw Metals,4936.95,Nordics,Active Contract
INV-2025-04516,2025-03-11,Vendor 003,Direct Materials,Electronic Components,441.6,North America,No Contract
INV-2025-04517,2025-07-09,Vendor 005,Direct Materials,Polymers,223.08,Nordics,Active Contract
INV-2025-04518,2025-01-07,Strategic Partner 17,Direct Materials,Electronic Components,22809.38,North America,No Contract
INV-2025-04519,2025-06-04,Strategic Partner 28,Direct Materials,Raw Metals,42327.83,Nordics,Active Contract
INV-2025-04520,2025-12-28,Strategic Partner 05,Direct Materials,Electronic Components,118387.57,Nordics,No Contract
INV-2025-04521,2025-10-25,Strategic Partner 06,IT & Software,SaaS Subscriptions,3322.0,North America,Active Contract
INV-2025-04522,2025-03-17,Strategic Partner 12,Professional Services,Management Consulting,29072.31,Nordics,Active Contract
INV-2025-04523,2025-08-16,Vendor 152,Professional Services,Legal,2494.86,Central Europe,Active Contract
INV-2025-04524,2025-09-23,Strategic Partner 20,Direct Materials,Polymers,7919.9,Central Europe,Active Contract
INV-2025-04525,2025-01-31,Vendor 192,Professional Services,Legal,13432.67,Nordics,No Contract
INV-2025-04526,2025-04-25,Strategic Partner 04,Direct Materials,Raw Metals,15083.13,Nordics,No Contract
INV-2025-04527,2025-11-28,Strategic Partner 10,Direct Materials,Raw Metals,14844.59,APAC,Active Contract
INV-2025-04528,2025-03-30,Strategic Partner 02,Direct Materials,Raw Metals,10768.41,Nordics,Active Contract
INV-2025-04529,2025-07-26,Strategic Partner 07,Direct Materials,Electronic Components,47254.12,Central Europe,Active Contract
INV-2025-04530,2025-10-17,Strategic Partner 19,Direct Materials,Raw Metals,3873.26,Nordics,No Contract
INV-2025-04531,2025-10-06,Vendor 256,Direct Materials,Raw Metals,6011.91,Nordics,No Contract
INV-2025-04532,2025-11-03,Strategic Partner 25,Direct Materials,Polymers,11850.22,North America,Active Contract
INV-2025-04533,2025-09-26,Vendor 104,Direct Materials,Polymers,621.02,Nordics,No Contract
INV-2025-04534,2025-11-29,Strategic Partner 14,Direct Materials,Raw Metals,49427.39,North America,No Contract
INV-2025-04535,2025-01-06,Strategic Partner 18,Direct Materials,Electronic Components,8825.37,Central Europe,Active Contract
INV-2025-04536,2025-07-14,Vendor 177,Logistics & Freight,Ocean Freight,241.34,APAC,Active Contract
INV-2025-04537,2025-03-04,Strategic Partner 22,Facilities & MRO,Office Supplies,3261.8,North America,Active Contract
INV-2025-04538,2025-12-19,Strategic Partner 03,Logistics & Freight,Warehousing,24649.55,Central Europe,Active Contract
INV-2025-04539,2025-10-16,Strategic Partner 20,Direct Materials,Raw Metals,26841.7,North America,Active Contract
INV-2025-04540,2025-07-22,Strategic Partner 10,Direct Materials,Electronic Components,22814.68,North America,Active Contract
INV-2025-04541,2025-10-19,Vendor 081,Direct Materials,Raw Metals,167.49,Central Europe,No Contract
INV-2025-04542,2025-08-03,Strategic Partner 19,Logistics & Freight,Warehousing,7265.74,Nordics,No Contract
INV-2025-04543,2025-04-12,Strategic Partner 29,Logistics & Freight,Road Transport,68667.61,Nordics,Active Contract
INV-2025-04544,2025-04-11,Strategic Partner 27,Logistics & Freight,Ocean Freight,16079.08,Nordics,Active Contract
INV-2025-04545,2025-02-15,Strategic Partner 13,Logistics & Freight,Warehousing,24587.23,APAC,Active Contract
INV-2025-04546,2025-01-20,Vendor 249,Logistics & Freight,Warehousing,8936.77,Nordics,No Contract
INV-2025-04547,2025-08-10,Vendor 034,Direct Materials,Polymers,3972.1,Nordics,No Contract
INV-2025-04548,2025-02-13,Strategic Partner 23,Direct Materials,Electronic Components,19364.18,Central Europe,Active Contract
INV-2025-04549,2025-04-19,Vendor 220,Logistics & Freight,Ocean Freight,2235.88,Nordics,No Contract
INV-2025-04550,2025-11-19,Strategic Partner 01,Professional Services,Audit,20064.61,Central Europe,Active Contract
INV-2025-04551,2025-11-21,Strategic Partner 08,IT & Software,Cloud Infrastructure,68217.72,Nordics,Active Contract
INV-2025-04552,2025-06-19,Strategic Partner 04,Direct Materials,Polymers,5631.04,Nordics,Active Contract
INV-2025-04553,2025-09-08,Strategic Partner 10,Direct Materials,Raw Metals,6620.5,Nordics,Active Contract
INV-2025-04554,2025-04-18,Strategic Partner 05,Professional Services,Legal,3108.89,Nordics,Active Contract
INV-2025-04555,2025-08-21,Strategic Partner 21,IT & Software,Hardware,22875.18,North America,Active Contract
INV-2025-04556,2025-02-13,Strategic Partner 09,Direct Materials,Polymers,19390.5,Central Europe,Active Contract
INV-2025-04557,2025-01-06,Vendor 119,Direct Materials,Electronic Components,2734.52,Central Europe,No Contract
INV-2025-04558,2025-09-22,Strategic Partner 08,Professional Services,Audit,39027.49,APAC,Active Contract
INV-2025-04559,2025-05-25,Strategic Partner 16,Direct Materials,Polymers,58544.79,Nordics,Active Contract
INV-2025-04560,2025-11-12,Strategic Partner 19,Direct Materials,Electronic Components,26131.74,Nordics,Active Contract
INV-2025-04561,2025-01-07,Vendor 119,Direct Materials,Polymers,2417.5,North America,Active Contract
INV-2025-04562,2025-07-07,Strategic Partner 30,Logistics & Freight,Ocean Freight,5317.16,Nordics,Active Contract
INV-2025-04563,2025-04-07,Vendor 104,Professional Services,Audit,2565.97,APAC,No Contract
INV-2025-04564,2025-02-24,Strategic Partner 25,Direct Materials,Electronic Components,27198.64,APAC,Active Contract
INV-2025-04565,2025-08-02,Strategic Partner 01,Logistics & Freight,Warehousing,6289.79,North America,Active Contract
INV-2025-04566,2025-04-11,Strategic Partner 26,Professional Services,Audit,29648.77,APAC,Active Contract
INV-2025-04567,2025-12-03,Strategic Partner 14,Professional Services,Legal,19287.76,North America,Active Contract
INV-2025-04568,2025-02-14,Strategic Partner 05,Direct Materials,Electronic Components,5650.04,North America,No Contract
INV-2025-04569,2025-02-04,Strategic Partner 17,Logistics & Freight,Ocean Freight,26038.83,Central Europe,Active Contract
INV-2025-04570,2025-12-08,Vendor 263,Professional Services,Legal,2919.37,Nordics,No Contract
INV-2025-04571,2025-07-27,Strategic Partner 23,Logistics & Freight,Warehousing,8395.73,Central Europe,Active Contract
INV-2025-04572,2025-12-24,Strategic Partner 23,Direct Materials,Polymers,6157.68,Central Europe,Active Contract
INV-2025-04573,2025-06-14,Strategic Partner 20,Logistics & Freight,Ocean Freight,5453.74,Nordics,Active Contract
INV-2025-04574,2025-12-04,Vendor 284,Logistics & Freight,Warehousing,2546.32,Nordics,Active Contract
INV-2025-04575,2025-07-01,Vendor 116,Direct Materials,Electronic Components,1396.15,Central Europe,No Contract
INV-2025-04576,2025-01-10,Strategic Partner 15,Logistics & Freight,Ocean Freight,78447.04,Central Europe,Active Contract
INV-2025-04577,2025-08-10,Strategic Partner 14,Facilities & MRO,Cleaning Services,10724.22,Nordics,Active Contract
INV-2025-04578,2025-02-27,Strategic Partner 13,Logistics & Freight,Warehousing,37992.4,Nordics,Active Contract
INV-2025-04579,2025-05-27,Vendor 206,Facilities & MRO,Cleaning Services,4896.91,North America,No Contract
INV-2025-04580,2025-01-04,Strategic Partner 28,Direct Materials,Electronic Components,3973.33,Nordics,Active Contract
INV-2025-04581,2025-02-20,Strategic Partner 08,Logistics & Freight,Warehousing,7695.29,APAC,Active Contract
INV-2025-04582,2025-07-26,Strategic Partner 28,Logistics & Freight,Road Transport,3333.09,Nordics,Active Contract
INV-2025-04583,2025-05-24,Strategic Partner 03,Logistics & Freight,Road Transport,59922.12,Central Europe,Active Contract
INV-2025-04584,2025-02-17,Strategic Partner 14,Logistics & Freight,Road Transport,16268.24,Central Europe,Active Contract
INV-2025-04585,2025-05-23,Vendor 144,Logistics & Freight,Ocean Freight,4321.53,North America,No Contract
INV-2025-04586,2025-04-28,Strategic Partner 09,IT & Software,Cloud Infrastructure,42724.12,Central Europe,Active Contract
INV-2025-04587,2025-06-13,Strategic Partner 08,Logistics & Freight,Ocean Freight,11802.04,Central Europe,Active Contract
INV-2025-04588,2025-04-30,Strategic Partner 16,Direct Materials,Raw Metals,5804.61,Central Europe,Active Contract
INV-2025-04589,2025-09-19,Strategic Partner 27,Direct Materials,Electronic Components,5892.69,Nordics,Active Contract
INV-2025-04590,2025-06-24,Vendor 186,IT & Software,Hardware,1919.98,Central Europe,No Contract
INV-2025-04591,2025-06-27,Strategic Partner 08,Direct Materials,Raw Metals,10517.87,Nordics,Active Contract
INV-2025-04592,2025-02-13,Strategic Partner 19,Logistics & Freight,Warehousing,44566.07,Central Europe,Active Contract
INV-2025-04593,2025-12-25,Strategic Partner 19,Logistics & Freight,Road Transport,3159.96,North America,Active Contract
INV-2025-04594,2025-08-29,Strategic Partner 09,IT & Software,Cloud Infrastructure,3675.78,Nordics,Active Contract
INV-2025-04595,2025-06-08,Strategic Partner 26,Direct Materials,Raw Metals,23923.85,North America,Active Contract
INV-2025-04596,2025-08-29,Strategic Partner 15,Direct Materials,Polymers,70041.84,North America,Active Contract
INV-2025-04597,2025-09-29,Strategic Partner 05,Direct Materials,Raw Metals,15166.94,Nordics,Active Contract
INV-2025-04598,2025-04-09,Vendor 142,Logistics & Freight,Road Transport,1146.41,Nordics,Active Contract
INV-2025-04599,2025-05-12,Vendor 272,Direct Materials,Polymers,1265.58,Nordics,No Contract
INV-2025-04600,2025-07-09,Strategic Partner 23,Professional Services,Management Consulting,34288.35,Central Europe,Active Contract
INV-2025-04601,2025-05-21,Vendor 298,Direct Materials,Electronic Components,10092.31,North America,No Contract
INV-2025-04602,2025-04-23,Vendor 173,Direct Materials,Raw Metals,1686.4,Nordics,No Contract
INV-2025-04603,2025-12-08,Strategic Partner 13,IT & Software,Cloud Infrastructure,5369.59,Central Europe,Active Contract
INV-2025-04604,2025-06-28,Vendor 074,Facilities & MRO,Office Supplies,808.65,North America,Active Contract
INV-2025-04605,2025-05-02,Strategic Partner 09,Direct Materials,Electronic Components,15334.26,Nordics,Active Contract
INV-2025-04606,2025-01-16,Strategic Partner 17,Direct Materials,Polymers,8817.07,Nordics,Active Contract
INV-2025-04607,2025-10-16,Strategic Partner 13,Professional Services,Management Consulting,5926.01,Central Europe,Active Contract
INV-2025-04608,2025-03-22,Strategic Partner 29,IT & Software,Hardware,49208.14,Central Europe,Active Contract
INV-2025-04609,2025-06-25,Strategic Partner 16,IT & Software,SaaS Subscriptions,13678.45,APAC,Active Contract
INV-2025-04610,2025-01-15,Strategic Partner 25,Direct Materials,Electronic Components,9309.75,Nordics,No Contract
INV-2025-04611,2025-10-04,Strategic Partner 19,Professional Services,Management Consulting,26018.12,APAC,Active Contract
INV-2025-04612,2025-12-31,Strategic Partner 19,Direct Materials,Raw Metals,5948.18,Central Europe,Active Contract
INV-2025-04613,2025-04-25,Vendor 126,Logistics & Freight,Warehousing,8528.27,Nordics,No Contract
INV-2025-04614,2025-11-11,Vendor 193,IT & Software,Cloud Infrastructure,3663.61,APAC,No Contract
INV-2025-04615,2025-07-20,Vendor 149,Logistics & Freight,Road Transport,175.77,Nordics,No Contract
INV-2025-04616,2025-12-03,Strategic Partner 29,IT & Software,Cloud Infrastructure,15159.84,Nordics,No Contract
INV-2025-04617,2025-04-18,Strategic Partner 16,Direct Materials,Polymers,11852.37,Central Europe,Active Contract
INV-2025-04618,2025-05-30,Vendor 220,Direct Materials,Electronic Components,1224.37,Nordics,No Contract
INV-2025-04619,2025-07-11,Strategic Partner 25,Direct Materials,Electronic Components,23605.08,Central Europe,Active Contract
INV-2025-04620,2025-09-02,Vendor 105,Logistics & Freight,Ocean Freight,1149.12,North America,Active Contract
INV-2025-04621,2025-12-16,Strategic Partner 11,Professional Services,Legal,21679.8,Nordics,Active Contract
INV-2025-04622,2025-09-09,Strategic Partner 30,Direct Materials,Electronic Components,37775.2,Nordics,Active Contract
INV-2025-04623,2025-11-09,Vendor 227,Logistics & Freight,Ocean Freight,2334.6,Central Europe,No Contract
INV-2025-04624,2025-03-17,Strategic Partner 28,Facilities & MRO,Office Supplies,9826.86,Central Europe,Active Contract
INV-2025-04625,2025-01-06,Strategic Partner 18,Direct Materials,Electronic Components,112112.52,Central Europe,Active Contract
INV-2025-04626,2025-10-30,Strategic Partner 17,Logistics & Freight,Ocean Freight,9420.21,Nordics,Active Contract
INV-2025-04627,2025-01-28,Strategic Partner 24,IT & Software,Cloud Infrastructure,12550.25,Central Europe,Active Contract
INV-2025-04628,2025-08-30,Vendor 246,Direct Materials,Electronic Components,4466.86,Nordics,No Contract
INV-2025-04629,2025-12-09,Vendor 054,Professional Services,Legal,763.92,Nordics,Active Contract
INV-2025-04630,2025-02-05,Strategic Partner 30,IT & Software,Cloud Infrastructure,39590.76,Nordics,Active Contract
INV-2025-04631,2025-12-19,Strategic Partner 19,Direct Materials,Electronic Components,90232.06,APAC,Active Contract
INV-2025-04632,2025-03-18,Strategic Partner 23,Direct Materials,Polymers,10872.16,North America,Active Contract
INV-2025-04633,2025-02-20,Vendor 211,IT & Software,Hardware,997.52,Central Europe,No Contract
INV-2025-04634,2025-10-01,Strategic Partner 16,Direct Materials,Electronic Components,70336.63,Central Europe,Active Contract
INV-2025-04635,2025-02-14,Strategic Partner 10,Logistics & Freight,Warehousing,3918.2,Central Europe,Active Contract
INV-2025-04636,2025-12-15,Strategic Partner 28,Direct Materials,Electronic Components,25971.21,APAC,Active Contract
INV-2025-04637,2025-09-27,Strategic Partner 29,Professional Services,Audit,9469.08,APAC,Active Contract
INV-2025-04638,2025-07-25,Vendor 159,Direct Materials,Polymers,267.12,North America,No Contract
INV-2025-04639,2025-04-30,Strategic Partner 11,IT & Software,SaaS Subscriptions,17472.18,North America,Active Contract
INV-2025-04640,2025-10-27,Strategic Partner 20,Direct Materials,Raw Metals,13505.3,North America,Active Contract
INV-2025-04641,2025-05-11,Strategic Partner 30,Direct Materials,Polymers,4706.86,Central Europe,No Contract
INV-2025-04642,2025-10-13,Strategic Partner 11,Professional Services,Legal,10483.7,North America,No Contract
INV-2025-04643,2025-06-08,Strategic Partner 19,IT & Software,SaaS Subscriptions,51977.19,Central Europe,Active Contract
INV-2025-04644,2025-02-15,Strategic Partner 04,Direct Materials,Electronic Components,14025.0,Central Europe,Active Contract
INV-2025-04645,2025-02-01,Strategic Partner 04,Professional Services,Legal,12155.15,Central Europe,Active Contract
INV-2025-04646,2025-04-09,Vendor 275,Direct Materials,Electronic Components,656.19,Nordics,Active Contract
INV-2025-04647,2025-01-06,Strategic Partner 24,Logistics & Freight,Warehousing,45040.23,Nordics,Active Contract
INV-2025-04648,2025-05-30,Vendor 125,Professional Services,Legal,385.08,Central Europe,No Contract
INV-2025-04649,2025-01-17,Strategic Partner 20,Direct Materials,Raw Metals,62225.6,North America,Active Contract
INV-2025-04650,2025-05-23,Strategic Partner 15,Facilities & MRO,Cleaning Services,21327.29,North America,Active Contract
INV-2025-04651,2025-04-14,Strategic Partner 30,Professional Services,Legal,3372.85,Central Europe,Active Contract
INV-2025-04652,2025-11-22,Strategic Partner 18,Direct Materials,Electronic Components,114163.21,Central Europe,Active Contract
INV-2025-04653,2025-03-17,Strategic Partner 29,Professional Services,Audit,50899.06,APAC,Active Contract
INV-2025-04654,2025-08-14,Strategic Partner 19,Facilities & MRO,Maintenance,3474.66,Central Europe,Active Contract
INV-2025-04655,2025-04-05,Vendor 140,Logistics & Freight,Ocean Freight,1334.45,Central Europe,No Contract
INV-2025-04656,2025-03-22,Strategic Partner 27,Professional Services,Management Consulting,3370.64,Nordics,Active Contract
INV-2025-04657,2025-01-29,Strategic Partner 19,Direct Materials,Polymers,8498.39,Nordics,Active Contract
INV-2025-04658,2025-09-01,Strategic Partner 02,Logistics & Freight,Road Transport,15694.7,Central Europe,Active Contract
INV-2025-04659,2025-02-12,Strategic Partner 25,Direct Materials,Polymers,14672.71,Nordics,Active Contract
INV-2025-04660,2025-01-04,Strategic Partner 24,Facilities & MRO,Office Supplies,12019.02,Central Europe,Active Contract
INV-2025-04661,2025-01-20,Strategic Partner 13,Direct Materials,Electronic Components,10800.52,APAC,Active Contract
INV-2025-04662,2025-05-04,Strategic Partner 29,Professional Services,Legal,27910.98,North America,Active Contract
INV-2025-04663,2025-06-15,Vendor 215,Direct Materials,Polymers,1971.5,Nordics,No Contract
INV-2025-04664,2025-07-03,Strategic Partner 11,Logistics & Freight,Road Transport,31108.44,North America,Active Contract
INV-2025-04665,2025-01-29,Strategic Partner 21,Logistics & Freight,Ocean Freight,18671.87,Nordics,Active Contract
INV-2025-04666,2025-10-05,Strategic Partner 23,Logistics & Freight,Warehousing,13948.61,Central Europe,Active Contract
INV-2025-04667,2025-08-06,Strategic Partner 08,Direct Materials,Polymers,24797.87,Central Europe,Active Contract
INV-2025-04668,2025-09-26,Strategic Partner 08,Logistics & Freight,Road Transport,22848.22,Nordics,Active Contract
INV-2025-04669,2025-04-01,Vendor 217,Direct Materials,Electronic Components,2745.56,Nordics,Active Contract
INV-2025-04670,2025-05-12,Strategic Partner 03,Logistics & Freight,Warehousing,34622.88,North America,Active Contract
INV-2025-04671,2025-05-15,Vendor 039,Logistics & Freight,Road Transport,8165.17,Nordics,No Contract
INV-2025-04672,2025-05-26,Strategic Partner 03,IT & Software,Cloud Infrastructure,14223.86,Central Europe,Active Contract
INV-2025-04673,2025-08-10,Strategic Partner 13,Logistics & Freight,Ocean Freight,41274.38,North America,Active Contract
INV-2025-04674,2025-04-07,Strategic Partner 30,Professional Services,Management Consulting,10324.07,Central Europe,Active Contract
INV-2025-04675,2025-09-18,Strategic Partner 27,Logistics & Freight,Road Transport,15584.11,APAC,Active Contract
INV-2025-04676,2025-04-12,Strategic Partner 21,Logistics & Freight,Warehousing,25686.46,Central Europe,Active Contract
INV-2025-04677,2025-06-20,Strategic Partner 28,Direct Materials,Electronic Components,34300.5,Nordics,Active Contract
INV-2025-04678,2025-06-03,Strategic Partner 28,IT & Software,SaaS Subscriptions,4150.28,Nordics,Active Contract
INV-2025-04679,2025-12-30,Strategic Partner 30,Logistics & Freight,Ocean Freight,55328.69,Central Europe,Active Contract
INV-2025-04680,2025-01-20,Vendor 131,Logistics & Freight,Warehousing,278.6,Nordics,No Contract
INV-2025-04681,2025-12-20,Strategic Partner 24,Direct Materials,Raw Metals,8636.4,Central Europe,Active Contract
INV-2025-04682,2025-07-16,Vendor 033,Direct Materials,Raw Metals,5933.72,Central Europe,No Contract
INV-2025-04683,2025-07-04,Strategic Partner 02,Direct Materials,Raw Metals,16978.02,Central Europe,Active Contract
INV-2025-04684,2025-04-07,Vendor 214,Facilities & MRO,Cleaning Services,1317.27,Central Europe,No Contract
INV-2025-04685,2025-05-31,Strategic Partner 15,Direct Materials,Polymers,47838.18,Central Europe,Active Contract
INV-2025-04686,2025-05-29,Strategic Partner 25,Direct Materials,Raw Metals,78803.74,North America,Active Contract
INV-2025-04687,2025-02-22,Strategic Partner 05,Direct Materials,Polymers,8250.41,North America,Active Contract
INV-2025-04688,2025-02-11,Strategic Partner 26,Direct Materials,Polymers,8037.53,North America,Active Contract
INV-2025-04689,2025-04-27,Strategic Partner 02,Direct Materials,Raw Metals,11470.35,Central Europe,Active Contract
INV-2025-04690,2025-12-28,Vendor 202,Direct Materials,Electronic Components,517.71,Nordics,Active Contract
INV-2025-04691,2025-06-15,Strategic Partner 13,Direct Materials,Raw Metals,21324.24,North America,Active Contract
INV-2025-04692,2025-08-14,Strategic Partner 28,Logistics & Freight,Ocean Freight,10760.05,Nordics,Active Contract
INV-2025-04693,2025-07-13,Strategic Partner 11,Direct Materials,Electronic Components,4674.01,Central Europe,Active Contract
INV-2025-04694,2025-01-08,Strategic Partner 25,Logistics & Freight,Road Transport,72856.51,Central Europe,Active Contract
INV-2025-04695,2025-08-04,Strategic Partner 06,Direct Materials,Electronic Components,71704.72,Nordics,Active Contract
INV-2025-04696,2025-07-16,Strategic Partner 27,Direct Materials,Polymers,9946.21,Nordics,Active Contract
INV-2025-04697,2025-09-07,Strategic Partner 09,Direct Materials,Polymers,4528.31,APAC,Active Contract
INV-2025-04698,2025-11-19,Vendor 051,Direct Materials,Raw Metals,1419.54,Central Europe,No Contract
INV-2025-04699,2025-02-21,Strategic Partner 09,Direct Materials,Electronic Components,31354.88,Nordics,Active Contract
INV-2025-04700,2025-11-23,Strategic Partner 22,Direct Materials,Electronic Components,45925.56,North America,No Contract
INV-2025-04701,2025-04-04,Vendor 004,Facilities & MRO,Maintenance,163.14,APAC,No Contract
INV-2025-04702,2025-08-12,Strategic Partner 21,Facilities & MRO,Maintenance,19314.87,Central Europe,Active Contract
INV-2025-04703,2025-12-18,Strategic Partner 23,Professional Services,Audit,30550.41,Central Europe,Active Contract
INV-2025-04704,2025-10-29,Vendor 120,IT & Software,Cloud Infrastructure,2062.92,North America,Active Contract
INV-2025-04705,2025-07-14,Strategic Partner 09,Professional Services,Legal,18329.5,North America,Active Contract
INV-2025-04706,2025-10-15,Vendor 110,Direct Materials,Polymers,1792.78,Central Europe,Active Contract
INV-2025-04707,2025-12-20,Strategic Partner 21,Professional Services,Legal,78923.88,North America,Active Contract
INV-2025-04708,2025-04-30,Vendor 001,IT & Software,Cloud Infrastructure,1879.28,North America,No Contract
INV-2025-04709,2025-03-10,Strategic Partner 03,IT & Software,SaaS Subscriptions,70955.22,North America,Active Contract
INV-2025-04710,2025-07-15,Vendor 297,Facilities & MRO,Maintenance,4466.98,North America,No Contract
INV-2025-04711,2025-04-24,Strategic Partner 23,Facilities & MRO,Maintenance,27226.17,North America,Active Contract
INV-2025-04712,2025-06-28,Strategic Partner 22,IT & Software,Hardware,43894.38,North America,Active Contract
INV-2025-04713,2025-05-18,Strategic Partner 17,Logistics & Freight,Warehousing,21690.37,Nordics,Active Contract
INV-2025-04714,2025-11-28,Strategic Partner 09,IT & Software,SaaS Subscriptions,8451.17,North America,Active Contract
INV-2025-04715,2025-11-08,Strategic Partner 11,Direct Materials,Polymers,7411.21,Nordics,Active Contract
INV-2025-04716,2025-05-13,Strategic Partner 28,Professional Services,Management Consulting,28292.35,Central Europe,Active Contract
INV-2025-04717,2025-07-24,Strategic Partner 19,Direct Materials,Electronic Components,8654.32,APAC,Active Contract
INV-2025-04718,2025-02-03,Strategic Partner 02,Logistics & Freight,Road Transport,43602.26,Central Europe,Active Contract
INV-2025-04719,2025-10-20,Strategic Partner 19,Direct Materials,Raw Metals,9001.01,APAC,Active Contract
INV-2025-04720,2025-09-09,Strategic Partner 22,Direct Materials,Polymers,14972.14,Central Europe,Active Contract
INV-2025-04721,2025-05-07,Vendor 057,IT & Software,SaaS Subscriptions,1390.3,North America,No Contract
INV-2025-04722,2025-08-31,Strategic Partner 25,Professional Services,Management Consulting,23150.19,Nordics,Active Contract
INV-2025-04723,2025-06-25,Strategic Partner 01,Direct Materials,Polymers,12486.07,APAC,Active Contract
INV-2025-04724,2025-08-03,Strategic Partner 02,Logistics & Freight,Warehousing,30672.13,North America,Active Contract
INV-2025-04725,2025-05-28,Vendor 059,Logistics & Freight,Warehousing,4975.13,Central Europe,No Contract
INV-2025-04726,2025-03-24,Strategic Partner 23,Logistics & Freight,Road Transport,19218.46,Central Europe,Active Contract
INV-2025-04727,2025-02-08,Strategic Partner 25,Direct Materials,Polymers,45612.98,Central Europe,Active Contract
INV-2025-04728,2025-06-23,Vendor 174,IT & Software,SaaS Subscriptions,2049.44,Central Europe,Active Contract
INV-2025-04729,2025-05-05,Strategic Partner 25,IT & Software,SaaS Subscriptions,14199.43,North America,Active Contract
INV-2025-04730,2025-01-24,Strategic Partner 02,Direct Materials,Electronic Components,10052.73,APAC,Active Contract
INV-2025-04731,2025-11-05,Vendor 272,Direct Materials,Polymers,623.35,Central Europe,No Contract
INV-2025-04732,2025-09-09,Vendor 267,Direct Materials,Polymers,1059.91,Nordics,No Contract
INV-2025-04733,2025-06-20,Strategic Partner 30,Facilities & MRO,Cleaning Services,27033.7,Central Europe,No Contract
INV-2025-04734,2025-05-21,Strategic Partner 28,Direct Materials,Polymers,22293.41,Central Europe,Active Contract
INV-2025-04735,2025-04-18,Strategic Partner 23,Professional Services,Legal,4935.72,Central Europe,Active Contract
INV-2025-04736,2025-07-05,Strategic Partner 12,Direct Materials,Raw Metals,11532.88,Central Europe,Active Contract
INV-2025-04737,2025-06-29,Strategic Partner 14,Direct Materials,Raw Metals,17407.03,Nordics,Active Contract
INV-2025-04738,2025-11-01,Strategic Partner 23,Direct Materials,Electronic Components,12767.17,North America,Active Contract
INV-2025-04739,2025-04-24,Strategic Partner 30,Professional Services,Legal,47902.53,APAC,Active Contract
INV-2025-04740,2025-07-20,Vendor 070,Direct Materials,Raw Metals,3739.28,APAC,No Contract
INV-2025-04741,2025-07-26,Strategic Partner 08,Logistics & Freight,Ocean Freight,3399.89,Central Europe,Active Contract
INV-2025-04742,2025-11-08,Strategic Partner 19,Logistics & Freight,Warehousing,6456.3,Nordics,Active Contract
INV-2025-04743,2025-09-09,Vendor 062,Direct Materials,Raw Metals,3744.28,Central Europe,Active Contract
INV-2025-04744,2025-02-23,Vendor 100,Logistics & Freight,Ocean Freight,2287.6,Nordics,No Contract
INV-2025-04745,2025-08-27,Vendor 081,Logistics & Freight,Road Transport,4362.58,Central Europe,Active Contract
INV-2025-04746,2025-06-08,Strategic Partner 23,Professional Services,Legal,14382.77,APAC,Active Contract
INV-2025-04747,2025-12-31,Strategic Partner 03,IT & Software,SaaS Subscriptions,30839.2,APAC,Active Contract
INV-2025-04748,2025-08-25,Strategic Partner 11,Direct Materials,Electronic Components,25479.92,Nordics,Active Contract
INV-2025-04749,2025-09-11,Strategic Partner 01,IT & Software,Hardware,17857.94,Nordics,Active Contract
INV-2025-04750,2025-08-13,Strategic Partner 27,Direct Materials,Polymers,37265.26,Nordics,Active Contract
INV-2025-04751,2025-06-20,Strategic Partner 13,Direct Materials,Raw Metals,6768.02,Nordics,Active Contract
INV-2025-04752,2025-03-06,Strategic Partner 10,Direct Materials,Raw Metals,13443.67,Central Europe,Active Contract
INV-2025-04753,2025-06-27,Strategic Partner 28,Facilities & MRO,Maintenance,56278.49,North America,Active Contract
INV-2025-04754,2025-08-16,Strategic Partner 14,Professional Services,Audit,4402.87,Nordics,Active Contract
INV-2025-04755,2025-10-24,Vendor 002,IT & Software,Hardware,444.33,North America,Active Contract
INV-2025-04756,2025-11-15,Strategic Partner 19,Logistics & Freight,Road Transport,54345.88,North America,Active Contract
INV-2025-04757,2025-12-30,Vendor 175,Direct Materials,Polymers,536.09,Central Europe,Active Contract
INV-2025-04758,2025-10-18,Strategic Partner 10,Facilities & MRO,Cleaning Services,13156.49,Central Europe,No Contract
INV-2025-04759,2025-02-12,Vendor 216,Direct Materials,Raw Metals,2676.72,Central Europe,No Contract
INV-2025-04760,2025-02-08,Strategic Partner 13,Direct Materials,Raw Metals,15310.08,Nordics,Active Contract
INV-2025-04761,2025-12-18,Strategic Partner 29,Direct Materials,Electronic Components,8841.98,APAC,Active Contract
INV-2025-04762,2025-08-10,Strategic Partner 26,Logistics & Freight,Road Transport,21955.55,North America,Active Contract
INV-2025-04763,2025-11-15,Strategic Partner 12,Direct Materials,Polymers,19719.6,Nordics,Active Contract
INV-2025-04764,2025-08-27,Strategic Partner 10,Direct Materials,Polymers,19750.89,Central Europe,Active Contract
INV-2025-04765,2025-11-30,Strategic Partner 09,Logistics & Freight,Warehousing,12712.75,Central Europe,Active Contract
INV-2025-04766,2025-03-05,Strategic Partner 25,Direct Materials,Polymers,21848.52,North America,Active Contract
INV-2025-04767,2025-07-22,Vendor 131,Direct Materials,Electronic Components,352.25,Nordics,Active Contract
INV-2025-04768,2025-03-29,Vendor 216,Logistics & Freight,Road Transport,425.64,Central Europe,No Contract
INV-2025-04769,2025-05-23,Strategic Partner 26,Facilities & MRO,Cleaning Services,8480.07,Nordics,Active Contract
INV-2025-04770,2025-12-16,Strategic Partner 16,IT & Software,SaaS Subscriptions,17152.6,Central Europe,Active Contract
INV-2025-04771,2025-10-28,Vendor 115,Logistics & Freight,Ocean Freight,1096.16,APAC,Active Contract
INV-2025-04772,2025-11-07,Vendor 294,Direct Materials,Electronic Components,7172.86,Nordics,No Contract
INV-2025-04773,2025-01-10,Strategic Partner 07,Direct Materials,Polymers,9537.47,Central Europe,Active Contract
INV-2025-04774,2025-06-13,Vendor 246,Professional Services,Legal,1047.17,Nordics,No Contract
INV-2025-04775,2025-09-07,Strategic Partner 06,Facilities & MRO,Office Supplies,70512.1,Nordics,Active Contract
INV-2025-04776,2025-05-01,Strategic Partner 28,Direct Materials,Polymers,31393.7,Central Europe,Active Contract
INV-2025-04777,2025-06-30,Strategic Partner 20,Professional Services,Management Consulting,14742.52,Nordics,Active Contract
INV-2025-04778,2025-09-19,Strategic Partner 10,IT & Software,SaaS Subscriptions,42724.38,APAC,Active Contract
INV-2025-04779,2025-09-26,Strategic Partner 14,Direct Materials,Electronic Components,56939.89,Central Europe,No Contract
INV-2025-04780,2025-04-23,Strategic Partner 19,Direct Materials,Electronic Components,7359.04,North America,Active Contract
INV-2025-04781,2025-10-21,Strategic Partner 18,Direct Materials,Electronic Components,16541.92,Nordics,Active Contract
INV-2025-04782,2025-12-14,Strategic Partner 09,Facilities & MRO,Office Supplies,53093.6,Nordics,Active Contract
INV-2025-04783,2025-11-16,Strategic Partner 16,Logistics & Freight,Warehousing,4938.26,Nordics,Active Contract
INV-2025-04784,2025-07-10,Strategic Partner 26,Direct Materials,Electronic Components,8565.1,Central Europe,Active Contract
INV-2025-04785,2025-09-16,Strategic Partner 01,Direct Materials,Polymers,80639.54,Nordics,Active Contract
INV-2025-04786,2025-02-11,Strategic Partner 21,Direct Materials,Electronic Components,85975.47,APAC,Active Contract
INV-2025-04787,2025-04-26,Strategic Partner 15,IT & Software,SaaS Subscriptions,34474.01,APAC,Active Contract
INV-2025-04788,2025-01-09,Vendor 212,Direct Materials,Polymers,465.41,APAC,No Contract
INV-2025-04789,2025-04-05,Vendor 050,IT & Software,Cloud Infrastructure,428.43,Nordics,No Contract
INV-2025-04790,2025-03-22,Strategic Partner 28,Facilities & MRO,Maintenance,10386.15,Central Europe,Active Contract
INV-2025-04791,2025-09-22,Strategic Partner 27,Facilities & MRO,Maintenance,71281.9,APAC,Active Contract
INV-2025-04792,2025-10-26,Vendor 285,Direct Materials,Raw Metals,332.9,North America,Active Contract
INV-2025-04793,2025-02-26,Strategic Partner 06,Logistics & Freight,Warehousing,8431.36,Central Europe,Active Contract
INV-2025-04794,2025-04-28,Strategic Partner 22,Direct Materials,Raw Metals,15127.56,North America,Active Contract
INV-2025-04795,2025-12-06,Vendor 025,Direct Materials,Polymers,2176.05,Central Europe,No Contract
INV-2025-04796,2025-06-22,Strategic Partner 19,Logistics & Freight,Warehousing,25064.89,Central Europe,Active Contract
INV-2025-04797,2025-12-29,Vendor 145,Direct Materials,Raw Metals,3006.98,APAC,No Contract
INV-2025-04798,2025-09-10,Strategic Partner 24,Direct Materials,Raw Metals,62620.28,Central Europe,Active Contract
INV-2025-04799,2025-08-21,Strategic Partner 26,Logistics & Freight,Road Transport,5851.29,Central Europe,Active Contract
INV-2025-04800,2025-11-25,Strategic Partner 25,Direct Materials,Electronic Components,39533.64,Nordics,Active Contract
INV-2025-04801,2025-04-29,Strategic Partner 09,Logistics & Freight,Warehousing,8873.06,Nordics,Active Contract
INV-2025-04802,2025-07-13,Vendor 011,IT & Software,Hardware,1634.65,Central Europe,No Contract
INV-2025-04803,2025-04-03,Vendor 069,IT & Software,Hardware,1998.63,Nordics,No Contract
INV-2025-04804,2025-08-10,Strategic Partner 03,Direct Materials,Electronic Components,53917.13,Nordics,Active Contract
INV-2025-04805,2025-12-31,Strategic Partner 13,Professional Services,Management Consulting,3054.06,Nordics,Active Contract
INV-2025-04806,2025-05-21,Strategic Partner 08,Direct Materials,Raw Metals,10101.54,North America,No Contract
INV-2025-04807,2025-03-03,Vendor 139,Direct Materials,Raw Metals,3295.08,Nordics,No Contract
INV-2025-04808,2025-04-12,Vendor 259,Direct Materials,Raw Metals,3060.94,Central Europe,No Contract
INV-2025-04809,2025-10-14,Vendor 238,Direct Materials,Raw Metals,2863.36,Central Europe,No Contract
INV-2025-04810,2025-08-08,Strategic Partner 14,Facilities & MRO,Office Supplies,17403.16,Central Europe,Active Contract
INV-2025-04811,2025-06-06,Strategic Partner 02,Direct Materials,Polymers,4485.15,Nordics,No Contract
INV-2025-04812,2025-03-05,Vendor 147,Professional Services,Audit,213.17,Central Europe,No Contract
INV-2025-04813,2025-12-16,Vendor 193,Logistics & Freight,Road Transport,11759.11,Nordics,No Contract
INV-2025-04814,2025-10-14,Strategic Partner 12,Direct Materials,Electronic Components,52956.98,Central Europe,No Contract
INV-2025-04815,2025-04-15,Strategic Partner 01,Direct Materials,Electronic Components,26047.94,Central Europe,Active Contract
INV-2025-04816,2025-02-19,Vendor 137,Logistics & Freight,Ocean Freight,7730.71,Central Europe,No Contract
INV-2025-04817,2025-01-31,Strategic Partner 04,Facilities & MRO,Office Supplies,19990.04,North America,Active Contract
INV-2025-04818,2025-10-08,Strategic Partner 16,IT & Software,SaaS Subscriptions,17435.73,Nordics,Active Contract
INV-2025-04819,2025-06-14,Vendor 244,IT & Software,Cloud Infrastructure,265.48,APAC,No Contract
INV-2025-04820,2025-07-14,Strategic Partner 12,Direct Materials,Electronic Components,13616.26,Nordics,Active Contract
INV-2025-04821,2025-04-29,Vendor 005,IT & Software,SaaS Subscriptions,7587.64,Nordics,No Contract
INV-2025-04822,2025-12-25,Strategic Partner 18,IT & Software,Hardware,4016.83,Nordics,Active Contract
INV-2025-04823,2025-03-06,Vendor 094,Direct Materials,Polymers,1083.25,Nordics,Active Contract
INV-2025-04824,2025-07-13,Strategic Partner 24,Professional Services,Audit,23785.2,Nordics,Active Contract
INV-2025-04825,2025-09-11,Strategic Partner 21,Direct Materials,Raw Metals,9121.63,Central Europe,Active Contract
INV-2025-04826,2025-03-18,Strategic Partner 29,Logistics & Freight,Road Transport,118558.44,Nordics,No Contract
INV-2025-04827,2025-03-16,Strategic Partner 26,Facilities & MRO,Maintenance,6394.97,Nordics,No Contract
INV-2025-04828,2025-11-29,Vendor 283,Direct Materials,Raw Metals,790.42,North America,Active Contract
INV-2025-04829,2025-10-31,Strategic Partner 04,Direct Materials,Raw Metals,101930.08,Central Europe,Active Contract
INV-2025-04830,2025-01-16,Strategic Partner 13,IT & Software,Cloud Infrastructure,22437.96,Central Europe,Active Contract
INV-2025-04831,2025-12-25,Strategic Partner 27,IT & Software,SaaS Subscriptions,55401.61,APAC,Active Contract
INV-2025-04832,2025-08-22,Strategic Partner 13,Logistics & Freight,Warehousing,29041.42,APAC,Active Contract
INV-2025-04833,2025-01-11,Strategic Partner 04,Direct Materials,Polymers,4033.89,Central Europe,Active Contract
INV-2025-04834,2025-10-16,Strategic Partner 17,IT & Software,Cloud Infrastructure,10744.69,Nordics,Active Contract
INV-2025-04835,2025-07-18,Strategic Partner 22,Direct Materials,Raw Metals,29758.42,Nordics,Active Contract
INV-2025-04836,2025-08-30,Strategic Partner 08,IT & Software,Hardware,5811.23,Nordics,Active Contract
INV-2025-04837,2025-02-27,Strategic Partner 15,Facilities & MRO,Office Supplies,8737.98,Central Europe,Active Contract
INV-2025-04838,2025-10-14,Strategic Partner 23,Direct Materials,Polymers,16214.47,Nordics,Active Contract
INV-2025-04839,2025-06-21,Strategic Partner 01,Direct Materials,Polymers,42223.09,North America,Active Contract
INV-2025-04840,2025-07-27,Strategic Partner 16,IT & Software,SaaS Subscriptions,18084.34,Nordics,Active Contract
INV-2025-04841,2025-09-13,Vendor 012,Professional Services,Legal,5637.1,Central Europe,No Contract
INV-2025-04842,2025-05-10,Strategic Partner 15,Direct Materials,Raw Metals,13965.86,Nordics,Active Contract
INV-2025-04843,2025-04-08,Strategic Partner 19,Logistics & Freight,Ocean Freight,12338.66,North America,Active Contract
INV-2025-04844,2025-08-10,Strategic Partner 27,Logistics & Freight,Ocean Freight,35170.63,Nordics,Active Contract
INV-2025-04845,2025-02-21,Strategic Partner 19,Logistics & Freight,Warehousing,14439.19,Central Europe,No Contract
INV-2025-04846,2025-10-15,Strategic Partner 23,IT & Software,Cloud Infrastructure,43269.48,Nordics,No Contract
INV-2025-04847,2025-09-04,Strategic Partner 12,Direct Materials,Raw Metals,15521.06,Nordics,Active Contract
INV-2025-04848,2025-05-07,Vendor 046,Facilities & MRO,Office Supplies,10751.61,Nordics,No Contract
INV-2025-04849,2025-09-10,Strategic Partner 21,Direct Materials,Polymers,65215.84,Nordics,Active Contract
INV-2025-04850,2025-09-03,Strategic Partner 21,Professional Services,Management Consulting,10524.72,North America,Active Contract
INV-2025-04851,2025-04-25,Strategic Partner 19,Direct Materials,Electronic Components,14834.28,Nordics,No Contract
INV-2025-04852,2025-01-05,Strategic Partner 28,Direct Materials,Raw Metals,14805.15,Central Europe,Active Contract
INV-2025-04853,2025-11-22,Strategic Partner 10,Direct Materials,Raw Metals,19366.62,APAC,Active Contract
INV-2025-04854,2025-01-30,Strategic Partner 29,Logistics & Freight,Ocean Freight,76790.08,North America,Active Contract
INV-2025-04855,2025-05-21,Vendor 009,Logistics & Freight,Ocean Freight,1276.17,Nordics,No Contract
INV-2025-04856,2025-09-17,Vendor 041,Direct Materials,Raw Metals,1537.1,Central Europe,Active Contract
INV-2025-04857,2025-02-11,Strategic Partner 13,Direct Materials,Electronic Components,12677.57,Nordics,Active Contract
INV-2025-04858,2025-12-10,Strategic Partner 28,Facilities & MRO,Office Supplies,3855.5,Central Europe,Active Contract
INV-2025-04859,2025-06-25,Vendor 043,Professional Services,Audit,2286.48,Nordics,Active Contract
INV-2025-04860,2025-02-27,Strategic Partner 16,IT & Software,Cloud Infrastructure,55043.47,APAC,Active Contract
INV-2025-04861,2025-04-09,Strategic Partner 03,Direct Materials,Raw Metals,6460.7,Nordics,Active Contract
INV-2025-04862,2025-09-27,Vendor 147,Direct Materials,Electronic Components,982.23,Nordics,No Contract
INV-2025-04863,2025-10-30,Strategic Partner 29,Direct Materials,Raw Metals,37656.91,Nordics,Active Contract
INV-2025-04864,2025-05-25,Vendor 294,IT & Software,Cloud Infrastructure,1621.75,Central Europe,No Contract
INV-2025-04865,2025-12-18,Vendor 162,Direct Materials,Raw Metals,565.84,Central Europe,No Contract
INV-2025-04866,2025-05-18,Vendor 137,Direct Materials,Polymers,819.78,Nordics,No Contract
INV-2025-04867,2025-02-26,Strategic Partner 17,Logistics & Freight,Warehousing,41861.79,Nordics,Active Contract
INV-2025-04868,2025-09-25,Strategic Partner 01,IT & Software,Hardware,22649.73,Central Europe,Active Contract
INV-2025-04869,2025-02-16,Strategic Partner 10,Direct Materials,Polymers,16297.62,Central Europe,No Contract
INV-2025-04870,2025-12-30,Strategic Partner 06,Direct Materials,Electronic Components,5735.44,North America,Active Contract
INV-2025-04871,2025-08-02,Strategic Partner 04,Direct Materials,Raw Metals,73104.16,North America,Active Contract
INV-2025-04872,2025-09-13,Strategic Partner 11,Professional Services,Legal,8723.11,Central Europe,No Contract
INV-2025-04873,2025-07-27,Strategic Partner 26,Facilities & MRO,Cleaning Services,45483.58,Nordics,Active Contract
INV-2025-04874,2025-10-13,Vendor 264,Direct Materials,Polymers,773.41,Central Europe,Active Contract
INV-2025-04875,2025-11-08,Strategic Partner 20,IT & Software,Cloud Infrastructure,38823.09,Nordics,Active Contract
INV-2025-04876,2025-01-05,Vendor 010,Direct Materials,Raw Metals,4110.33,APAC,No Contract
INV-2025-04877,2025-11-10,Strategic Partner 27,Direct Materials,Polymers,9882.34,Nordics,Active Contract
INV-2025-04878,2025-10-14,Vendor 088,Direct Materials,Polymers,4476.86,Nordics,No Contract
INV-2025-04879,2025-06-13,Strategic Partner 04,Logistics & Freight,Warehousing,6988.64,Central Europe,Active Contract
INV-2025-04880,2025-04-18,Vendor 031,Direct Materials,Electronic Components,3863.17,Nordics,No Contract
INV-2025-04881,2025-04-16,Strategic Partner 01,Logistics & Freight,Ocean Freight,35859.21,Nordics,Active Contract
INV-2025-04882,2025-07-15,Strategic Partner 17,Logistics & Freight,Ocean Freight,8377.77,Central Europe,No Contract
INV-2025-04883,2025-10-20,Strategic Partner 08,IT & Software,Hardware,25154.26,Central Europe,Active Contract
INV-2025-04884,2025-06-28,Strategic Partner 27,Logistics & Freight,Ocean Freight,33855.12,North America,Active Contract
INV-2025-04885,2025-11-02,Strategic Partner 04,Logistics & Freight,Road Transport,12612.88,Nordics,Active Contract
INV-2025-04886,2025-12-17,Strategic Partner 27,Direct Materials,Raw Metals,5658.45,Nordics,Active Contract
INV-2025-04887,2025-05-21,Strategic Partner 17,Professional Services,Legal,3683.51,Nordics,Active Contract
INV-2025-04888,2025-04-15,Strategic Partner 14,Direct Materials,Polymers,9890.3,Nordics,Active Contract
INV-2025-04889,2025-12-06,Strategic Partner 17,Facilities & MRO,Cleaning Services,13544.23,Central Europe,Active Contract
INV-2025-04890,2025-01-10,Strategic Partner 06,Professional Services,Audit,44765.93,North America,Active Contract
INV-2025-04891,2025-05-10,Vendor 052,Logistics & Freight,Road Transport,1337.7,Nordics,Active Contract
INV-2025-04892,2025-03-08,Strategic Partner 16,Logistics & Freight,Warehousing,11421.94,Nordics,Active Contract
INV-2025-04893,2025-06-03,Strategic Partner 21,Direct Materials,Raw Metals,3216.9,Central Europe,Active Contract
INV-2025-04894,2025-07-27,Vendor 187,Professional Services,Management Consulting,1416.08,Central Europe,No Contract
INV-2025-04895,2025-06-25,Strategic Partner 30,Professional Services,Legal,4339.81,North America,Active Contract
INV-2025-04896,2025-07-22,Vendor 298,Direct Materials,Polymers,625.76,Nordics,No Contract
INV-2025-04897,2025-01-13,Strategic Partner 07,Direct Materials,Raw Metals,40779.05,Central Europe,Active Contract
INV-2025-04898,2025-02-08,Strategic Partner 02,IT & Software,Cloud Infrastructure,26022.65,Nordics,Active Contract
INV-2025-04899,2025-01-12,Strategic Partner 10,Direct Materials,Polymers,46657.41,Nordics,Active Contract
INV-2025-04900,2025-05-08,Strategic Partner 22,IT & Software,Hardware,11033.99,Central Europe,Active Contract
INV-2025-04901,2025-02-17,Strategic Partner 24,Logistics & Freight,Road Transport,55961.35,Central Europe,Active Contract
INV-2025-04902,2025-10-12,Strategic Partner 21,Logistics & Freight,Ocean Freight,21225.28,Nordics,Active Contract
INV-2025-04903,2025-10-22,Strategic Partner 10,Logistics & Freight,Warehousing,7809.52,Central Europe,Active Contract
INV-2025-04904,2025-01-05,Strategic Partner 04,Direct Materials,Polymers,33312.39,Central Europe,Active Contract
INV-2025-04905,2025-08-12,Vendor 268,Direct Materials,Polymers,1312.76,APAC,No Contract
INV-2025-04906,2025-04-14,Strategic Partner 02,Professional Services,Management Consulting,27731.03,Central Europe,Active Contract
INV-2025-04907,2025-10-31,Strategic Partner 18,Professional Services,Audit,5651.45,APAC,Active Contract
INV-2025-04908,2025-02-03,Strategic Partner 19,IT & Software,Cloud Infrastructure,9652.55,Central Europe,Active Contract
INV-2025-04909,2025-11-03,Strategic Partner 15,Logistics & Freight,Ocean Freight,37212.36,Nordics,Active Contract
INV-2025-04910,2025-05-22,Vendor 039,Direct Materials,Electronic Components,4262.74,Central Europe,No Contract
INV-2025-04911,2025-03-06,Vendor 137,Direct Materials,Electronic Components,2580.57,Nordics,No Contract
INV-2025-04912,2025-04-07,Strategic Partner 14,Direct Materials,Polymers,4469.14,Nordics,Active Contract
INV-2025-04913,2025-06-02,Vendor 286,Direct Materials,Electronic Components,1155.77,Nordics,No Contract
INV-2025-04914,2025-02-11,Strategic Partner 05,Professional Services,Legal,49698.93,Nordics,Active Contract
INV-2025-04915,2025-11-08,Vendor 135,Direct Materials,Raw Metals,239.79,Nordics,No Contract
INV-2025-04916,2025-02-01,Strategic Partner 30,IT & Software,Hardware,15789.54,Nordics,Active Contract
INV-2025-04917,2025-04-29,Strategic Partner 22,Logistics & Freight,Ocean Freight,30649.02,Nordics,Active Contract
INV-2025-04918,2025-05-04,Vendor 194,Professional Services,Audit,2188.03,APAC,No Contract
INV-2025-04919,2025-08-08,Strategic Partner 22,Direct Materials,Raw Metals,45715.45,APAC,Active Contract
INV-2025-04920,2025-05-29,Strategic Partner 09,Direct Materials,Raw Metals,3547.64,Nordics,Active Contract
INV-2025-04921,2025-09-04,Strategic Partner 16,Logistics & Freight,Warehousing,36999.2,North America,Active Contract
INV-2025-04922,2025-10-05,Vendor 203,Direct Materials,Raw Metals,2315.94,Central Europe,Active Contract
INV-2025-04923,2025-11-20,Strategic Partner 18,Direct Materials,Electronic Components,23406.8,Nordics,Active Contract
INV-2025-04924,2025-12-27,Strategic Partner 24,Direct Materials,Electronic Components,156090.13,Central Europe,Active Contract
INV-2025-04925,2025-08-08,Strategic Partner 14,Professional Services,Audit,32247.6,North America,Active Contract
INV-2025-04926,2025-02-16,Strategic Partner 26,Professional Services,Audit,31947.95,North America,Active Contract
INV-2025-04927,2025-11-10,Strategic Partner 24,Direct Materials,Polymers,10158.0,Nordics,Active Contract
INV-2025-04928,2025-01-24,Strategic Partner 06,Direct Materials,Electronic Components,25984.72,Central Europe,Active Contract
INV-2025-04929,2025-11-02,Strategic Partner 26,Logistics & Freight,Road Transport,27027.41,Central Europe,Active Contract
INV-2025-04930,2025-05-27,Strategic Partner 08,Direct Materials,Raw Metals,18049.19,Central Europe,Active Contract
INV-2025-04931,2025-03-13,Strategic Partner 26,Logistics & Freight,Warehousing,43396.04,Central Europe,Active Contract
INV-2025-04932,2025-07-24,Strategic Partner 02,Logistics & Freight,Road Transport,7743.44,Central Europe,Active Contract
INV-2025-04933,2025-05-26,Strategic Partner 15,Logistics & Freight,Warehousing,57922.28,Nordics,Active Contract
INV-2025-04934,2025-10-06,Vendor 136,Logistics & Freight,Road Transport,1356.6,Nordics,No Contract
INV-2025-04935,2025-10-17,Vendor 265,Direct Materials,Raw Metals,2377.84,North America,No Contract
INV-2025-04936,2025-01-23,Strategic Partner 09,Direct Materials,Raw Metals,68654.54,Nordics,Active Contract
INV-2025-04937,2025-08-28,Vendor 158,Direct Materials,Polymers,179.68,Nordics,No Contract
INV-2025-04938,2025-05-19,Strategic Partner 18,Direct Materials,Polymers,37332.98,Nordics,Active Contract
INV-2025-04939,2025-04-26,Strategic Partner 30,Direct Materials,Raw Metals,13445.63,North America,Active Contract
INV-2025-04940,2025-05-11,Strategic Partner 19,Direct Materials,Electronic Components,14399.09,APAC,Active Contract
INV-2025-04941,2025-11-13,Strategic Partner 02,Direct Materials,Electronic Components,27170.62,Nordics,Active Contract
INV-2025-04942,2025-06-01,Strategic Partner 18,Logistics & Freight,Road Transport,11001.04,Nordics,Active Contract
INV-2025-04943,2025-12-29,Strategic Partner 03,Professional Services,Management Consulting,11938.24,Nordics,Active Contract
INV-2025-04944,2025-04-15,Strategic Partner 24,Facilities & MRO,Cleaning Services,61345.42,APAC,Active Contract
INV-2025-04945,2025-01-29,Strategic Partner 09,Facilities & MRO,Office Supplies,7794.4,Nordics,Active Contract
INV-2025-04946,2025-09-25,Strategic Partner 18,Logistics & Freight,Warehousing,51610.74,North America,Active Contract
INV-2025-04947,2025-09-21,Vendor 260,Direct Materials,Electronic Components,1761.03,Central Europe,No Contract
INV-2025-04948,2025-08-23,Strategic Partner 25,Professional Services,Management Consulting,16511.71,North America,Active Contract
INV-2025-04949,2025-03-22,Strategic Partner 20,Direct Materials,Electronic Components,49054.72,Nordics,Active Contract
INV-2025-04950,2025-09-12,Vendor 078,Professional Services,Audit,8337.4,North America,No Contract
INV-2025-04951,2025-02-14,Strategic Partner 05,Facilities & MRO,Maintenance,5588.35,Central Europe,Active Contract
INV-2025-04952,2025-08-21,Strategic Partner 12,Direct Materials,Electronic Components,80145.48,Nordics,Active Contract
INV-2025-04953,2025-02-07,Strategic Partner 20,Professional Services,Legal,20506.1,Central Europe,Active Contract
INV-2025-04954,2025-11-15,Vendor 268,Direct Materials,Raw Metals,1562.88,Nordics,No Contract
INV-2025-04955,2025-03-26,Strategic Partner 03,Logistics & Freight,Ocean Freight,14749.04,North America,Active Contract
INV-2025-04956,2025-08-12,Strategic Partner 27,IT & Software,Cloud Infrastructure,74921.16,Nordics,Active Contract
INV-2025-04957,2025-02-17,Strategic Partner 19,Direct Materials,Raw Metals,12783.39,North America,Active Contract
INV-2025-04958,2025-04-13,Vendor 252,Professional Services,Legal,2095.25,Nordics,No Contract
INV-2025-04959,2025-06-29,Strategic Partner 11,Professional Services,Management Consulting,11524.92,Central Europe,Active Contract
INV-2025-04960,2025-12-06,Vendor 260,Direct Materials,Polymers,1335.3,Nordics,No Contract
INV-2025-04961,2025-12-12,Strategic Partner 28,IT & Software,Hardware,45617.82,Central Europe,Active Contract
INV-2025-04962,2025-10-31,Vendor 236,Direct Materials,Electronic Components,1827.28,Nordics,Active Contract
INV-2025-04963,2025-09-28,Strategic Partner 19,Direct Materials,Polymers,24176.94,Nordics,No Contract
INV-2025-04964,2025-11-07,Strategic Partner 20,Direct Materials,Electronic Components,13215.4,Nordics,No Contract
INV-2025-04965,2025-08-02,Vendor 248,Direct Materials,Raw Metals,1177.69,Nordics,No Contract
INV-2025-04966,2025-04-17,Strategic Partner 12,Logistics & Freight,Ocean Freight,20962.0,Nordics,Active Contract
INV-2025-04967,2025-05-20,Strategic Partner 20,IT & Software,SaaS Subscriptions,5709.33,Nordics,Active Contract
INV-2025-04968,2025-11-11,Strategic Partner 08,Direct Materials,Polymers,36330.79,North America,Active Contract
INV-2025-04969,2025-02-11,Strategic Partner 10,Direct Materials,Polymers,17499.46,Central Europe,Active Contract
INV-2025-04970,2025-09-26,Strategic Partner 28,Direct Materials,Raw Metals,3217.03,North America,Active Contract
INV-2025-04971,2025-01-13,Vendor 118,Logistics & Freight,Warehousing,3017.83,Nordics,No Contract
INV-2025-04972,2025-08-01,Strategic Partner 03,IT & Software,Cloud Infrastructure,20312.9,Nordics,Active Contract
INV-2025-04973,2025-04-10,Vendor 237,Direct Materials,Electronic Components,10982.46,Nordics,No Contract
INV-2025-04974,2025-11-07,Strategic Partner 28,Direct Materials,Electronic Components,48090.7,APAC,Active Contract
INV-2025-04975,2025-10-26,Strategic Partner 17,Facilities & MRO,Cleaning Services,54554.66,Central Europe,Active Contract
INV-2025-04976,2025-02-10,Strategic Partner 25,IT & Software,SaaS Subscriptions,133663.5,Central Europe,Active Contract
INV-2025-04977,2025-07-15,Vendor 222,Direct Materials,Electronic Components,1669.67,North America,No Contract
INV-2025-04978,2025-10-03,Strategic Partner 10,Logistics & Freight,Road Transport,16769.26,Nordics,Active Contract
INV-2025-04979,2025-08-17,Strategic Partner 27,IT & Software,Cloud Infrastructure,44009.27,Nordics,Active Contract
INV-2025-04980,2025-09-16,Strategic Partner 20,Professional Services,Audit,23325.08,North America,Active Contract
INV-2025-04981,2025-01-11,Strategic Partner 30,IT & Software,SaaS Subscriptions,6164.68,Central Europe,Active Contract
INV-2025-04982,2025-02-04,Strategic Partner 23,Direct Materials,Raw Metals,9562.3,APAC,Active Contract
INV-2025-04983,2025-06-27,Strategic Partner 22,IT & Software,Hardware,47180.34,Nordics,Active Contract
INV-2025-04984,2025-03-30,Strategic Partner 09,Direct Materials,Polymers,110365.38,Nordics,Active Contract
INV-2025-04985,2025-04-12,Vendor 107,Logistics & Freight,Road Transport,1188.18,Central Europe,No Contract
INV-2025-04986,2025-04-18,Strategic Partner 09,Direct Materials,Electronic Components,3145.94,North America,Active Contract
INV-2025-04987,2025-03-06,Strategic Partner 30,Direct Materials,Raw Metals,29964.24,North America,Active Contract
INV-2025-04988,2025-08-25,Vendor 292,IT & Software,SaaS Subscriptions,5178.72,Nordics,No Contract
INV-2025-04989,2025-05-24,Strategic Partner 30,Logistics & Freight,Road Transport,21040.72,Central Europe,Active Contract
INV-2025-04990,2025-11-03,Strategic Partner 01,Logistics & Freight,Warehousing,6344.74,Nordics,Active Contract
INV-2025-04991,2025-04-04,Strategic Partner 06,Facilities & MRO,Office Supplies,7963.69,Nordics,Active Contract
INV-2025-04992,2025-10-01,Vendor 173,Professional Services,Legal,5160.26,Central Europe,No Contract
INV-2025-04993,2025-01-31,Strategic Partner 04,Facilities & MRO,Office Supplies,27647.19,North America,Active Contract
INV-2025-04994,2025-06-28,Vendor 219,Direct Materials,Raw Metals,1421.22,Central Europe,No Contract
INV-2025-04995,2025-03-04,Strategic Partner 09,Direct Materials,Polymers,12795.34,North America,Active Contract
INV-2025-04996,2025-06-06,Strategic Partner 03,IT & Software,Hardware,34667.7,APAC,No Contract
INV-2025-04997,2025-10-03,Vendor 079,IT & Software,Cloud Infrastructure,3499.48,North America,Active Contract
INV-2025-04998,2025-05-21,Strategic Partner 08,IT & Software,Hardware,105387.55,Nordics,Active Contract
INV-2025-04999,2025-06-28,Strategic Partner 18,Logistics & Freight,Road Transport,113903.85,North America,Active Contract
INV-2025-05000,2025-02-04,Strategic Partner 11,Logistics & Freight,Road Transport,12447.91,Central Europe,Active Contract
